cliente,real,lineal,polinomial,ridge,lasso,elastic_net
1024-GUALD,24.8,24.96102051901655,24.959785340686196,24.9815488506649,26.354241780233224,30.31199017638481
0484-JPBRU,25.25,24.98849554320933,24.989563045664703,25.00117690776092,25.43549897614924,27.65605740093595
3620-EHIMZ,19.35,19.91703089325737,19.91811934625998,19.92153041101977,20.481729598996846,21.277654977804858
6910-HADCM,76.35,74.99230732330675,74.99114324707452,74.98418356541725,74.91352846224262,73.4129747170649
8587-XYZSF,50.55,50.002768353505125,50.00232597047598,50.00956276101419,49.98130990173515,51.90206607872064
6818-WOBHJ,89.6,89.8796297699435,89.8783423416993,89.88198506978254,89.8759516436271,89.82789598963285
3082-YVEKW,77.15,75.04364391593872,75.04519337790157,75.04201167130248,74.3590953690949,74.56391668146941
4737-AQCPU,72.1,70.08379233497989,70.08246512804843,70.08192226190673,69.40170196768182,70.17316160279196
4853-RULSV,104.0,104.97527804068244,104.97431669460181,104.9625836466826,104.52647223028922,102.30801731253524
5766-ZJYBB,19.4,19.990172162080214,19.98887482313286,19.98860057261469,20.343417902594886,20.18900528821994
2668-TZSPS,20.45,19.990172162080214,19.98887482313286,19.98860057261469,20.343417902594886,20.18900528821994
3192-LNKRK,84.05,84.96220345158807,84.96348910711092,84.95628829230891,84.89559073120142,83.28849260642605
5315-CKEQK,51.0,49.95512376092862,49.95593892706748,49.97126570271148,50.07553304830495,53.51302127659338
5914-DVBWJ,85.45,84.9544174533136,84.95522310021687,84.95137278207814,84.67938908888758,83.91887425770872
7998-ZLXWN,20.45,20.01410635790567,20.014443595267707,20.019569287664254,20.38138581925425,20.983359100568215
6328-ZPBGN,95.15,94.89071746763415,94.89067268726265,94.88533016370792,94.8116490926634,93.25689524557926
9530-EHPOH,53.75,55.05411248264808,55.054172014742235,55.06223153180951,54.87916948627808,56.91345108787415
1853-UDXBW,70.0,69.95373910141194,69.95253310871215,69.94982571781932,70.06378812546885,69.41124930230137
2672-TGEFF,88.8,89.92847268764481,89.92975111979078,89.92777956755953,89.83987304392315,89.25422016580927
1902-XBTFB,89.4,89.95335514241626,89.95439536848804,89.94684229654752,89.66533215832001,88.30370662510586
1640-PLFMP,70.25,69.96142085385083,69.96032388105593,69.95820430592671,70.06378812546885,69.49136413042542
3679-XASPY,19.45,19.95877448931501,19.957364887771455,19.962250970215514,20.343417902594886,20.982974884390757
7356-IWLFW,80.0,79.95033413152773,79.9512968490261,79.95022610044587,79.97171452494243,79.79502938823049
9036-CSKBW,107.45,109.94732606351673,109.9476394391219,109.93184074589712,109.34335963858801,106.15741050130768
8952-WCVCD,104.45,104.93288793871798,104.93387047946713,104.92062831754731,104.33263838644658,101.40786287569846
2100-BDNSN,67.95,70.05898184246675,70.05820402683833,70.0589426047317,69.53907438466396,69.68064063835
2869-ADAWR,89.3,89.98238384137332,89.98348771612834,89.98018488368331,89.86156899629992,89.10776525939883
5832-EXGTT,60.2,59.98281678200266,59.984069145269984,59.985762148790236,59.7104220719133,60.2292071375926
9402-ORRAH,91.5,89.87622942321573,89.87671736923214,89.87328524913855,89.83889575718133,88.50545471795411
4967-WPNCF,63.7,64.94488435537131,64.94360007754852,64.9507919385087,65.49077425393484,67.02828997750252
8033-VCZGH,103.95,104.95687143507519,104.95729615770607,104.95043340676264,104.53836228885717,102.88666559815822
9392-XBGTD,20.6,19.93126813528736,19.932966620162983,19.931245665056878,20.413929747819413,20.66639683730257
0078-XZMHT,85.15,84.94902320513701,84.94776855072132,84.95302044735331,84.36763659115176,85.62867135504189
0743-HNPFG,69.75,69.98015730020346,69.98056970173836,69.98045744697416,69.35598169389706,69.69072931007162
5334-JLAXU,94.1,94.98057864660561,94.98044829954031,94.97534553368142,94.62546078283351,93.240445702291
5696-EXCYS,19.45,19.991840234307098,19.99304124296537,19.993683299301942,20.386809807348442,20.954230928830412
2569-WGERO,21.15,19.93025001410391,19.928921881196068,19.941985399486384,20.535969479938792,23.06463225789262
5219-YIPTK,104.4,104.91306792150527,104.91443573452027,104.90962265462778,104.52333865415707,103.11190278657813
5553-AOINX,104.9,104.83983675533426,104.83845414884729,104.83780036827724,104.61283445771127,104.02399277588137
5502-RLUYV,103.95,104.88443074376472,104.88294252709952,104.8822601208502,104.62097043985258,103.91155929651902
2058-DCJBE,69.75,69.97320205719555,69.97268295975846,69.97053624256853,70.07463610165723,69.5891365552495
2293-IJWPS,100.75,99.92619769633438,99.92594935497547,99.92316960212159,99.78614115560367,98.80025390146383
7130-VTEWQ,75.75,74.95133502129163,74.951076657431,74.95234595665083,75.06637339546899,75.16109770414701
0080-EMYVY,51.45,50.00950298727085,50.0096685748517,50.012509221651065,49.85624917565887,50.99878306984892
0148-DCDOS,94.7,94.91833160111867,94.9193742256316,94.91337457274501,94.84961700932277,93.37179443881598
9170-ARBTB,19.6,19.957719448886827,19.957776859662822,19.9651903688006,20.481729598996846,21.76591722104799
2070-FNEXE,76.45,75.01019639337733,75.00977692207493,74.99913310327436,74.85126518133461,72.51258084534922
5364-EVNIB,79.8,79.98316305935512,79.98365352771977,79.97866925447974,79.74835774649154,78.9069498334772
1112-CUNAO,89.85,89.89087300196192,89.89134175981488,89.88487999807273,89.73221595913094,88.18831497181357
4576-CSAJH,55.15,55.025068605773335,55.02590420610181,55.02910375965936,54.66155552529952,56.039076544520704
9967-ATRFS,19.9,19.974682759690143,19.975384452832834,19.977538842938973,20.392233795442635,20.628981199928308
1360-RCYRT,30.35,29.966801648696553,29.96765529159064,29.984118052514425,31.197516046533238,34.4260467525513
5038-ETMLM,113.65,114.94630587671728,114.94505525915017,114.93195684517255,114.18392191084094,111.47935243887859
5663-QBGIS,98.35,99.86368005603956,99.86231967786225,99.85720255434617,99.77936608522009,98.3388681771781
4194-WHFCB,96.65,94.89049784070033,94.89035217700783,94.88554113197958,94.6351540944671,93.37902656394782
9481-WHGWY,75.35,74.98643886789351,74.98537615805671,74.98315797725088,74.49779069051276,74.17526223216535
5453-YBTWV,101.1,100.01742926264285,100.01654013451137,100.00257685798563,99.35032336142774,96.8913247186123
2018-PZKMU,103.1,99.93236576314979,99.9321059407109,99.91693061441532,99.4559745269364,96.05170568287838
9277-JOOMO,24.6,24.985992155838765,24.984907125790787,24.98605731010616,25.332443202359546,25.50921903726388
3629-ZNKXA,101.8,99.89965717374065,99.90039969257603,99.89304685428871,99.49634543773305,97.67660935894568
0369-ZGOVK,70.4,69.91435283402161,69.91521498828074,69.91247551880736,70.13701196474047,69.60755709001411
3604-WLABM,54.25,55.047614912425736,55.04764368422456,55.05148898648098,54.67646657782439,55.69639858232877
4063-EIKNQ,20.95,19.97474566794189,19.974573398611046,19.977847351487185,20.370537843065858,20.8052913622683
2878-RMWXY,102.65,99.96248382657822,99.9612570019404,99.95527907752216,99.50774504817247,98.3708744459833
9540-JYROE,70.1,69.97150147130975,69.97135876612282,69.96466599089102,70.08277208379852,68.7883814495727
7515-LODFU,20.3,19.96555692503951,19.964648841382683,19.974639970269855,20.5278334977975,22.452576745191024
1839-FBNFR,19.85,19.915675138880076,19.91743732888171,19.92519494350259,20.44647367638458,22.17789492496989
5397-NSKQG,50.9,49.93974299640635,49.93902122677314,49.948698742023424,51.041578193977955,52.858942564745206
1755-FZQEC,19.9,19.956185914225664,19.95706488971851,19.960028973166754,20.44647367638458,21.07630182838157
2160-GPFXD,65.65,65.05593984656106,65.0570455436955,65.05839277450193,64.50314573806028,65.81157510444413
4415-IJZTP,74.5,74.97003337796647,74.96885725342312,74.96751668719476,75.0473894371393,74.76269166705731
9880-TDQAC,60.0,59.854929606105415,59.8535802123742,59.86847535890003,60.71956916235166,63.53489087760727
5138-WVKYJ,98.55,99.97776265575986,99.97766011194099,99.9633352678264,99.5801421901995,96.49663079813112
8844-TONUD,96.65,94.9061516144395,94.90637430562369,94.89415935929841,94.68321210586092,91.96270603384615
0080-OROZO,99.25,99.89814073418063,99.89920679683479,99.89008017517469,99.52648637216093,97.49183026442292
0953-LGOVU,35.5,34.962568867421666,34.9626538335475,34.96908147744203,35.96996946769892,37.37379961065075
5325-UWTWJ,90.55,90.0719154509544,90.07330431482481,90.06216387303795,89.48585010308304,87.42279510186242
1074-AMIOH,108.25,104.89811821472078,104.89860573028366,104.88855387792275,104.37758762069242,101.90574561370067
5906-BFOZT,19.5,19.980228974501994,19.9789963885637,19.982338576203553,20.343417902594886,20.955035775951032
7026-YMSBE,19.7,19.95770290474421,19.958590027404423,19.960337769062487,20.422065729960707,20.856313872527387
6572-ADKRS,74.8,75.00990159908895,75.01098600411981,75.01061324406436,75.035568194362,74.85683039988425
5922-ABDVO,89.65,89.93953150418835,89.94025163235,89.9299697414253,89.79051891640937,87.4378928842086
6475-VHUIZ,54.25,55.047855745773454,55.04893396960114,55.05548679942775,54.71172250043665,56.01433944835881
1324-NLTJE,55.0,55.052045322946114,55.052416267773836,55.05809260655151,54.82388752295656,56.2074902850851
4361-FEBGN,20.15,19.98661504474321,19.98807194686247,19.992841102090416,20.470881622808456,21.71196722121704
8393-DLHGA,95.9,94.87231471534052,94.87348170437642,94.86511552114443,94.66830105333605,92.87691352709989
6769-DCQLI,105.0,104.90329818759143,104.9036740861111,104.89183371193924,104.37487562664533,101.91987583995157
3018-TFTSU,81.7,80.06027079925812,80.06045905654385,80.04682499212245,79.71456548834388,77.09513315710232
2324-AALNO,24.55,24.957222251143918,24.957580813698193,24.965693862503095,25.454482934478925,27.01958716097986
2300-RQGOI,20.05,19.93952783007807,19.94141565129833,19.942933529092958,20.443761682337485,21.015566319044627
6133-OZILE,35.2,34.99106815322893,34.99177571765625,35.00923301205408,36.03369641307154,39.49370170819848
7605-SNLQG,50.25,50.05492495435884,50.05605226605088,50.07033660500368,49.98777597220892,52.81728555114715
5348-CAGXB,89.55,89.99585627092051,89.99604301762895,89.99191700211381,89.81952817383575,88.97627105894443
0201-MIBOL,102.4,99.90165542777444,99.90124505681342,99.89529399631485,99.73201385683694,98.35883104406618
7083-MIOPC,20.25,19.970114315340773,19.968742147291447,19.97781271735385,20.535969479938792,22.29860177016153
0562-KBDVM,44.6,44.99807923546827,44.99719055333833,45.009185272772775,45.748210550787526,48.53482095809364
1173-NOEYG,90.15,89.94457929284599,89.94565581829133,89.93899359998358,89.81221486878616,88.08540757396896
7698-YFGEZ,20.0,19.990172162080214,19.98887482313286,19.98860057261469,20.343417902594886,20.18900528821994
9061-TIHDA,95.25,94.90006651956298,94.90028328714044,94.89814711032085,94.81707308075761,93.72807652752574
0016-QLJIS,90.45,89.96094307678453,89.96074568158059,89.95611303686185,89.11985772440526,88.76070331396555
7296-PIXQY,70.2,69.9490356591104,69.94935627760904,69.9448761026908,70.09904404808111,68.96297919524855
9102-IAYHT,85.45,84.88760785044981,84.888148401168,84.88600269126118,84.9353545915414,84.26118519597611
6447-EGDIV,20.95,19.94507892888918,19.945979041445977,19.948298574346538,20.424777724007804,20.88075697873341
3460-TJBWI,24.2,24.942818364783697,24.944306270941553,24.94417266784888,25.38939507734859,25.864575540668184
3744-ZBHON,20.2,19.978574554102735,19.97757428231146,19.98281225468044,20.34884189068908,21.11197592492685
1092-GANHU,76.65,74.99212268504853,74.99288191576483,74.99084894122359,74.95692036699617,74.57009490409231
3948-KXDUF,68.75,70.07501972212546,70.07473871967528,70.07369986337585,69.38543000339924,70.1066177936799
7284-ZZLOH,53.3,55.097532021043676,55.09929078752704,55.1012544204589,54.758981063792106,55.80882002057186
6745-JEFZB,91.5,90.02299251406728,90.02426995192889,90.01903047661891,89.81577409740908,88.50760546577398
2606-PKWJB,40.25,39.97999697453978,39.98085484060235,39.98312419601277,40.817110392600824,41.851883459354255
1624-WOIWJ,84.7,85.00514808202524,85.00520342142934,84.99169883414736,84.7519676288805,81.92973066718892
8777-PVYGU,64.3,65.03628569880799,65.03665270994824,65.0409141323002,64.67053148752638,65.58733896401412
4770-QAZXN,19.45,20.012011425035283,20.012173180038594,20.015883357310415,20.37596183116005,20.934292402804395
8012-SOUDQ,90.25,89.93008005926387,89.93127767780413,89.9321730309689,89.85614500820574,89.70829792481702
5546-BYZSM,20.45,19.972169483024416,19.97331028087266,19.983204913022796,20.451897664478775,22.04081396075562
0523-VNGTF,50.5,49.95246327054282,49.953069495591855,49.97222808722968,50.820756031761185,54.243763116310014
3779-OSWCF,93.2,90.02876149134951,90.02763930805958,90.02399226291908,89.13612968868784,88.67359661705864
8535-SFUTN,106.45,104.98016647045424,104.97984658528534,104.97485854450655,104.56819422337524,103.19690077673981
2320-SLKMB,44.45,45.01912042241163,45.02019626992244,45.03372471474035,45.94795883085291,48.5241961229143
7169-YWAMK,68.4,70.01859370457392,70.0172874169177,70.01526857260455,69.46092678464217,69.47125714103983
8434-PNQZX,78.45,79.97874733433164,79.98055321896373,79.982436914083,79.4839914140551,80.46057032930051
4981-FLTMF,65.2,65.05495322969439,65.05499656462597,65.05710290540289,64.51128172020158,65.19670783412917
9424-CMPOG,19.6,19.93673415819897,19.93707821245762,19.93441064098901,20.365113854971664,20.22660141094598
3627-FCRDW,71.0,69.97001560541256,69.96992750217592,69.9650346914626,70.08548407784562,68.9208784923425
1518-OMDIK,44.55,45.04845974785883,45.04985201392073,45.06324310093592,45.10549170686997,47.836327202304346
8393-JMVMB,19.45,19.990172162080214,19.98887482313286,19.98860057261469,20.343417902594886,20.18900528821994
7638-QVMVY,79.0,79.95468781608449,79.95438367478695,79.95059330328117,79.97262655515601,78.89508691691186
6140-QNRQQ,71.55,69.97268135282417,69.97158319812081,69.96415615015144,70.06378812546885,68.61727970613056
7969-FFOWG,19.9,19.92729510608355,19.92694727605494,19.9319892340877,20.51698552160911,21.595415358483123
1342-JPNKI,86.05,84.98045140034144,84.98036372979462,84.97500293958596,84.96436384896778,83.81762918797915
7080-TNUWP,95.0,94.95649843349211,94.95460425663882,94.9538170437987,94.77910918425115,94.36512297860455
8949-JTMAY,98.6,99.9560663572938,99.95725670171186,99.9506078896398,99.71020532228495,98.15720793801064
0654-HMSHN,104.4,104.91491996879483,104.91572316216482,104.90398823555265,104.49079472559191,101.97225971089895
2725-KXXWT,90.75,89.91099512463249,89.90982821736424,89.90374843268634,89.80092784052196,87.93612742277405
2439-QKJUL,20.25,19.98949794407197,19.988774055882644,19.988913339189452,20.354265878783274,20.286777713044025
1935-IMVBB,89.7,89.91047289221774,89.91069721550485,89.90323461273664,89.95008751311232,87.6403833520792
4628-WQCQQ,85.15,84.93321660081487,84.93420461186511,84.92947749548767,84.89830272524853,84.14529815590802
3724-BSCVH,20.45,19.940936820993585,19.94040042301964,19.939590488540652,20.36782584901876,20.287336920282925
7605-BDWDC,49.85,49.924118097479095,49.92610093959659,49.93101030229814,50.63727569582548,52.08141739943481
7137-RYLPP,85.7,84.95561269320537,84.95687596959614,84.96016239686145,85.0375876882394,85.1271924187237
3207-OYBWH,95.25,94.91488257269685,94.91501779603632,94.91519894261177,94.69586004588282,94.24666289573719
4707-YNOQA,25.6,24.95942276646135,24.96018280277997,24.969404785185855,25.416515017819563,27.363299333702606
6956-SMUCM,99.0,100.00399710205832,100.00309775414695,99.98746690471214,99.42729725697313,96.08575849597608
8714-CTZJW,82.85,84.95738940648366,84.9566604282713,84.94860482255045,84.76623769403244,83.01773859697792
3662-FXJFO,20.5,19.926887770466877,19.92798315293263,19.935465405915632,20.48715358709104,22.172686506072043
7623-HKYRK,19.7,19.966760173903552,19.966065238529097,19.964976723804302,20.35697787283037,20.23092550577421
1353-GHZOS,59.75,60.03925069801922,60.03993742173926,60.043482987212904,59.73943132933968,60.61837454357516
3323-CPBWR,96.9,95.0435264080952,95.04452056722062,95.03531562835659,94.63297050561769,92.90174878032052
6152-ONASV,58.25,60.05772101276349,60.0560490485558,60.06243400433053,59.7388282990359,61.06970846599511
9251-AWQGT,20.0,19.91770511126562,19.919081141157854,19.92188908673609,20.470881622808456,21.17988255298078
4803-LBYPN,20.8,19.964472689720353,19.9656013764614,19.969074175191153,20.432913706149094,20.915512964894557
8879-ZKJOF,79.85,79.99691432018265,79.99782812618457,79.99574060474555,79.26888319992072,79.03649094554738
7354-OIJLX,75.85,74.98114036330296,74.98104228592669,74.98010424638656,75.06908538951609,74.95823651670548
9129-UXERG,103.6,104.92422667682094,104.92492584573117,104.91375737994069,104.41652880394071,101.9413424805229
5302-BDJNT,95.5,95.01632452569555,95.01758794797126,95.00893385473844,94.66551443418287,92.85115015124434
7148-XZPHA,79.4,79.95934832292144,79.95972462844475,79.95409059504478,79.79613155695972,78.47849204119689
2651-ZCBXV,108.0,109.96834106901377,109.96949422943663,109.95266572560175,109.2853656812194,106.35155496744788
1304-NECVQ,78.55,79.97328963018171,79.97222369896733,79.97163692788666,79.8998417679602,79.70208014128147
3374-TTZTK,106.3,109.9483185617013,109.94975191041486,109.93441173311058,109.14608071822852,106.14127736230895
0229-LFJAF,69.65,70.07400839511308,70.07277391481873,70.07275469862486,69.40170196768182,70.25327643091603
1304-BCCFO,70.05,69.97181780700741,69.97171867197883,69.97400840271486,69.62728390156654,69.92994669461505
0455-XFASS,69.55,69.94094657105485,69.94003203900289,69.93797007404274,70.06921211356303,69.46013551471341
0221-WMXNQ,75.35,75.01795617594198,75.01720871193129,75.00804204485779,74.84312919919331,72.86136611091382
2882-WDTBA,75.75,75.0300994623796,75.0293529259306,75.02921249340528,74.30253113927466,74.85159938452341
8069-RHUXK,35.7,35.00700258824341,35.00634379435606,35.01740314675297,36.08804887618871,38.4930778950409
4806-KEXQR,79.9,79.91377913000576,79.91309953020715,79.90843896826763,79.91649735725866,78.75221210679001
2817-NTQDO,45.55,45.064984622240246,45.06519649377925,45.07277342899514,45.834167663050046,47.354193523819326
3230-IUALN,81.0,79.96533548641176,79.96702826927384,79.96098953657363,79.27973117610911,78.56588629900428
6500-JVEGC,101.35,100.01650754002651,100.01488748863522,100.00378318657931,99.54489028774015,97.38542464906351
7103-ZGVNT,73.7,75.0495488017981,75.04768295893847,75.04774063006235,74.43639211417134,74.70554776218458
1837-YQUCE,58.35,59.942399886724104,59.94136247842663,59.95114046160824,60.68306491015691,62.54477641088151
4800-VHZKI,19.9,19.967773553149023,19.966536542610953,19.970319406136493,20.343417902594886,20.955035775951032
3887-PBQAO,25.9,24.957568666938684,24.958066849222018,24.968830935394806,25.44634695233763,27.632173501968833
5177-RVZNU,20.3,19.92789461088459,19.92864235701547,19.93306731230222,20.441049688290388,21.399090142605907
1729-VLAZJ,40.25,39.97259818824864,39.9721735056616,39.97111646765688,40.73575057118791,41.118590273173645
4273-MBHYA,89.35,89.87353844573866,89.87227463829748,89.86411526424381,89.80092784052196,87.85565162394643
8690-UPCZI,69.05,70.04845913327651,70.04918471711335,70.04567672801775,69.5256269966037,69.2931961597348
6374-NTQLP,104.1,104.94961604048812,104.94824421670404,104.93658085811279,104.39803524348672,101.92040652820944
1618-CFHME,75.9,74.9698648234644,74.96883893151201,74.96760023609077,75.0501014311864,74.78713477326333
4104-PVRPS,53.6,55.0901652601936,55.09130469463476,55.08872356798802,54.63589924929315,54.312455911853256
4210-QFJMF,79.15,79.9013237086528,79.9006396842544,79.89641979820057,79.91649735725866,78.75221210679001
5787-KXGIY,19.3,19.985001778568254,19.98362355065293,19.99344000752142,20.535969479938792,22.29878225551331
3088-LHEFH,79.0,80.02570998706693,80.02577733819376,80.01809110995238,79.84571446919347,78.42040700088873
8896-RAZCR,19.9,19.91594728739935,19.91754809969826,19.91858249832712,20.46003364662007,21.081929642804916
7268-WNTCP,20.45,19.934196994263864,19.934192619496464,19.94137265234414,20.508849539467818,21.97405587997727
5854-KSRBJ,25.4,24.935064857688893,24.933877660548895,24.940540764324876,25.514146803515064,26.988958426145118
9907-SWKKF,25.05,24.949818267180227,24.94848552496464,24.96245482984968,26.354241780233224,28.898999072654632
3932-CMDTD,105.65,104.89373208004287,104.89278138727491,104.87744470501885,104.24469991238466,101.16872132624525
5277-ZLOOR,85.55,84.94662463755003,84.94552119173002,84.94386094130886,84.942667896591,84.27150321616122
2746-DIJLO,56.3,55.00362135225263,55.00461370717394,55.01530823261341,54.91307432660096,57.69610496177445
9174-FKWZE,19.45,19.951450000368226,19.950180907504688,19.960706160695313,20.343417902594886,22.056424493893456
9919-FZDED,84.1,84.99918487471759,84.99792029165471,85.00326199769046,84.35523128547106,85.61265636735077
9488-FYQAU,109.25,109.89566201540926,109.8957692174382,109.88632916547512,109.38830887283387,107.42396562707054
6869-FGJJC,79.6,79.99137698849691,79.98988610369831,79.98509763871299,79.89751741908188,79.02163410722743
3349-ANQNH,99.5,99.87078765434218,99.87033764460747,99.87117666758414,99.79156514369787,99.49837850635431
0222-CNVPT,48.8,49.966899219063386,49.967367796940124,49.98336846798603,51.000898283271496,53.64357947995567
6900-PXRMS,105.75,104.89655872112412,104.89757159584259,104.88833254357888,104.5043546958274,102.32177953557661
0230-WEQUW,56.6,55.007919205950024,55.00760193107913,55.01736966326975,55.62992904000373,57.694293167871656
7629-WFGLW,95.65,95.00591056861603,95.00586687255841,94.99707858377406,94.40339029103426,92.56336072581547
2235-EZAIK,79.2,80.0881844185393,80.08691588201305,80.08585024661625,79.29426843308642,79.51052106551812
5119-NZPTV,70.1,69.96856447499405,69.96750923308133,69.96449657011793,70.06650011951594,68.97726152789969
4282-MSACW,117.2,114.99129580515931,114.98974074080945,114.9757024831036,114.17307393465255,111.41769193183364
7711-YIJWC,84.9,84.98617082157914,84.9854662230932,84.97972085219332,84.12540843654641,83.11383510802162
8749-CLJXC,20.05,19.990172162080214,19.98887482313286,19.98860057261469,20.343417902594886,20.18900528821994
7636-XUHWW,19.9,20.01637775833271,20.015258408107933,20.02095721221238,20.346129896641983,21.43144872226926
0883-EIBTI,19.5,19.97754818622518,19.976396655269,19.97666495144365,20.346129896641983,20.21344839442596
4098-NAUKP,84.65,84.94484943690516,84.94354845362028,84.94883762474942,84.88111873075235,85.66983767696371
0701-TJSEF,68.25,70.04806637313177,70.04797396665337,70.04506639471089,69.28953292500901,69.03878889337156
0689-NKYLF,83.2,84.9870751923028,84.98744094407338,84.98264888322474,84.83863885621238,83.72938662851854
9867-NNXLC,20.05,19.964233908605742,19.96518999627547,19.971323917627615,20.40036977758393,21.46834100627746
9337-SRRNI,25.3,24.95968118457718,24.959149560193524,24.96982155875383,25.503298827326674,28.109005843812554
1850-AKQEP,20.35,19.96642306489943,19.965978215429615,19.965104535079295,20.362401860924567,20.279811718186245
5600-KTXFM,69.95,69.96231881210849,69.96119269248234,69.95010393728414,70.06650011951594,67.79557749648143
7055-HNEOJ,55.8,55.052544147209815,55.05173467520715,55.05432711467719,54.65748261949471,55.417423387674624
2462-XIIJB,92.5,89.99703615243493,89.99639568778721,89.99150716341758,89.80054421550608,88.80516931550228
7277-KAMWT,20.0,19.992514452315344,19.993361847061795,19.993541964801494,20.37596183116005,20.85645850400633
7691-KGKGP,65.0,65.03150889601808,65.03198526764986,65.0347491863541,64.63819380616414,65.24927316596964
7808-DVWEP,20.0,19.998663319624733,19.99759366671421,20.00134198466218,20.34884189068908,20.69004182609597
2379-GYFLQ,94.9,94.98803281332572,94.98877464752834,94.9826120277497,94.7140213271208,93.77830794430828
7325-ENZFI,40.3,39.98673236045113,39.98771960512918,39.99787084162885,40.81439839855373,43.12573599446737
8800-ZKRFW,107.5,109.90540619008931,109.90663606511748,109.89632797619278,109.29881306927966,107.03699629177676
9133-AYJZG,98.7,99.92650055872683,99.92754995992912,99.91887599166853,99.64647837691231,97.75753558061292
6772-WFQRD,20.4,19.929901181153156,19.930660429958863,19.938678695974314,20.449185670431678,22.238449948955054
9670-BPNXF,62.55,60.060897282699514,60.061823544435455,60.06337480061404,59.49513647996594,60.43666684321303
2675-IJRGJ,19.65,19.95585115857426,19.956916421878176,19.96281850723482,20.484441593043943,21.83418275224714
4829-ZLJTK,112.4,109.90918427851813,109.9079557676323,109.90273342268623,109.40031151357705,108.05005317941627
9950-MTGYX,20.3,19.959905773414366,19.961652684255093,19.967117565714826,20.416641741866513,21.90902075670367
9755-JHNMN,67.4,65.05681720319187,65.05841707129403,65.05434805028251,64.35572479292811,64.41975745154566
3746-EUBYR,74.6,74.99012214348846,74.98887663782587,74.98604641717651,75.0473894371393,74.34075756822644
7929-DMBCV,81.0,79.99480054042849,79.99575990243301,79.98707947691244,79.74866674640134,77.84823842105982
9640-ZSLDC,60.6,59.953777831786134,59.95386207634604,59.960643811902095,59.85404517423423,61.31248176166777
7197-VOJMM,69.2,70.00811384789313,70.00781786131876,70.00940862555993,69.39937359865061,70.12582191971286
2696-NARTR,73.85,74.9865925509274,74.98679975733674,74.98153865877288,74.87451846320369,73.81451332977817
0689-DSXGL,85.8,84.97354314924688,84.97411313046621,84.96499763542478,84.63773591159222,82.67068921276673
7294-TMAOP,90.55,89.90605084898323,89.90482524857191,89.89438313892991,89.80092784052196,87.16991644969117
6177-PEVRA,55.5,55.05156176873065,55.05324620371134,55.05364000894754,54.71966206484336,55.62895513367655
7410-YTJIK,75.45,74.9777703161527,74.97735652862332,74.96815907861642,75.06366140142188,73.26923539226749
1410-RSCMR,71.35,70.0581874220027,70.05776136285114,70.05411328972086,69.28410893691482,68.90978785283548
8800-JOOCF,84.05,84.93988835202347,84.9399700645215,84.93617469069238,84.96978783706197,84.20833467109802
4526-EXKKN,24.6,24.95031547896435,24.952150296154684,24.957902319192822,25.432786982102144,27.101810555819654
0813-TAXXS,77.8,74.94468861275496,74.94562936220846,74.95315429950723,74.73563693940349,76.69961257268625
2320-TZRRH,19.5,19.94693302841185,19.947389685122342,19.94832241289915,20.394945789489732,20.611882810467186
0841-NULXI,35.55,34.91145241680317,34.9102081379649,34.9279354607219,36.19881502988176,39.49932834877956
2725-TTRIQ,84.2,84.97579326364588,84.97435694108859,84.97603096280768,84.3365563270512,84.94914754331093
4778-IZARL,110.1,109.9815868781318,109.98180894243377,109.96559848728346,109.17591265274659,105.98803694639251
2535-PBCGC,64.55,64.94514127247518,64.94411347826305,64.94897222587649,65.48535026584065,66.21355376271117
3629-WEAAM,64.1,64.9871656173584,64.98693300690805,64.98328369546032,64.51561583937873,63.960946603368384
6128-CZOMY,45.65,45.00384361274414,45.00274874655812,45.014245949593416,45.01870789736286,47.476081902542575
9227-UAQFT,19.75,19.955691450476387,19.956847922435575,19.955118235816332,20.384097813301345,20.47781798251218
0804-XBFBV,25.2,24.944276904033295,24.94418072598695,24.960871620091005,26.381361720704195,29.70991495188631
4503-BDXBD,74.95,74.97250007405975,74.97272385328193,74.96512189155196,74.89319342162355,73.40439205896351
9626-VFRGG,88.5,89.93056773005657,89.93170726563446,89.92687235762497,89.85072102011154,88.92969752109892
4994-OBRSZ,76.1,74.99301133475879,74.9940394481759,74.98116276743033,74.10537825092824,72.67147207860565
3654-ARMGP,88.65,84.97585414266906,84.97618360749908,84.97485506080409,84.3378046566337,84.59358621369279
0829-XXPLX,89.4,90.03080204355648,90.03168135256684,90.02073919913435,89.62882790612525,87.3137726437319
8938-UMKPI,106.4,104.90827611660191,104.90928908577042,104.9052591797369,104.56130657081644,103.45392578811064
4854-SSLTN,59.5,60.02971800579803,60.02937415327979,60.01738428907311,59.37852073594076,58.05120571725588
9720-JJJOR,60.3,60.030510095743736,60.03146008227,60.03476641641404,59.55041844328746,60.86770252734293
1926-QUZNN,25.25,24.941294580094063,24.939876810971995,24.95490590085495,25.519570791609258,28.33614027987629
4900-MSOMT,80.2,80.0356940892143,80.03430187478159,80.03227904688495,79.29426843308642,79.43022575204229
8910-ICHIU,95.65,95.01912571968366,95.0199528490922,95.00827768796758,94.50162510703353,92.34237926363025
4892-VLANZ,19.8,19.990172162080214,19.98887482313286,19.98860057261469,20.343417902594886,20.18900528821994
0076-LVEPS,45.0,45.020432345138175,45.021675401636344,45.02619257179488,45.637018794856544,47.078222348856826
1666-JXLKU,100.05,99.91959550532417,99.9208761704129,99.91790850114725,99.73190127466172,98.77486737184145
4003-FUSHP,61.55,60.05706757900342,60.057901651425695,60.06227200921255,59.74370065287908,60.829725516611134
7696-AMHOD,78.0,74.93909649533876,74.93953162305175,74.9409196978828,74.53804901913418,74.90640084030298
8082-GHXOP,44.0,45.000455429604635,45.00069218389005,45.00322077960428,45.05125182592802,46.048988951513024
5445-GLVOT,49.8,50.052464820027424,50.053573620106434,50.06224767263753,49.84686486393508,51.82478598882286
5195-KPUNQ,96.75,94.90369879260467,94.90405973189709,94.89040427922123,94.40648591009725,91.61034703202591
3948-XHGNA,49.55,50.06978443467079,50.0709378661035,50.0771828057442,49.85228885202928,51.451557617052245
9624-EGDEQ,19.8,19.93969638458013,19.941598850844095,19.942978554252683,20.441049688290388,20.99112321283861
7551-DACSP,55.3,55.00543360359141,55.005011975735925,55.00786097594426,54.68429356005588,55.76636660973328
8128-YVJRG,79.65,80.01998798040104,80.01964951393795,80.00889429375829,79.83486649300508,77.87066473595243
1038-ZAGBI,19.8,19.934540515310623,19.934155424422173,19.936640323392695,20.373249837112954,20.788192972807177
9153-BTBVV,25.0,24.951406322174343,24.95009416285299,24.961334353478463,25.51685879756216,27.54566668593918
9470-RTWDV,82.0,79.97813367122244,79.97881433497915,79.97970359511253,79.44059950930153,80.02565820501106
7554-AKDQF,45.65,45.01418114730695,45.01371080074964,45.018430769727324,45.03226786759834,45.958363006898495
7241-AJHFS,87.65,85.05897077219905,85.06021263266051,85.04726718398521,84.68627674144639,82.2463998807766
9633-DENPU,58.6,59.98836789536274,59.989414677171304,60.00080617888038,59.83831144461767,61.870222192647915
5480-XTFFL,21.0,19.920570537800653,19.922351251201963,19.92277594550408,20.424777724007804,20.76434974747843
7803-XOCCZ,84.05,85.02539465719686,85.02595510792233,85.01777120281005,84.60665564749164,82.83749120224272
6549-BTYPG,60.8,59.92458707932788,59.92497536729454,59.932972750302866,60.6870252337865,62.13372384469711
9114-AAFQH,65.65,64.92249037272977,64.92324070623124,64.9343388536513,64.64277055968249,66.89333397023623
3572-UUHRS,18.85,19.961570811887427,19.962180544147042,19.968632157323086,20.462745640667166,21.6749303057299
7666-WKRON,80.45,79.95840849132152,79.960483053626,79.95486551027882,79.8001946332962,79.10872747911922
5192-EBGOV,85.7,84.94679319205208,84.94553951364112,84.94377739241285,84.93995590254391,84.24706010995519
6502-MJQAE,69.6,69.97387627520379,69.97278372700868,69.97022347599378,70.06378812546885,69.49136413042542
6400-BWQKW,79.05,80.02135145728272,80.0208912644084,80.01489592821234,79.83215449895798,78.72030605404129
5928-QLDHB,76.25,74.98114036330296,74.98104228592669,74.98010424638656,75.06908538951609,74.95823651670548
4376-KFVRS,114.05,114.96611319606254,114.96478476092386,114.94953545842095,114.18392191084094,111.39905712540276
3528-HFRIQ,52.3,54.8953561980896,54.89349880083823,54.9156088831724,55.933246771040686,59.39504855584751
2718-YSKCS,19.6,19.922736816167095,19.92147002616413,19.933773267591356,20.533257485891696,22.960074323562544
2434-EEVDB,94.6,95.03239893104168,95.03233932793506,95.02617619504875,94.73175695586801,93.5829434399824
6506-EYCNH,19.55,19.94948163247566,19.950522185705676,19.959893636767426,20.416641741866513,21.986854655501734
3396-DKDEL,115.15,114.95399488371368,114.9529981696605,114.93784562927709,114.17849792274674,111.35017091299072
3269-ATYWD,95.65,94.89845336292942,94.89960592293752,94.89733865484456,94.88758492598213,93.94130221934783
1159-WFSGR,20.4,19.956246171784095,19.956609166003716,19.963129195993133,20.384097813301345,21.349621477481058
9835-ZIITK,110.85,109.8892632130978,109.88799151698778,109.88446582800793,109.39644485497516,108.18300622664975
9279-CJEOJ,95.4,94.88903192261353,94.88982537767862,94.88564778494356,94.83876903313438,93.50132630763946
4720-VSTSI,84.8,84.97929627484842,84.98046365092529,84.97846557447535,84.81603087362203,84.51389907831307
1360-JYXKQ,99.1,99.87985176535557,99.87998226761846,99.87667723625098,99.57801425905578,98.18373406133664
8388-FYNPZ,56.75,55.09884069187342,55.09813067287705,55.0994815228874,54.64778930786112,55.30642066375397
7868-TMWMZ,110.0,109.92219753146594,109.92273045486729,109.90872564806722,109.16777667060529,106.14201192142201
3466-RITXD,92.4,95.05020265009202,95.05142573583123,95.03992102627933,94.58124620098826,92.47874509743832
6427-FEFIG,78.6,80.00934636023746,80.01087372578351,80.00517911373369,79.42277021552665,78.93112982039833
6518-PPLMZ,19.4,19.919374572530064,19.92044885908336,19.927188986992736,20.484441593043943,22.06812857174197
6762-NSODU,19.4,19.954359558602512,19.955814900456357,19.960582082697776,20.465457634714262,21.582966180680945
4355-CVPVS,88.9,89.8542633030963,89.85400969679392,89.84694363814313,89.95008751311232,87.97051638304843
7629-WIXZF,59.1,59.967820479090264,59.967232037713444,59.970430750181755,59.65075820287716,60.60411655781194
3049-NDXFL,85.8,84.91919016147322,84.9179196678391,84.90568691785404,84.89196268678783,82.31009541277788
3566-HJGPK,45.55,45.0151041117175,45.014008063623,45.02019779381814,45.01870789736286,46.601997478247704
1460-UZPRJ,19.95,19.95070709426021,19.951107941276035,19.95666667585484,20.503425551373624,21.553495140928856
3712-PKXZA,20.55,19.981283907809384,19.980598482075138,19.99393746752919,20.50613754542072,22.832230978109095
1623-NLDOT,33.55,34.94004484989699,34.94091884924818,34.95160676193791,36.051329289111834,38.14584661464005
5171-EPLKN,19.85,19.99015468928649,19.99191913732358,19.993786630444664,20.413929747819413,21.198661990890614
5569-KGJHX,85.35,84.94802735969867,84.94770822693081,84.94253103446081,84.96165185492069,83.71307125364908
7463-IFMQU,20.05,19.942625243556634,19.941221873173966,19.951855515998048,20.535969479938792,22.29878225551331
3178-CIFOT,19.65,19.972801515660223,19.97346183021743,19.980631860195963,20.403081771631026,21.903212456928543
1095-JUDTC,95.05,94.94380766199984,94.94481282807467,94.94252619667219,94.650603381658,93.88478848693364
3719-TDVQB,18.95,19.911801337180968,19.91284854634724,19.923392954732638,20.48715358709104,22.40017128507138
4929-XIHVW,95.5,94.94937379280088,94.94827447547591,94.94033643464874,94.65338017134285,92.45340131281553
8106-GWQOK,60.0,59.932103968438184,59.93403454897005,59.93833869438175,60.548826119559756,61.509763777479044
4128-ETESU,99.7,99.91276671459588,99.91358190589568,99.91148707720846,99.75902121513269,98.4807527251699
0661-WCQNQ,56.25,55.08929534317605,55.09004617553583,55.09174744355628,54.63047526119896,55.44002853161737
4927-WWOOZ,91.45,89.99997385781563,89.99889969053507,89.99488606583935,89.79240823336478,88.73202048223601
7564-GHCVB,79.05,79.97328178215467,79.97184129927682,79.96597680449202,80.0111461060664,78.98745726480276
3445-HXXGF,45.3,44.89806781507585,44.89811154661771,44.922604090976535,46.00542438302383,50.24233861010159
6670-MFRPK,79.2,79.9750032231454,79.97413706588486,79.97450800526312,80.0815453691157,80.53240065233248
6890-PFRQX,69.5,70.09817681982662,70.09883630255159,70.09536252965297,69.56192500159554,69.3029314122256
1552-CZCLL,20.0,19.984794962156876,19.98490143116136,19.994119553155066,20.489865581138137,21.880788035333193
2014-MKGMH,101.1,99.89049733802939,99.8911684898843,99.88813900874601,99.7563092210856,98.9533138320285
0303-WMMRN,19.25,19.97955475649375,19.97889562131348,19.98265134277831,20.354265878783274,21.05280820077511
3806-DXQOM,33.65,35.00060982176077,34.99991750548355,35.013139522057365,35.93586820964145,38.655165219813924
1724-BQUHA,89.5,89.89037038958932,89.88974972871115,89.88477250787707,89.81177581671035,88.26102365589391
2580-ATZSQ,61.35,60.023952553919514,60.022778146229875,60.02660004034873,59.6155063004178,60.68830658855632
7945-PRBVF,21.45,19.958885139611358,19.96074986601462,19.964046825791044,20.435625700196194,21.39420684053878
3898-GUYTS,97.05,99.99630562283053,99.99742850593303,99.98967417407096,99.41638448514699,97.67130113047546
2832-SCUCO,19.9,19.978743108604796,19.977597184156863,19.98273227728598,20.346129896641983,21.087532818720828
9779-DPNEJ,80.15,79.87815255382385,79.87911122515861,79.87678661933384,79.96531325010642,79.11207319037432
4915-BFSXL,68.95,70.07363975618748,70.07252045260891,70.07559082018628,69.7029486920446,70.86799404812874
5018-LXQQG,66.3,65.0009340391442,65.00208503022661,64.99959869903213,64.49674446322427,64.01830773347228
1698-XFZCI,107.75,109.94295144997636,109.94240358616179,109.93358450035518,109.370479579059,107.58998663528163
1872-EBWSC,20.35,19.945416037893303,19.94627674152307,19.948335052142767,20.41935373591361,20.83187076632137
4446-BZKHU,105.55,104.92080381680054,104.9205477306688,104.91943110081067,104.59927448747581,103.7963097603467
4607-CHPCA,90.4,89.85679942414043,89.85755824694456,89.85152630158038,89.8660156976523,88.40092516257556
9475-NNDGC,113.15,109.91114021804242,109.90905977447844,109.90227013056699,109.41000482521065,107.65580287984963
3841-CONLJ,35.0,34.91137222490293,34.910048283990044,34.9257864071665,36.19881502988176,38.73347834640025
2294-DMMUS,70.45,69.95184636194958,69.95123532980364,69.96410580537294,69.90488056095938,72.18079231243183
5921-NGYRH,73.55,75.0166553128954,75.01607728333325,75.01304991972992,75.00584884201916,73.99277473841548
1897-OKVMW,90.6,89.9611116312866,89.96105253935235,89.95625449256337,89.11714573035817,88.73626020775953
5117-IFGPS,84.3,84.90309135828399,84.90432277285018,84.90642830767237,84.96789852010656,84.86210207757175
3866-MDTUB,70.75,69.99052271762282,69.98952477747763,69.99124354663448,69.52976469804626,69.7805066716993
1194-SPVSP,19.65,19.99656838675434,19.99521333306199,19.997570338271185,20.343417902594886,20.64097512833215
6905-NIQIN,50.65,50.01541345559407,50.01433750605068,50.014421437985874,49.8209932530466,50.27059434472559
6813-GZQCG,24.65,24.953197449641998,24.954689677274523,24.963706064726793,25.44634695233763,27.595881098837907
9896-UYMIE,114.3,114.96171180050479,114.96043552449822,114.94643793055809,114.16764994655836,111.3688057194216
8849-GYOKR,106.55,104.92830916000734,104.92836436940058,104.91543580986938,104.50175528395553,101.54327923090696
5816-JMLGY,80.4,79.90572315300616,79.90477641138548,79.90801235866641,79.3786112913871,80.22816229252211
3990-QYKBE,92.5,94.89602121151353,94.89726047833082,94.89813795695191,94.88216093788793,94.31471107647023
6161-UUUTA,79.9,79.95029898028528,79.94942476347018,79.94664770750234,79.96177857896762,79.02461878573533
0396-UKGAI,55.3,54.9999908987225,55.00106970532108,55.00477679919953,54.664267519346616,56.024765832918035
0512-FLFDW,100.5,99.9081735576678,99.9075550564834,99.90712895076135,99.79427713774496,99.10088751372946
2946-KIQSP,33.45,34.987007804314274,34.98831724420371,35.00306812928594,36.07980031187219,39.03515008940595
0187-WZNAB,74.4,74.99781038003054,74.99895773998942,74.9860099631672,74.90550506227656,72.2420540075858
6867-ACCZI,52.5,54.91970786240526,54.92141454424002,54.921425212556294,55.46803207426959,56.06587206212697
7024-OHCCK,93.85,94.88703315585818,94.88590570046469,94.88183650139932,94.78724114623954,93.45902187390774
6481-OGDOO,90.6,89.95566048555227,89.95436482128157,89.94785144117259,89.66084342949273,88.0986784134341
7377-DMMRI,47.8,50.06829133142161,50.06736169048355,50.07334588010948,49.79262498299314,51.33592386470245
1963-VAUKV,20.4,19.977716740727242,19.976414977180113,19.976581402547634,20.343417902594886,20.18900528821994
5919-TMRGD,79.35,79.9331299274305,79.9318901295628,79.92613970415334,79.95635459087345,78.6681329661999
6994-ORCWG,54.25,54.9718549854755,54.972043171194386,54.97702451939516,54.83985048732933,56.584171254099694
5144-TVGLP,94.75,94.90336380271518,94.9045341559455,94.90074680810281,94.88487293193504,93.57294320959338
0328-GRPMV,70.1,69.96142085385083,69.96032388105593,69.95820430592671,70.06378812546885,69.49136413042542
2905-KFQUV,70.4,69.99880675717642,69.99780692912103,69.99436373619373,70.06650011951594,69.09387313780056
8637-XJIVR,78.95,80.02034013027036,80.02057523589842,80.01523650401874,79.84842646324057,78.8669646912774
5150-LJNSR,98.05,95.01224072651257,95.012997736501,94.99867545824557,94.6422611523138,91.96628753710772
4826-DXMUP,72.1,69.90831149450324,69.90927787224719,69.90835052171175,69.63166580728117,69.8345272243988
3518-FSTWG,109.55,109.92684100216562,109.92555359462631,109.91765503256744,109.40031151357705,107.62793859523362
2929-ERCFZ,94.2,94.89573388797645,94.89541269515767,94.8879504881633,94.66965213562543,92.71457492711092
1455-UGQVH,98.5,99.9390339401073,99.9389727463462,99.93340144304217,99.65867743539009,98.11508398963069
8485-GJCDN,69.05,69.94203323830254,69.94146642092372,69.93676917537564,70.07463610165723,68.9423564246022
0459-SPZHJ,83.5,85.0055943123084,85.00556809268457,85.0025682189657,84.3308233390472,84.3190383166421
2169-RRLFW,25.6,24.981327435832988,24.980035994379204,24.990899674934784,25.51685879756216,27.54566668593918
8818-DOPVL,104.45,104.89092619594356,104.89195734073073,104.88965577712706,104.55859457676934,103.65678697555217
1207-BLKSA,23.05,24.925643417373017,24.926652718627174,24.930842792287816,25.465330910667312,26.54898251443675
7593-XFKDI,46.3,45.02504729929572,45.02388649819217,45.02645979022928,45.01870789736286,45.83596699051662
5393-RXQSZ,79.6,79.92422798109017,79.92304667031252,79.91446103249537,79.90836137511738,77.91285230044086
5183-KLYEM,112.75,114.9737949485014,114.97257553326764,114.95791404652834,114.18392191084094,111.47917195352682
0923-PNFUB,83.75,84.95567137796931,84.95485052393923,84.94453275288652,84.76406393465138,82.46591135856566
4134-BSXLX,60.9,60.07985719848371,60.08123358128782,60.076669404176926,59.44903258116529,58.84485569088631
1452-XRSJV,51.05,50.07452782323192,50.075711868849744,50.08023925311361,49.89296876273574,50.9720588942874
4213-HKBJO,25.7,24.985300465036797,24.987099563506742,24.99097040825697,25.413803023772466,26.61664816475863
7750-EYXWZ,60.65,59.89949445489582,59.89931499219334,59.903925799155246,60.55684951952583,61.418681248769936
7180-PISOG,74.5,74.9623516255276,74.96106648107934,74.95913809908737,75.0473894371393,74.68257683893326
1356-MKYSK,78.65,80.08271462712085,80.08217006151155,80.07264862941979,79.17396340827231,77.45649323627273
1212-GLHMD,86.05,84.96491361395476,84.96409790298279,84.94929244808537,84.68499045479476,81.68908343224298
7228-OMTPN,88.45,89.9080574192518,89.90733795441928,89.90038024476922,89.80906382266326,88.00927625604032
7682-AZNDK,89.85,89.95376453026603,89.9551406438573,89.95031726590783,89.69787608688517,88.59720438492988
6286-SUUWT,19.95,19.990172162080214,19.98887482313286,19.98860057261469,20.343417902594886,20.18900528821994
3500-RMZLT,96.3,94.96826216603857,94.96879611394786,94.95263153281567,94.35088511739758,90.97606421202588
4729-XKASR,24.75,24.958417870406876,24.95702988809412,24.97221601876761,26.354241780233224,29.465483889826107
8364-TRMMK,50.65,50.01092410547605,50.01004036628093,50.01765453130961,50.007733197127514,51.92221122729164
1000-AJSLD,20.1,19.980228974501994,19.9789963885637,19.982338576203553,20.343417902594886,20.955035775951032
4393-OBCRR,20.25,19.949798454946887,19.948479746441542,19.94750923693015,20.34884189068908,20.19635000496484
0942-KOWSM,80.8,79.92240852066682,79.92427279493336,79.91786111224076,79.2701315295032,78.48440755655021
0870-VEMYL,53.85,55.11479767083805,55.11418299281083,55.11092609679145,54.58437136239831,54.299826248699304
3454-JFUBC,20.0,19.955782291963352,19.955095584322464,19.968533715566437,20.525121503750402,23.194164126716093
2592-YKDIF,20.35,19.977716740727242,19.976414977180113,19.976581402547634,20.343417902594886,20.18900528821994
6941-PMGEP,80.0,79.90115515415073,79.90060762254039,79.89649263259193,79.91920935130577,78.77665521299603
0511-JTEOY,71.1,69.97016911904942,69.96900178673722,69.95839897649553,70.06378812546885,67.85124921839946
4323-ELYYB,20.0,19.940431157487403,19.94020805925743,19.939733990182237,20.37596183116005,20.36066623890099
9500-LTVBP,80.05,80.02376994917199,80.02502855892443,80.01772390636089,79.92320763200449,78.4843303434408
8120-JDCAM,69.55,69.95203851552614,69.95126387428806,69.94399832416039,70.07192410761013,68.61049419662456
1335-NTIUC,24.95,24.969695462478526,24.96954881578104,24.990528289756192,26.37593773261,30.50735454068119
6563-VNPMN,85.7,84.99861611176337,84.99979469039496,84.99132295611548,84.54021670807194,82.72079486041059
0668-OGMHD,28.5,30.019753468380106,30.020598569400704,30.035800451255117,31.179686752758354,33.87022066872799
0311-UNPFF,88.8,89.897095101148,89.89825276697744,89.89204085426877,89.86872769169939,88.12491000839012
9282-IZGQK,85.0,84.91044189627462,84.9092417621578,84.90549224728522,84.89196268678783,83.95021032480385
4695-WJZUE,88.55,89.91369814848986,89.91260820770202,89.90961248797711,89.74441501760872,88.889598799028
5527-ACHSO,70.5,69.95999496122053,69.96006561551431,69.95567263953339,69.56657795015083,68.6036989968662
5140-FOMCQ,109.15,109.96838759545517,109.9680176063201,109.95789197954824,109.36505559096479,107.11916632403872
0410-IPFTY,83.85,84.89477223756452,84.89617700734703,84.89160493739533,84.79200655221403,83.42486922973065
1333-PBMXB,24.75,24.926130562761486,24.925981588879925,24.938474665333736,25.470754898761506,27.852161457823016
1915-OAKWD,19.3,19.92149106784965,19.921553148085035,19.92692582738767,20.384097813301345,21.65181540001057
5707-ORNDZ,54.55,55.06814868644064,55.067960841887725,55.07372452673389,54.795210252993286,56.23962695069296
7969-AULMZ,97.35,94.90134909547943,94.90224356063149,94.89842591641289,94.83876903313438,93.69613659817456
2700-LUEVA,20.75,20.026489500412985,20.025155164588206,20.027135659727506,20.343417902594886,20.64097512833215
9099-FTUHS,54.4,55.07085197721923,55.071870926511465,55.07783059768022,54.83317816965265,56.35452614392969
8699-ASUFO,74.4,74.96519611664155,74.96480333342151,74.96184380108934,75.06366140142188,74.2627506589979
7181-OQCUT,103.85,104.99565691573528,104.99649366359876,104.97735423168116,104.45971446149136,100.57906161647303
3096-YXENJ,107.65,109.89532490640514,109.89516008182898,109.88604982557361,109.39373286092807,107.47285183948259
2495-INZWQ,44.55,44.90522504254302,44.90437785664081,44.920116669406895,46.09951747742764,48.82972181664793
2193-SFWQW,111.95,109.93752274586646,109.93618799159964,109.91691975210773,109.20032059917047,105.36169910103978
3908-MKIMJ,41.95,39.97618220950073,39.975627400134115,39.99590419537102,40.959176165429454,45.05681597157106
6736-DHUQI,84.8,84.98119268602207,84.97972582538128,84.97026477077432,84.66601051661797,82.75247502885122
2868-MZAGQ,79.25,79.91428479351194,79.91316823574336,79.90819903608423,79.90836137511738,78.67888278817195
8905-IAZPF,95.65,94.88498539261465,94.88332620457356,94.88046842414025,94.78762879140834,93.5692299191426
1215-FIGMP,89.9,89.96238983153674,89.96222725215176,89.96115976704979,89.9022489070064,89.47441185248914
0772-GYEQQ,88.35,90.001967635688,90.00112667650836,89.98661862741157,89.59512931300529,86.68958927945602
9995-HOTOH,59.0,59.9166042366375,59.916569944469245,59.92448285739815,60.682755910247096,62.305553152683316
7579-KKLOE,91.25,89.97238717112515,89.97126820228256,89.9672084711872,89.13612968868784,88.90736195120166
3594-UVONA,85.95,85.03645928496931,85.03741626715546,85.03489917293292,84.2362125473086,84.16115984494316
6641-XRPSU,70.0,69.99098097123596,69.99238086524846,69.99154342794812,70.15328392902305,69.87587205104143
5707-ZMDJP,69.7,70.00545682786073,70.00672673257961,70.00258875180717,69.40939889774731,69.32089877074432
3307-TLCUD,34.4,35.052631467239415,35.05319270096019,35.06138536808358,36.01857911334375,37.586004893979606
4797-AXPXK,60.0,60.038203225946916,60.037104345077665,60.035839342016686,59.375808741893664,59.744530936522104
4869-EPIUS,80.9,79.87986516099687,79.87988687862938,79.88186297375826,80.05752104770772,79.9818926191877
8563-IIOXK,49.75,50.01973020834323,50.01905675663499,50.0240766019839,49.80618495322862,51.33648307194136
2773-OVBPK,111.3,109.907443218754,109.90699247243532,109.89777536973295,109.39915684902226,107.52173805189463
1353-LJWEM,60.9,60.040324747996785,60.04061656214689,60.04525921327557,59.48146392755523,60.92149953047485
5868-YTYKS,20.25,19.95765975883564,19.956324212858444,19.95833269792858,20.343417902594886,20.874740462475195
8713-IGZSO,24.85,24.998616131693797,24.997389873588943,24.99799650277875,25.32973120831245,25.484775931057857
6050-FFXES,105.35,104.91422771967676,104.91331427810962,104.90374863640656,104.6022954814327,102.3699664223666
9300-RENDD,79.95,79.96815456444983,79.9670221512208,79.96216475249537,79.95635459087345,78.74842827967574
4183-MYFRB,90.05,89.90976772029381,89.91086370336012,89.90485116947924,89.61462694851684,88.2900133408719
3339-EAQNV,97.25,99.88802919941668,99.88576024676678,99.88563075005938,99.77936608522009,99.14119106804011
2545-EBUPK,84.05,84.89275486661215,84.89166727625258,84.88989522489771,84.89467468083494,84.20195772465742
4990-ALDGW,20.75,19.948780715891886,19.94952451836525,19.953418635831046,20.495289569232334,21.479985336959015
0970-ETWGE,89.55,89.90856308275798,89.90740665995548,89.90014031258583,89.80092784052196,87.93594693742227
3671-SHRSP,80.6,80.00995283381442,80.00928232792526,79.9983618769034,79.70527484164779,77.4571487217635
2308-STERM,19.4,19.97754818622518,19.976396655269,19.97666495144365,20.346129896641983,20.21344839442596
1219-NNDDO,76.85,74.96868494194999,74.96858243997394,74.96808507631951,75.06908538951609,74.95823651670548
3508-CFVZL,111.3,114.94758935224891,114.9465125436933,114.92580741203905,114.18120991679383,110.2367285194775
3387-PLKUI,18.8,19.955556912910662,19.95564222028673,19.956950512023145,20.37596183116005,20.40220773456813
9702-AIUJO,44.8,44.96552281522256,44.96591817189703,44.97942791947604,45.15159560567062,48.13002319866371
8337-UPOAQ,89.8,89.92723717570085,89.92717815813995,89.92577959525707,89.7661109699855,89.08532413402793
1728-CXQBE,94.25,94.90850138888791,94.90786004875304,94.91140631493025,94.7148440042125,94.83987922336199
5134-IKDAY,69.8,69.94128368005897,69.9400732627594,69.93780654775227,70.06378812546885,69.41124930230137
9638-JIQYA,24.9,25.005997759946112,25.00488511988658,25.022511210797937,26.35695377428032,29.91413821305639
6647-ZEDXT,110.45,109.94302779063631,109.9439509235686,109.92621980014088,109.29881306927966,105.88742455231993
1579-KLYDT,90.45,89.99669904343082,89.99631782455634,89.99164211769568,89.80596820360027,88.85405552791433
3985-HOYPM,19.4,19.958377122752456,19.959148788084242,19.960382152642556,20.411217753772316,20.758541447703305
6705-LNMDD,50.0,50.03624658450077,50.037160559598945,50.03807690387742,49.85384618152158,50.37910414572354
6917-FIJHC,26.0,24.934898355419932,24.933538301042866,24.94593613519846,25.519570791609258,27.88417043976408
4640-UHDOS,55.95,54.932035490813945,54.93223893296859,54.938852615570525,54.89582507557655,56.110772518906195
1414-YADCW,84.6,85.00479898110504,85.003969557598,84.99162087163442,84.60801655924936,82.26088432073615
5960-MVTUK,29.75,29.98510861023511,29.98418775195618,30.00076383831057,31.143276165591292,34.4394140407376
0637-KVDLV,76.5,74.98232024481739,74.98129877746476,74.97961940615784,75.0501014311864,74.78713477326333
5451-YHYPW,115.75,114.9587085152155,114.95744092668227,114.94584159534536,114.18392191084094,111.70665673252616
5813-UECBU,83.85,85.0060084342223,85.00737473869083,85.00490405798924,84.78619893910394,84.47232920369441
9947-OTFQU,74.4,74.94436419331288,74.94500529009659,74.94334923037013,74.90404139781195,74.49549926516625
1816-FLZDK,29.15,29.994193984437832,29.992906881394,30.000794982588904,31.1378521774971,32.75041291629961
3005-NFMTA,98.8,99.94271604042848,99.9430120190348,99.94017015579243,99.70218192231887,98.58990535878068
4710-NKCAW,64.4,65.10609459881317,65.10537660069276,65.09982153770869,64.37025802975252,63.925666311416116
4290-BSXUX,79.65,80.00418685522857,80.00324076055185,79.99685035485564,79.83642382249738,78.46836191793102
6266-QHOJZ,89.85,89.98859354192746,89.98758527081401,89.98202724820848,89.57805790068434,88.63425331603085
6047-SUHPR,59.8,60.035589090031564,60.036589834560914,60.038233880838206,59.54499445519327,60.47490041138245
6010-DDPPW,25.15,24.964030298029375,24.962888346183277,24.973516408256337,25.514146803515064,27.52122357973316
4374-YMUSQ,116.25,115.0069698458076,115.00795014977658,114.9851346541561,114.08086613705125,109.82059583309787
1958-RNRKS,49.9,50.03239870710572,50.03365116810957,50.046420505795936,50.08095703639914,52.69040951676975
7176-WIONM,49.85,49.91999781122029,49.92003374871523,49.9348079954215,50.970953766578205,53.290973641835784
9483-GCPWE,20.1,19.93867333362114,19.938033826996385,19.935927391556508,20.365113854971664,20.262713328725127
1264-FUHCX,56.3,54.8999259266913,54.900404815940234,54.91328150902685,55.807452962494644,57.979531492922334
8887-IPQNC,44.25,45.00406940522667,45.00379114459789,45.012234464704456,45.03497986164544,46.7488366008356
2921-XWDJH,83.45,84.93266727412338,84.93401705613678,84.93181731550848,84.77991024644317,83.6461613527479
5574-NXZIU,109.2,109.98909802383551,109.98926581959421,109.96825236359408,109.17591265274659,105.22182597330965
8644-XLFBW,71.65,69.95635780004338,69.95522756301455,69.95454290471027,70.06378812546885,69.71866842407297
4811-JBUVU,89.9,89.9675334737652,89.96879597841414,89.96159247836718,89.75422091141753,88.31566395788832
8970-ANWXO,73.75,74.929060466957,74.92975481561788,74.9298256199465,74.58272319038646,74.89283280003428
0602-DDUML,69.75,69.99118997992073,69.99211205747439,69.98951928210482,69.4987821191263,69.58499775437807
5671-RQRLP,75.65,74.9464867059186,74.94552254275057,74.95093756589884,75.23451702638901,76.17680229129132
9959-WOFKT,106.7,104.93910380556709,104.93778236952892,104.92418841034237,104.59531416384621,102.09505755461237
1208-NBVFH,49.6,50.013902606643825,50.014767620588074,50.0265613268249,49.91997612103149,52.54802716670347
6976-BWGLQ,25.2,24.928668552005924,24.927083069835906,24.937162018991124,25.519570791609258,27.489814478669366
2178-PMGCJ,69.7,69.96914170828089,69.97023665178533,69.96516066164257,70.12074000045789,69.13058493645698
7610-TVOPG,26.35,24.987676657968404,24.988057009042272,24.99856296121721,25.364987130924714,27.442651223762077
7240-ETPTR,48.75,49.91530217243196,49.91507439163328,49.93175133946111,50.96281778443691,53.63975890740038
6518-LGAOV,105.0,104.93626081344084,104.93751987475837,104.93211200747669,104.51822366597268,102.87820910069179
2826-DXLQO,29.8,30.022251479896028,30.021698227657943,30.034496818079596,31.141718836098992,33.333206891308606
5949-HGVJL,73.05,74.94151657666389,74.94281756318811,74.94739023736706,74.40954321654104,75.0452683415432
3489-VSFRD,60.25,60.089620308756196,60.089643342418604,60.094124414458456,59.57242339557405,60.958554731640845
2812-REYAT,20.05,19.9409300268225,19.941356985347547,19.95364329324767,20.473593616855556,22.53891370363685
9633-XQABV,70.25,69.96108374484669,69.9602826572994,69.95836783221719,70.06921211356303,69.54025034283747
4102-OQUPX,74.4,74.96740236603354,74.96618249279048,74.96746340607882,75.0473894371393,74.99017644605665
2900-PHPLN,19.55,19.94542180348077,19.944402360826267,19.959807610682905,20.5305454918446,23.243230824479916
9894-QMIMJ,55.8,54.999008164971364,54.99980204762764,55.00286666360137,54.73039745885653,55.906412100073666
7596-ZYWBB,59.6,60.01683763702884,60.016899063113655,60.01756431409679,59.549376360907885,60.43726672409031
5440-FLBQG,108.4,109.88958763458946,109.8887905333576,109.88178688653555,109.40458083711646,107.79792855795424
3063-QFSZL,55.4,54.9442521310523,54.94313325529281,54.95222150968387,54.86328114701139,56.6636005602891
4873-ILOLJ,90.35,89.90468632921058,89.90582653262307,89.9011583473024,89.8633037036052,88.49813838016073
3003-CMDUU,95.15,94.90889621597427,94.91006993016163,94.90338911308493,94.64962609491617,92.60148010901106
7279-NMVJC,19.9,19.95383491659216,19.9540167374339,19.95722367844657,20.386809807348442,20.990523331961334
6478-HRRCZ,70.5,69.99201032200739,69.99312868288627,69.98533631676696,69.3044538070022,68.08860527778978
3678-MNGZX,19.95,19.9331856672515,19.932337733063015,19.940513203630314,20.525121503750402,22.120714517213393
5902-WBLSE,20.15,19.94037106297483,19.939286349115136,19.951482303691446,20.5305454918446,22.935631217356523
7722-CVFXN,105.2,104.86529184473889,104.86536955063634,104.85792786527182,104.5141605896362,102.89444827068354
2223-KAGMX,19.4,19.981753202372516,19.98208020633276,19.986395846107406,20.38138581925425,20.983178615216435
9803-FTJCG,66.85,65.0574456373227,65.05536185128913,65.06123432929657,64.54924963686094,66.2634003130774
6060-QBMGV,19.85,19.985338887572375,19.984296805342296,19.993769348444616,20.5305454918446,22.249896043101266
2858-EIMXH,95.85,94.8884101573045,94.88850565311571,94.88820187350596,94.9255528426415,94.24214469591675
4741-WWJQZ,80.15,80.03024701379404,80.02930388291983,80.01953359786489,79.621315608363,77.43010471522962
9845-PEEKO,79.2,79.93627491986511,79.93692742868971,79.93684710627176,80.00697044755469,80.34237499188231
9167-APMXZ,84.15,84.96597332496373,84.96688711234103,84.96336491500165,84.99690777753295,84.11094646245141
9800-ONTFE,75.8,74.95155786192586,74.95239806983238,74.9510258803256,75.10434131212835,74.77376748507703
3621-CHYVB,49.9,49.98469724195228,49.98474640243981,49.9989603623829,50.75524252214005,53.04796626510278
3177-LASXD,71.35,69.97136404142904,69.97020231562509,69.96446630233785,70.06378812546885,68.72533364269434
1465-VINDH,102.1,104.92949787533948,104.92937154511421,104.91780580372722,104.46096279107383,102.04730144618117
2055-SIFSS,51.65,50.00341225033532,50.00362065877278,50.020051137572835,50.148756887576575,53.106676881385155
0804-YGEQV,24.45,24.92798466228416,24.928550955933183,24.939402093778064,25.440922964243438,27.583287289556793
3346-BRMIS,48.35,49.896266706752996,49.896858697535194,49.916436986074494,50.987225730860786,54.08705115690212
3130-ICDUP,80.55,80.044522063156,80.04329642282718,80.02932132705043,79.82130652276959,77.35409324382762
0732-OCQOC,25.05,24.922096454468928,24.923112793987144,24.933550561533167,25.465330910667312,27.76698284228005
4012-YCFAI,61.35,60.03256787276663,60.03326895599098,60.03386316775653,59.5358163906724,60.31523167841198
7346-MEDWM,83.25,84.971566655023,84.97161589049534,84.97413774194015,84.85671078432847,85.30266025558603
7036-TYDEC,104.0,104.90659437550774,104.90575473965963,104.89723807649187,104.6022954814327,102.79190052119748
6615-NGGZJ,100.55,99.9053505546452,99.90579562046167,99.89822190013787,99.62207043048845,97.9596622089414
3441-CGZJH,60.4,59.961106015443235,59.9617267576334,59.968480755165004,60.60984107088528,61.840990118325834
0208-BPQEJ,19.4,19.962121692086853,19.962049431404225,19.96587601530066,20.373249837112954,20.82973446847432
2229-DPMBI,19.5,19.92444729134806,19.924668747956055,19.922332922536782,20.362401860924567,20.20215830473996
7159-FVYPK,69.15,70.00277088378044,70.00175862143362,70.00584672612925,69.55232535498965,70.67339881710964
7544-ZVIKX,105.05,104.90039605460451,104.89992574194756,104.89214152865532,104.57246354691463,102.82311983148657
6366-XIVKZ,63.15,64.99400151456038,64.9942723208448,64.99323776794945,64.51677050393353,64.52575851266684
7137-NAXML,20.15,19.96527901093277,19.965858279213126,19.969347705217842,20.403081771631026,21.137181969197457
7126-RBHSD,78.9,80.03187258721277,80.03248592259152,80.02529221740983,79.86198643347606,78.22333021992819
1428-IEDPR,109.3,109.9641328876441,109.9654127175148,109.95215434652152,109.32739667421524,106.9777970593801
9465-RWMXL,78.9,80.00063893350777,80.00198193954196,80.00379050799818,79.98120158937311,80.20824951916629
2908-ZTPNF,34.85,34.962658348906984,34.96399179086474,34.980244397463,36.03505732482925,39.25854931556259
4176-RELJR,25.1,24.97450655815928,24.973827988833467,24.9842602634518,25.50601082137377,27.67501806941088
3001-UNBTL,103.95,99.89574371374137,99.8968299528065,99.89408096897841,99.71020532228495,98.7265119877168
6067-NGCEU,111.05,109.99252540334453,109.99171760827733,109.98272438966974,109.38132755524738,107.3071859715902
2479-BRAMR,83.75,85.03896562194987,85.04012759996967,85.03763650515822,84.77681462738018,84.06882604043923
3161-ONRWK,65.85,65.04170938094879,65.0412533936118,65.04366918888547,64.38555672744619,65.41083968254985
6349-JDHQP,19.85,19.973316850879932,19.97439840745164,19.98036465862409,20.484441593043943,21.83418275224714
1619-YWUBB,24.95,24.97188991176095,24.971146832139762,24.985115618151458,25.508722815420867,28.23836785505221
2761-OCIAX,74.7,74.94655540183967,74.94566024896196,74.94258810136287,74.86878547519969,74.17773888448798
2683-JXWQQ,33.6,35.02904207815651,35.02849597950677,35.04413242933496,36.13790685141603,39.03317609368087
9585-KKMFD,20.0,19.921397226554795,19.923169366142318,19.928136440085954,20.451897664478775,21.774811297269725
7524-VRLPL,74.1,75.0369590591273,75.0360960953596,75.03714201526401,74.43585387950532,75.16014270948308
3780-DDGSE,76.05,74.91236731667155,74.91368880939024,74.91954273603565,74.43395116296492,75.4122652775691
2207-OBZNX,51.0,50.06625363653169,50.0660008530257,50.06764272622399,49.80618495322862,50.58405497143769
0023-UYUPN,25.2,24.93659740655938,24.93683648849119,24.950546776650874,25.45990692257312,27.718072736573895
5975-BAICR,63.7,65.01131634392249,65.0122743120727,65.0145886335106,64.57914636701676,65.49837829985037
2669-OIDSD,100.05,99.96108516025774,99.9619824231147,99.95462070329671,99.5617422947732,97.42919804193744
8146-QQKZH,81.85,79.99986169727687,79.99871309630765,79.99715291243811,79.35024302133364,78.96764172621776
2307-FYNNL,109.05,109.94442320395687,109.94422463736288,109.93491342823889,109.3626525968275,107.52286173370592
2985-FMWYF,93.5,94.90101198647531,94.90201913950312,94.89844658264144,94.84419302122858,93.7450228105866
5387-ASZNZ,63.85,65.04845168711147,65.0472223471835,65.05471105465907,64.53568966662544,66.4486039038189
5349-AZPEW,25.05,24.946525350540554,24.945690303412025,24.9580504095335,26.36508975642161,28.6893523757071
9481-IEBZY,112.9,115.00311633064138,115.00117195156454,114.99222132798839,114.18392191084094,111.78449063132422
9818-XQCUV,20.35,19.97754818622518,19.976396655269,19.97666495144365,20.346129896641983,20.21344839442596
3750-RNQKR,19.45,19.97586264120457,19.975961539771617,19.977304007818617,20.373249837112954,20.457879456486165
5442-UTCVD,91.85,89.93087746241305,89.9298075746674,89.91964832485831,89.74712701165582,87.84041181037952
3649-JPUGY,88.6,84.9465911632625,84.94534699331258,84.94941232725279,84.36763659115176,85.6284908696901
2195-VVRJF,59.1,60.02603896036405,60.02677538355831,60.03256780841306,59.68059013739523,60.719902416561986
1271-UODNO,53.85,55.03607832975891,55.038040018566186,55.04498920347171,54.88897538008689,57.25501712931505
0118-JPNOY,85.8,85.02125007316462,85.02242534565865,85.0149472559041,84.79535953363406,83.00009450024501
9499-XPZXM,64.75,65.04304173375692,65.04179469482527,65.04462638557892,64.55196163090804,65.56581584189725
7343-EOBEU,23.6,24.99093643148803,24.98991009458311,24.99542260386259,25.332443202359546,26.275430010346746
3877-JRJIP,59.85,60.0191898474588,60.01798038909019,60.02751877743012,59.89487567443792,62.00447358842478
5498-TXHLF,87.45,89.96949866430856,89.97064159698239,89.96591082576337,89.87919204287189,88.66787407962173
3969-GYXEL,76.4,75.02183934823498,75.02198441935445,75.01213828528131,74.862113157523,72.8051635607084
5730-DBDSI,19.7,19.953659950047467,19.95322496657454,19.96121173071557,20.51969751565621,22.151943132925407
2868-SNELZ,80.6,79.99955637054072,79.99845776864274,79.98751216973899,79.8998417679602,77.83466093560794
7797-EJMDP,66.05,65.02477941198138,65.02450200527153,65.0195334095904,64.43708059418813,63.56067422506389
4067-HLYQI,70.4,69.96122841207938,69.96260391353083,69.96200884564533,70.15057193497594,69.85142894483542
4231-LZUYM,25.65,24.951237767672282,24.949755245541155,24.961167897266094,25.519570791609258,27.570109792145203
3638-WEABW,59.9,60.01321857103964,60.01401474024323,60.02293787940337,59.742788622665486,62.15424398679019
5060-TQUQN,83.55,84.96743282430492,84.96867002771523,84.96161548640254,84.71193301745275,83.4826578262267
7802-EFKNY,24.95,24.972801722361275,24.972144419388727,24.99388078730672,26.36508975642161,30.40976260120889
7576-JMYWV,110.2,109.91640841284477,109.91734255735108,109.90717837881485,109.26366972884261,106.80314806630395
3496-LFSZU,70.5,69.98574584115033,69.98501501345035,69.98033352468883,70.07192410761013,68.79884344666418
4795-WRNVT,65.1,65.04282354973331,65.04417921834721,65.04195268027061,64.59053257787117,64.31633849196456
3938-YFPXD,84.3,85.04825016002756,85.04688767143324,85.04427520891664,84.3365563270512,84.2632318837039
6651-AZVTJ,99.8,99.90989109886056,99.91058472785639,99.90875389202095,99.76444520322688,98.98806981818964
3658-KIBGF,54.9,55.046370620869055,55.04537117430043,55.049204808903,54.59219834462979,55.74610811270541
4143-HHPMK,85.35,84.89605467020519,84.89684540990781,84.89586801306339,84.84895842720309,84.36010855888796
4821-WQOYN,20.1,19.940033953970705,19.93861309442577,19.95115296276826,20.535969479938792,22.984517429768562
4291-HYEBC,39.1,39.81957535446441,39.820396262060086,39.83956614019439,41.07432422483713,44.699567540407436
8849-AYPTR,91.25,89.91554456814475,89.91684870336704,89.91091252900193,89.88771165002908,87.95227633363561
3898-BSJYF,73.55,75.03376883018667,75.0332466150904,75.02500033048004,74.27584623072657,73.44669223933542
7562-GSUHK,93.2,89.94573290875728,89.9464244198983,89.93720476390128,89.60106697828137,87.74568322565914
3523-QRQLL,69.5,69.88283988377984,69.88346949679067,69.88639793516492,69.61508484308877,70.32482638610095
9661-JALZV,24.7,24.971143414907054,24.971725153434193,24.98286848254302,25.481602874949896,27.993756307640226
4670-TABXH,109.75,109.93652155990233,109.93528551674532,109.92654412514293,109.41271681925775,107.64395358292472
7966-YOTQW,54.5,55.11067783547393,55.11066342249469,55.115665839760375,54.79792224704038,56.38068166679985
3694-GLTJM,19.65,20.003416673473556,20.002716116816078,20.009167259824068,20.354265878783274,21.50477804088732
8835-VSDSE,70.7,69.96368434122327,69.96272711655354,69.96189597492325,70.06650011951594,69.51598772198322
3721-CNEYS,70.95,69.96125229934876,69.96030555914481,69.95828785482273,70.06650011951594,69.51580723663145
9667-TKTVZ,54.35,55.02549448072233,55.02446861460883,55.028214965303796,54.788631600344296,55.97648625837815
2927-CVULT,104.05,104.93266090734404,104.93380091939298,104.91856163166621,104.23982755854149,101.67757395823806
6595-YGXIT,88.95,89.94556946165395,89.94674657972004,89.94477764931347,89.80732911535799,89.26832201310864
0864-FVJNJ,113.35,114.9341981996478,114.93308380925467,114.91766704181816,114.16222595846416,110.89588877533708
4537-DKTAL,45.55,45.013618245820304,45.01260885921617,45.02059149490057,45.021419891409955,46.7344945210175
3466-WAESX,69.1,69.98274955144856,69.98332100388207,69.98538426783122,69.46105281665524,70.4913055866983
2483-XSSMZ,47.85,50.022018216716155,50.023110233027566,50.03267156169847,49.89296876273574,52.198777298658065
4163-KIUHY,25.6,24.984305567927183,24.98553800170093,24.998555333409765,25.41922701186666,27.931513347882486
8486-AYEQH,76.05,74.96497674290464,74.96631532467103,74.96846955090163,75.12874925855222,75.49598485323793
0516-WJVXC,54.2,55.07967525488489,55.07910318024335,55.07845833552096,54.58437136239831,54.72194083288196
5304-EFJLP,111.65,109.88908197108327,109.887787521225,109.8812982324031,109.41271681925775,107.87125787657229
4137-BTIKL,90.75,89.9836378801507,89.98253261176453,89.9647868483701,89.66587977241812,86.16993737493776
2863-IMQDR,89.65,89.99289257854247,89.99327521481541,89.9893845110866,89.10900974821688,88.85109965382931
2930-UOTMB,65.25,65.13997105977782,65.1412161351256,65.14059583827101,64.48822485606709,64.8943156210583
5673-TIYIB,40.4,40.031709018866394,40.03068240567703,40.040830533022586,40.79258986400173,43.11512477892846
3645-DEYGF,20.75,19.96760294641386,19.966202647427608,19.96459469433972,20.343417902594886,20.10870997474411
1099-GODLO,20.35,19.925627172862484,19.92489317995404,19.921823081797207,20.343417902594886,20.031056561297824
1955-IBMMB,20.2,19.94489664398367,19.94543041732755,19.95588992319346,20.500713557326527,22.746871877214353
6857-VWJDT,95.65,94.91346845071925,94.91215809205124,94.89762819435563,94.78452915219243,91.5671595620282
6410-LEFEN,45.15,45.01243836430588,45.01235236767811,45.0210763351293,45.04040384973963,46.905596264459646
6692-UDPJC,91.65,89.95638510563808,89.95665498610168,89.95050817543796,89.75882222242004,88.33611950615438
7858-GTZSP,86.55,84.90858779675196,84.90878832474931,84.9062148525562,84.9217946213059,84.21908449307007
5232-NXPAY,74.45,74.94291788695114,74.94454164428116,74.94050131376045,74.51395007262012,74.09345799585543
1355-KUSBG,48.8,50.0012508236338,50.00073130471685,50.009870289951,50.01858117331591,52.047922760555444
1174-FGIFN,90.45,89.87257439489511,89.87340023482383,89.86750143174035,89.74879692332334,88.56723600586773
8750-QWZAJ,19.8,19.920393136894404,19.91922295215808,19.928178978646265,20.5305454918446,22.169600729625433
7850-THJMU,19.65,19.957730648643732,19.959341493342826,19.96137544084585,20.411217753772316,21.09410405656054
0310-MVLET,99.15,99.8648358979035,99.86447477756134,99.86368878938924,99.74953415070202,99.0283733725003
2623-DRYAM,101.75,99.88888407185442,99.88693993052095,99.88890934625135,99.82139707821594,99.54012886632476
1905-OEILC,19.5,19.977716740727242,19.976414977180113,19.976581402547634,20.343417902594886,20.18900528821994
6899-PPEEA,96.55,94.88113374828605,94.88237907496935,94.88251066678433,94.88216093788793,94.31453059111846
3104-OWCGK,90.95,89.93174412401444,89.93123063948335,89.9252907553757,89.7683879321097,88.42515316288818
5287-QWLKY,105.1,104.94537056685516,104.9434924152392,104.93802423145773,104.54785918275618,102.91339299997927
2603-HVKCG,101.4,99.91481588587222,99.91625667051136,99.9087720871287,99.53431335439242,97.79150855218242
9845-QOMAD,19.75,19.940262602985342,19.940134778134762,19.939774681059674,20.37867382520715,20.385109345107004
4816-OKWNX,103.4,104.88349812280372,104.8839135251321,104.87162243462605,104.36945163855114,101.79087479941548
9103-CXVOK,19.75,19.971229910667986,19.969824733724202,19.97427014028257,20.343417902594886,20.982974884390757
2845-AFFTX,99.8,99.91629027538299,99.91744113199144,99.91765369038312,99.74274925085011,99.10012457566486
7776-QWNFX,50.4,49.99189197884431,49.993272186078876,50.00602964440399,49.89964108041242,52.42492953154281
1468-DEFNC,24.4,24.915010746636757,24.91469141755974,24.92847026901912,25.49787483923248,28.28760441039985
7905-NJMXS,64.2,65.07568581436183,65.07533493660553,65.07581403770776,64.37568201784671,64.70426671513421
1866-OBPNR,74.6,74.98917086124169,74.9879423637073,74.97651712325754,74.86607348115258,72.65773158459659
3720-DBRWL,83.85,85.02603229104984,85.02750390711046,85.02301616422916,84.09828849607544,83.67943744403742
5073-RZGBK,80.05,79.97996054704024,79.9803449127204,79.98001322454513,79.1866113482942,79.62525481486807
0129-QMPDR,20.5,19.931659005019423,19.9322667503672,19.942042428408058,20.46003364662007,22.336402859130917
2560-PPCHE,105.05,104.87632079994961,104.8751747649183,104.8678493130617,104.54399252415428,102.82132268289116
1496-GGSUK,25.7,24.93987507960201,24.93860709039548,24.956192833438543,26.354241780233224,29.665029560385722
4671-LXRDQ,45.0,45.01493555721544,45.013989741711896,45.020281342714156,45.021419891409955,46.626440584453725
9432-RUVSL,102.5,104.97886157613686,104.98046110666021,104.96364923217322,104.33294738635638,101.18658251374146
3992-YWPKO,109.9,109.96471108788379,109.96421987582934,109.94860263674653,109.23372521214932,106.10836198677367
8980-WQFWL,62.1,59.95946455985993,59.96088189862442,59.972775822859106,59.80522928138648,62.182307245664354
0212-ISBBF,50.35,49.8801017964513,49.881091177747315,49.89682372640415,50.95061872595914,53.70432508256527
7722-VJRQD,60.95,59.94432421285933,59.94277688596266,59.948694528988796,60.6884888982511,61.74751730743841
4135-FRWKJ,76.25,75.02984479929273,75.02967261707207,75.03320329009838,74.44587917860201,75.26577687329211
5161-UBZXI,106.35,104.93706305357536,104.93631346923985,104.92099446820596,104.34244428025539,101.36675919578224
5327-XOKKY,73.45,74.95665786659268,74.9552978639124,74.96830313838086,74.78174083820414,77.34263015718793
3988-RQIXO,91.3,89.8785891862446,89.87739065000862,89.87244057123526,89.80092784052196,88.16325123106982
0479-HMSWA,105.45,104.8630834480345,104.86496871709181,104.8490912958283,104.3043637814208,101.58988194617095
6923-AQONU,20.9,19.934374395170114,19.935891979039983,19.934855310718884,20.403081771631026,20.56880489783027
5562-YJQGT,20.35,20.013865524557957,20.012676996724345,20.015200038556465,20.346129896641983,20.66541823453817
7598-UAASY,76.4,75.00702623203217,75.0060063285249,74.99989440448084,74.91624045628973,73.4375983086227
7251-LJBQN,103.75,104.92351442657872,104.9243478200465,104.91595462063108,104.52364765406688,102.69056304154981
4910-GMJOT,94.6,94.90472018552066,94.90348018636993,94.89743352378682,94.78452915219243,93.20727447405416
0257-ZESQC,75.2,74.9993141576324,75.00053382706052,74.99704303940402,74.90550506227656,73.7676539425525
4765-OXPPD,65.0,65.06897837888125,65.06886992616796,65.05992778489016,64.24724503104423,62.987782433866656
6583-QGCSI,88.05,89.93133221962395,89.93212830253185,89.93524097035379,89.87512896653541,89.87958015361093
9805-FILKB,20.2,19.9313218960153,19.931831652261224,19.94189880556538,20.465457634714262,22.385289071542957
2706-QZIHY,25.2,24.95444914961563,24.955425447250004,24.955986019243507,25.364987130924714,25.724882898289838
7673-LPRNY,78.55,79.98895770229667,79.98966234935651,79.99196700903258,79.42005822147956,80.21123901736104
6778-YSNIH,59.0,59.98831950378647,59.98741985671766,59.994232422747615,59.7162717124983,61.19221651220788
9050-QLROH,90.7,89.97609758892342,89.97678800857435,89.97063104872382,89.78780692236228,88.6312696204941
0707-HOVVN,75.5,74.97654585744507,74.97561972932039,74.98406636673494,74.51763935340904,76.6193902931791
7102-JJVTX,48.6,50.01568594318474,50.01517863339547,50.01237277075755,49.81160894132282,49.74525437232744
1810-MVMAI,67.6,70.0877016021862,70.08894769807856,70.0877311612986,69.28779821770374,69.64649962511984
7993-NQLJE,75.1,75.01228845540825,75.01270915350077,74.9978622778444,74.87296113371139,71.94873673311356
9281-OFDMF,90.7,89.89928311526543,89.90055896011181,89.89671858269654,89.79730381626128,88.77494952075806
6789-HJBWG,49.4,49.992355669519824,49.99274631700814,50.00293020262099,49.85082518756467,52.17958342501777
2139-FQHLM,89.95,90.00921395123325,90.01001581048675,89.99367453792358,89.63852121775884,86.31464849102125
3723-BFBGR,54.8,55.038948089334674,55.04001492854667,55.047606369799794,54.86697042780031,56.78338745785572
0639-TSIQW,102.95,100.05177977603225,100.05070564419623,100.04445520367157,99.54217829369304,98.16855352625572
8626-PTQGE,60.05,59.92444673699978,59.9236621582317,59.93156332956176,60.63289793501977,62.2673195845139
3541-ZNUHK,85.1,84.98332126918824,84.98368579369134,84.98147860999897,84.7673275629495,84.27253078422119
4568-KNYWR,63.25,65.0476780737432,65.04910424440918,65.05097978338873,64.62307650643635,65.74982219548203
9658-WYUFB,94.4,95.00414180330444,95.00487536268427,94.99532502515636,94.55683825456438,92.68087172576679
0997-YTLNY,48.8,50.00139050198351,50.00212929866938,50.002032593667245,49.851134187474486,50.27436572604168
3208-YPIOE,75.25,74.98602691581934,74.98727960751273,74.98646194613298,75.150445210929,74.925499215155
7707-PYBBH,61.9,60.06545931500625,60.06692755200115,60.066408988813585,59.48157650973046,59.904022967737866
9313-QOLTZ,20.9,19.98595829952869,19.987042795066294,19.98961784455052,20.411217753772316,20.800082943370448
6654-QGBZZ,19.9,19.977716740727242,19.976414977180113,19.976581402547634,20.343417902594886,20.18900528821994
6877-LGWXO,78.55,79.90627612126923,79.906977720174,79.90332318833403,79.95446527391803,78.55586988494254
8020-BWHYL,75.3,74.96703118791307,74.96762525671132,74.96379782157356,74.90404139781195,74.07338468098358
3594-IVHJZ,20.45,19.967604998646962,19.96651822069984,19.970402955032505,20.346129896641983,20.97947888215705
9507-EXLTT,79.35,79.96333248726587,79.96212184371805,79.95665614234301,79.95635459087345,78.32649418084486
9793-WECQC,95.3,94.9039693052096,94.90507452662851,94.88930968976587,94.66287706524184,91.26820771613772
1266-NZYUI,66.85,65.05104964366991,65.04961244271094,65.05237612262677,64.59941661199807,65.738534248583
2342-CKIAO,20.3,19.97754818622518,19.976396655269,19.97666495144365,20.346129896641983,20.21344839442596
6963-EZQEE,88.55,90.01392380446592,90.01299889282657,90.0142317500023,89.13341769464076,89.64248829223126
2796-NNUFI,19.95,19.908099032691517,19.909656124431848,19.915784999173816,20.465457634714262,21.897026828299825
3486-NPGST,19.55,19.94423615637887,19.94515464240306,19.948144878578876,20.43833769424329,21.00297250976351
9070-BCKQP,110.15,109.98586083407756,109.98454608281787,109.97356051887228,109.38163655515719,107.04472508466962
7742-MYPGI,48.8,49.996070564806594,49.99556553695771,49.99880330642986,49.81587826486222,50.722816318446284
9929-PLVPA,20.4,19.990959199887477,19.989954437393983,19.99135054356887,20.351553884736177,20.63400913347438
9124-LHCJQ,85.45,84.90924697389501,84.90804123326994,84.89942492144289,84.89196268678783,83.07612590050897
2792-LSHWX,83.4,85.01715476034033,85.01615112639286,84.99773625078262,84.42088896999965,80.96602405358593
9330-IJWIO,100.35,99.95485838332249,99.95512946765686,99.94519760298978,99.5882781723408,97.33599060448027
0617-AQNWT,47.85,49.95630685164865,49.95619591079613,49.96706916853655,50.77422648046973,52.797318206198426
0895-UADGO,44.55,44.92111867574063,44.92141658881053,44.92164915770985,45.7726144770585,46.552333448899326
7255-SSFBC,112.25,109.88403123057734,109.88267150951387,109.87297292541163,109.41271681925775,107.5636582694489
5834-ASPWA,75.45,74.98248879931944,74.98131709937587,74.97953585726182,75.0473894371393,74.76269166705731
4132-KALRO,100.85,99.91742142037907,99.91661629842835,99.90224654151655,99.5762755315976,96.48523750566989
8064-RAVOH,49.85,50.01467310030847,50.01347734825505,50.0219765044649,49.868448234136636,52.083427663437305
8028-PNXHQ,24.25,24.93286633080129,24.932847557294494,24.944423037201048,25.492450851138287,28.011413904340255
9508-ILZDG,96.35,94.94599887052664,94.94737303960719,94.943250812309,94.61534745904574,93.56702810625538
4361-JEIVL,44.4,44.993729818430765,44.99253641680561,45.0022592413855,45.01870789736286,47.39578658906674
2430-USGXP,101.05,99.93667417707844,99.93772239384842,99.93379611175037,99.69664535204946,98.45728747651498
5965-GGPRW,105.25,104.94136729293955,104.93986500962582,104.92763007423052,104.59802615789332,102.11968114617017
2542-HYGIQ,19.95,20.014034079060018,20.01269531863546,20.01511648966045,20.343417902594886,20.64097512833215
1035-IPQPU,103.5,104.89049281128302,104.88994090484988,104.89146630556478,104.60469847556999,104.0725002664063
3617-XLSGQ,109.25,109.92028935489729,109.91982097638814,109.90451771667105,109.38403954929449,106.407649863143
9107-UKCKY,79.8,79.93564539891764,79.93507858918892,79.94623705256939,79.55419425936981,81.7394860367967
5146-YYFRZ,19.95,19.953491395545406,19.952908948934184,19.961063132010942,20.522409509703305,22.176386239131425
5649-VUKMC,95.5,94.89636393218242,94.89621820674293,94.87951998953,94.68050011181381,91.21080577236594
3472-OAOOR,34.95,34.989204829411364,34.98996438544086,34.999411116315585,35.97654812034791,38.0676125604853
0397-ZXWQF,20.5,19.953491395545406,19.952908948934184,19.961063132010942,20.522409509703305,22.176386239131425
1346-UFHAX,80.0,80.05529399172144,80.05558634727753,80.0477485276682,79.85113845728768,78.46929321330077
7252-NTGSS,45.15,45.01259187794275,45.01142665223942,45.014440620162226,45.01870789736286,45.83596699051662
3198-VELRD,84.75,84.89516891577318,84.89408790114604,84.8881604552154,84.89738667488203,83.49686712490917
3407-QGWLG,20.05,19.957322649831518,19.95628298910193,19.958496224219058,20.34884189068908,20.923626674887238
9874-QLCLH,104.2,104.9549902734001,104.95549917671337,104.94465844239517,104.44886648530296,102.04128927555087
8668-KNZTI,53.75,55.063168898998256,55.06353153773715,55.06971322801861,54.77796502212179,56.4381482659758
8249-THVEC,19.4,19.934026086409084,19.934203682786137,19.93876947793624,20.47901760494975,21.28950427472976
6060-DRTNL,84.85,84.95725480942629,84.95664577658529,84.94842771495664,84.81694290383561,82.88706164822308
6773-LQTVT,35.65,34.926327817928524,34.92750418273192,34.944463327603174,36.082203306009475,39.39159013460977
7853-GVUDZ,20.15,19.98395371768995,19.982566265769776,19.988456735074855,20.343417902594886,21.326890787939185
4897-QSUYC,20.15,19.967773553149023,19.966536542610953,19.970319406136493,20.343417902594886,20.955035775951032
5197-PYEPU,94.45,94.98733200613799,94.98814654818821,94.97774800766094,94.62463810574182,92.74817847294344
3785-NRHYR,19.65,19.990172162080214,19.98887482313286,19.98860057261469,20.343417902594886,20.18900528821994
6087-MVHJH,88.45,89.92885686062142,89.9294269718395,89.92608773614224,89.78238293426809,89.00449799226472
1685-VAYJF,45.2,45.05967909260788,45.05977752349309,45.06566964873255,45.045827837833826,46.532367892689024
9912-GVSEQ,93.85,94.90245103861326,94.9036670668138,94.90211597887405,94.6117882304228,93.91104118753321
4636-OLWOE,61.0,59.98292651196557,59.98315748486523,59.990849434057296,59.59807967158042,61.85071628819074
9600-UDOPK,94.05,94.94984198414153,94.95105061355252,94.94650146358063,94.86317697955826,93.49419045519787
8631-NBHFZ,79.4,80.06156347607788,80.06111219312298,80.05912813187581,79.27799646880383,79.51087140845372
1053-MXTTK,108.65,109.91512413693528,109.91384971107772,109.89863858562953,109.20032059917047,106.12772958877086
3549-ZTMNH,24.0,24.94129405590434,24.94189303622546,24.946585007648643,25.35685114878342,26.78925859403924
7825-ECJRF,106.6,104.9805796348164,104.98143398747118,104.96643346893116,104.25429955899057,100.9776809167476
6439-LAJXL,68.95,70.06739483569068,70.0674210060195,70.06191485024326,69.29007115967504,68.40353130995332
4075-WKNIU,73.35,74.98927293686201,74.98848767935993,74.97916815900852,74.32779977011222,73.38295340914276
8042-RNLKO,25.45,24.966643691459794,24.965135510889223,24.975648982651627,25.503298827326674,27.459563072688223
4881-JVQOD,34.55,34.877481079626875,34.877209561880875,34.895382937086474,36.22322297630563,39.44439118597458
9593-CVZKR,24.45,24.915026011786555,24.915739210211406,24.924164976135582,25.476178886855703,27.412785426991924
9972-EWRJS,19.25,19.91095561282237,19.91032005011575,19.92238420735829,20.522409509703305,22.862301898738462
9888-ZCUMM,60.05,59.9357294612976,59.93548155172786,59.943664180233256,60.66679294587432,62.31800294552133
1265-ZFOSD,81.3,79.98940255770692,79.98948629084546,79.98831909433675,79.22457926495358,79.55949137198505
6078-VESFR,70.45,69.97191167776589,69.97214339743685,69.96808232868605,70.09633205403401,68.82402111198326
0306-JAELE,96.1,94.92229068549395,94.92171123918777,94.91109349054925,94.59538621397422,92.11243749953888
7075-BNDVQ,35.0,35.03993521253873,35.039085334755775,35.04508980794898,35.98332319073148,37.26806402794956
2208-MPXIO,20.0,19.91466381186771,19.916214473381118,19.924828362002426,20.462745640667166,22.324553562206013
3096-GKWEB,94.75,94.9167422222131,94.91742724617828,94.91399542097605,94.83063305099309,93.62298776490829
7404-JLKQG,57.55,60.02867126244198,60.02776531303234,60.032330011876034,59.76643868763543,60.7036428508444
5049-GLYVG,20.6,19.990172162080214,19.98887482313286,19.98860057261469,20.343417902594886,20.18900528821994
6704-UTUKK,45.9,44.903443221866,44.90462389091078,44.92447419882711,46.16731732860507,49.44097995715022
9397-TZSHA,24.6,24.9792325029626,24.978278531791247,24.987613752754356,25.511434809467964,27.49659998817536
4686-UXDML,99.85,99.92683766773095,99.92777438105747,99.91885532543998,99.64105438881813,97.70864936820088
3808-HFKDE,44.35,45.00064107720499,45.001617461482404,45.015222651852895,45.070235784257704,47.940500920456955
3580-HYCSP,110.3,109.92179026165968,109.92043758291518,109.90932972557599,109.40031151357705,107.32033898811022
9795-VOWON,24.35,24.97757381065957,24.976830804334533,24.993639690846816,26.370513744515808,29.99481224841935
2159-TURXX,20.05,20.025815282404743,20.02505439733799,20.027448426302268,20.354265878783274,20.738747553156234
0096-BXERS,50.35,50.023988593802216,50.023444702004696,50.0338104768377,50.01586917926881,52.10377496782526
6507-DTJZV,66.4,64.9714595754916,64.97159545829221,64.97167270330915,64.78839154098115,64.94554159862207
9962-BFPDU,20.05,19.957579566935394,19.95616435888359,19.956183644373183,20.343417902594886,20.108890460095886
4587-NUKOX,79.1,80.00361075297161,80.00290508504172,79.99332669152679,79.64270256082997,77.8102765530003
4060-LDNLU,96.2,94.92610746743948,94.92563983641074,94.91616241111787,94.80080111647501,92.58790262355919
2379-ENZGV,84.85,84.95767794823787,84.95733575018082,84.95050842971655,84.77219991679266,83.30527116491481
4877-EVATK,20.0,19.990172162080214,19.98887482313286,19.98860057261469,20.343417902594886,20.18900528821994
9442-JTWDL,20.05,19.984767357263173,19.98441199549898,19.98655556914294,20.370537843065858,20.843864694725212
2748-MYRVK,99.9,99.87219927578772,99.87125698861419,99.8637502379857,99.75495813879621,97.9276878454555
3966-HRMZA,75.05,74.9732568167626,74.97234533043601,74.9625991945819,74.91895245033682,72.81508079882963
2862-JVEOY,19.15,19.961748212793676,19.960843407252298,19.959746910171308,20.35697787283037,20.2696793235829
9489-DEDVP,69.2,70.02066402167694,70.01969224849609,70.02555403838527,69.65549371095456,71.38101081569823
9469-WEJBT,90.35,89.94599397593419,89.94739112367756,89.94292254493382,89.63934389485053,88.32537430860356
2384-OVPSA,20.2,19.922009354917655,19.923859487304206,19.927252957809447,20.443761682337485,21.242870612692187
2186-QZEYA,58.55,60.03794644606109,60.03924213503978,60.0467284002048,59.65173548961898,61.507032332570766
6202-JVYEU,19.9,19.952494284088893,19.95202809702034,19.959738599262668,20.365113854971664,21.983123554226918
6419-ZTTLE,20.75,19.935048087774135,19.93570725701731,19.948110817809543,20.403081771631026,22.55281182011054
1891-UAWWU,90.8,89.97690916784336,89.97764915199275,89.9743414742634,89.84122412621254,88.63327019986083
6963-KQYQB,24.05,24.922609436335918,24.921417814596143,24.92852159425782,25.514146803515064,26.988958426145118
2521-NPUZR,101.0,99.99607189494955,99.99523682930834,99.9788790162606,99.30233014567168,96.13604405285325
8242-SOQUO,84.7,84.92787260622654,84.92735638188223,84.92273942547615,84.76948792274557,83.50813235235634
9823-EALYC,80.85,80.03820632298905,80.03688328616518,80.03803622054087,79.29426843308642,80.19625623977338
2314-TNDJQ,55.65,54.95787777221732,54.9564714551825,54.96226105163306,55.59820778853026,56.92508051239706
9714-EDSUC,94.9,94.96951303649527,94.96892677554408,94.94797091312354,94.27359820178947,90.22687202995051
1383-EZRWL,20.05,19.976705413714875,19.97623634669901,19.977029123400484,20.35968986687747,20.33566392545606
6617-WLBQC,81.85,80.01583328371099,80.01638124829817,80.00462326520159,79.87825839775863,77.82603746383867
6652-YFFJO,64.9,64.93684487527773,64.93698236335051,64.94483755757592,64.78296755288696,66.16509577159962
1401-FTHFQ,20.0,19.96511976322135,19.965671057873664,19.97225327208857,20.403081771631026,21.82309762880449
1803-BGNBD,54.3,55.00675749026404,55.00715166349063,55.013570614009645,54.63443558482855,56.2583015623103
1470-PSXNM,93.65,94.93226756007454,94.93275721999817,94.92950428777912,94.72215730926209,94.19363701898494
9185-TQCVP,85.15,84.92313815097532,84.92352774579976,84.9219270959802,84.9272186094001,84.26815119083389
6481-LXPWL,36.1,34.9604869044428,34.960341848286404,34.97976463213698,36.15542714528111,40.23467805296983
5066-GFJMM,19.9,19.969868486019408,19.968916876263165,19.97409105252749,20.34884189068908,21.004102473714852
7519-JTWQH,110.5,109.8922186465224,109.89146529399025,109.88184016765149,109.40458083711646,107.57044377895488
9957-YODKZ,80.8,79.98750287540093,79.9869860153414,79.98756269862281,79.91068974414858,79.80003305145732
8430-TWCBX,20.7,19.98079432805936,19.981177251442922,19.98947061111513,20.473593616855556,21.772883215905765
5955-ERIHD,94.7,94.9167422222131,94.91742724617828,94.91399542097605,94.83063305099309,93.62298776490829
5186-SAMNZ,69.5,69.96155910233789,69.96036554405582,69.95744534452443,70.06378812546885,69.29655383989032
5759-RCVCB,35.2,34.99759526091533,34.99651923086972,35.008775291038084,36.25223223373201,38.429614980781636
0220-EBGCE,85.85,84.93505952088759,84.93409084528169,84.92799984805964,84.76081370593826,83.39096696874853
7427-AUFPY,19.65,19.985603717730843,19.986601774909886,19.992281659506645,20.48715358709104,21.858625858453163
3221-CJMSG,51.1,50.06194651724709,50.06311362422841,50.07039132703618,49.86469415770997,51.694876898390916
4194-FJARJ,60.0,60.033140342829306,60.03407129292719,60.0351086316331,59.70086038237654,60.610917262504074
8138-EALND,19.75,19.98781239905136,19.98820154235638,19.989445250517974,20.38138581925425,20.531208775104226
8345-MVDYC,81.65,80.00181207245595,80.00349583206865,79.99661905681572,79.27973117610911,78.33194047950946
6119-SPUDB,38.25,40.02776077147644,40.02938943284465,40.03337280843308,40.880837337973446,42.29555872709688
1202-KKGFU,54.2,55.08612871753949,55.086310048535076,55.085378734131865,54.603355320727985,54.471108477493225
6556-DBKZF,76.05,74.92841894029772,74.92727837474582,74.92664849114857,75.10336804553944,74.96604342456419
6339-DKLMK,31.65,29.946931979415666,29.947292652539115,29.96666924597094,31.18907106448214,35.03975431971425
1977-STDKI,73.0,74.93426853498876,74.93321872492032,74.93048538239981,74.86607348115258,74.15329577828194
4001-TSBTV,91.55,89.9372638008636,89.93734970220974,89.93648890569149,89.76296394401551,89.18383893387437
7912-SYRQT,75.1,74.97422335324862,74.97381660398328,74.97086684786177,75.06366140142188,74.48723572011079
4779-ZGICK,23.55,24.938773056734235,24.940074359477794,24.943220638071192,25.454482934478925,26.451210089612673
0670-ANMUU,97.65,94.99514560180924,94.9929995395288,94.98186635254933,94.63661775893172,92.34565818489077
8735-NBLWT,20.4,19.96625451039737,19.96592783397844,19.96516308346447,20.365113854971664,20.304254824392267
8930-XOTDP,55.95,54.983867566861896,54.9844801146019,54.98691874551102,54.9573782615681,55.42844911714522
6380-ARCEH,20.2,19.990172162080214,19.98887482313286,19.98860057261469,20.343417902594886,20.18900528821994
1167-OYZJF,20.05,19.916006353328306,19.91543606182688,19.93070951434975,20.522409509703305,23.169901505861855
1628-BIZYP,85.0,84.9046509498103,84.90361924360187,84.89616068384083,84.71064673080112,83.11351014238093
6284-KMNUF,98.0,99.92246140483213,99.92237024913975,99.91809467301385,99.70489391636598,98.34568316102377
4676-WLUHT,46.2,44.928238132118665,44.929293591639315,44.93720475603593,45.91604116164484,47.79886021714965
2138-VFAPZ,19.7,19.913492776757472,19.914419325665357,19.91636864391346,20.37867382520715,21.114847429707176
8648-PFRMP,46.35,44.87356560100902,44.873835132510635,44.89298455440033,46.126637417898614,49.3014571723557
8097-VBQTZ,69.9,70.05737784122343,70.05799205131117,70.05724490337309,69.41211089179441,69.50329060387247
6087-YPWHO,68.15,70.07004421231346,70.06885696229833,70.06739305306888,69.40170196768182,69.8014870761556
8109-YUOHE,56.1,55.03729625861142,55.03777217625914,55.033091159781314,54.63559024938334,54.455541404308626
3807-XHCJH,20.0,19.95877448931501,19.957364887771455,19.962250970215514,20.343417902594886,20.982974884390757
0524-IAVZO,85.0,84.90798585758937,84.90927253082015,84.9100732557415,84.97061051415366,84.6592408901302
8957-THMOA,20.15,19.951253298719756,19.95246818762412,19.956643858893322,20.476305610902653,21.680558120153247
7521-YXVZY,19.95,19.967265837409734,19.96616142367109,19.9647582206302,20.34884189068908,20.157596187156145
7077-XJMET,74.15,74.98690888662506,74.98714592338985,74.99087035609207,74.41903028097171,74.95607857482051
9625-QSTYE,81.15,79.97070763800215,79.97119368176702,79.96665008441268,79.74835774649154,78.9069498334772
7924-GJZFI,69.3,69.94228911251545,69.94348548673818,69.9471512938207,70.12887598259917,70.30548345836925
2034-GDRCN,90.4,89.89593910690294,89.89492849209162,89.88820469141478,89.80363983456907,87.96039004362828
4186-ZBUEW,70.7,69.92295712548253,69.92406211833608,69.92563210028608,69.52769800327788,70.38815638567121
4026-SKKHW,50.25,50.029168823457596,50.02837218634898,50.03100173149727,49.80774228272092,50.72960182795228
8548-AWOFC,63.85,64.9811410840839,64.98011462451522,64.99206554393965,64.80677246900706,66.83659813522554
0680-DFNNY,101.1,99.93819116759698,99.93862924040437,99.93362275493709,99.67223740562558,98.2372995206608
7501-IWUNG,73.8,74.91687398722635,74.91712834288148,74.92135595573754,74.55191798927947,75.57354698245895
7176-WRTNX,114.95,114.95666636519985,114.95576680238355,114.94069723606228,114.17849792274674,111.43028574111477
8450-UYIBU,39.85,39.95056072003529,39.951794686827085,39.974755748957705,41.18875638001291,45.31488481930616
1794-HBQTJ,48.6,50.09112688052386,50.0899999790094,50.093710922416896,49.78991298894604,50.88936617431378
1862-QRWPE,20.65,19.924101335939746,19.925419651086983,19.930858852392582,20.470881622808456,21.631852393092988
2996-XAUVF,40.05,39.88107666045265,39.88013303890489,39.89553411488481,41.16955301639534,44.31270249119456
7145-FEJWU,105.3,104.89160630850769,104.89174651256414,104.88182916161884,104.46638677916803,102.5181217574241
6710-HSJRD,114.1,109.93520563754475,109.93495307715128,109.93007151219932,109.38288488473968,107.87502789763923
7530-HDYDS,84.25,85.01601801214801,85.0174728324616,85.00970407854315,84.59976799493285,83.1746310417376
8042-JVNFH,71.35,69.97268135282417,69.97158319812081,69.96415615015144,70.06378812546885,68.61727970613056
5127-BZENZ,65.2,65.01705091962367,65.01675484581243,65.02131931454042,64.81524043861145,65.87444189000482
0876-WDUUZ,85.4,84.95067939084811,84.95009278159037,84.93960080525108,84.70281974856964,82.43325876610591
0356-ERHVT,45.9,45.02224683324553,45.022378814806444,45.0334504509656,45.045827837833826,47.298578865771894
9912-OMZDS,106.15,104.85853511200911,104.85809419816358,104.8544211284498,104.5938504993816,103.62558673879167
2275-RBYQS,45.4,45.00264869036453,45.001548217670255,45.008178623751085,45.01870789736286,46.601997478247704
0917-EZOLA,104.15,104.87468015033906,104.87338217474252,104.87065782101445,104.62910642199387,103.79253973927976
2749-CTKAJ,20.15,19.938914166968853,19.939383651518806,19.939971634023397,20.40036977758393,20.580654194755173
5160-UXJED,44.6,44.972200034820155,44.97247757281157,44.974126422196754,45.062099802116414,46.105219880669964
7244-QWYHG,44.45,45.003677857103625,45.004020574900046,45.01670747816522,45.93451144279264,48.21722744312672
4226-KKDON,66.65,65.0141654188713,65.01407893906602,65.0173182960469,64.51615407404475,65.41759328673653
7018-FPXHH,59.8,60.02361056091614,60.02457922797715,60.02837687059467,59.59109835399392,61.19805671730231
9897-KXHCM,80.3,79.88135508936301,79.88041654773758,79.8759456341332,79.91378536321156,78.64765417245994
1222-KJNZD,20.4,19.9599143998039,19.960975994349653,19.971522507982794,20.449185670431678,22.280171929973978
2452-KDRRH,101.4,99.94459823240805,99.94337140714723,99.943810503236,99.81326109607464,99.31335026748697
6892-EZDTG,91.65,89.95660420187917,89.95589953736628,89.95126766373687,89.75037724036895,88.52789297448645
6980-CDGFC,20.85,19.9378960457854,19.9363693977685,19.951514956301274,20.522409509703305,22.978889615345217
5071-FBJFS,50.3,50.045304814850894,50.04447927717834,50.04734733156649,49.79804897108733,50.53866476125935
4018-PPNDW,24.1,24.914183239276248,24.914342319381486,24.92356484267438,25.48973885709119,27.535000958022025
9066-QRSDU,26.3,24.94097015860241,24.93911901401083,24.957616985841263,25.511434809467964,28.721217948571812
0318-ZOPWS,20.15,19.93655880952582,19.937979813400048,19.948518422579657,20.473593616855556,22.50262130050593
0419-YAAPX,85.3,84.98798456247692,84.98892891143632,84.9861839748851,84.88881566081784,83.93439063294281
9786-IJYDL,113.2,114.9437141267449,114.94578489610893,114.923159219242,114.08357813109834,110.12280718379185
4195-PNGZS,24.45,24.94162963686508,24.940545927921264,24.949669843190637,25.511434809467964,27.41648516005131
9372-TXXPS,59.85,60.036451863666,60.037026054536526,60.03707575975711,59.5358163906724,60.0011710307931
7734-DBOAI,40.1,39.95707460091866,39.95563537024473,39.96638665669132,41.030418642901694,42.80144666172073
2858-MOFSQ,55.85,54.97935723188232,54.97961359610629,54.984874900066,54.89544145056066,56.83021897940351
8180-AKMJV,44.55,45.0389660286973,45.0378285591256,45.0467137108639,45.01870789736286,47.053967318359916
2690-DVRVK,20.55,19.94297451588351,19.941829959491933,19.945347214949365,20.354265878783274,21.039205813547696
1790-NESIO,20.4,19.933798505051378,19.93474322508454,19.936725711210478,20.37596183116005,21.17051915162521
8083-YTZES,74.35,74.98198313581327,74.98124839383965,74.97977578944521,75.0555254192806,74.83602098567538
0661-KBKPA,78.75,79.93726536133401,79.9373402893361,79.9397599676035,79.51382334857317,80.2336522324614
4139-DETXS,64.45,64.92223494780471,64.92076804786842,64.92463700667834,65.49077425393484,66.18214466164738
1395-WSWXR,20.75,19.954343014459898,19.956023516870882,19.955258044755286,20.405793765678123,20.673362832160343
9546-KDTRB,24.7,24.98969150847992,24.990256335129153,24.99582098986351,25.375835107113105,26.35227857667241
4291-HPAXL,19.85,19.96760294641386,19.966202647427608,19.96459469433972,20.343417902594886,20.10870997474411
6198-ZFIOJ,75.6,74.97930234753645,74.97863492074205,74.97409145018067,75.05823741332769,74.09443360415031
7472-EQOAV,86.7,84.96551222662816,84.96344120286636,84.95971126331274,84.67685849280636,83.84358223505394
5997-OPVFA,89.05,90.00118405696357,89.99993997060511,90.0000176589063,89.13884168273495,89.46407021099574
5236-XMZJY,59.65,60.07554765803499,60.076821776882035,60.07858338167462,59.55313043733456,60.247771469609056
3873-NFTGI,55.5,55.04820892193748,55.04867736558453,55.05681446848299,54.83985048732933,57.077682589879046
8695-WDYEA,51.25,50.07720815112228,50.07605791807596,50.07345700178228,49.78991298894604,49.67136584647048
4342-HENTK,70.65,69.94373382418834,69.94274939515068,69.94260728353922,70.06650011951594,69.74311153027901
8580-QVLOC,92.45,89.9885052460207,89.98707205104836,89.98413935714822,89.13884168273495,88.84504870343638
3143-JQEGI,88.35,89.88389102116665,89.88405249167852,89.87475224840543,89.83347176908714,87.38311889603936
4465-VDKIQ,77.8,79.97980805307006,79.9806599113799,79.9730798201955,79.76191771672703,78.2631348767762
0824-VWDPO,96.75,94.93311581940536,94.9338478165956,94.92067736187201,94.58478087212706,92.06604664045068
3162-KKZXO,100.15,99.87146187235042,99.87142767766562,99.8716353453438,99.78071716750948,99.40060608153024
8445-DNBAE,50.05,50.00234234254641,50.00106978917281,50.01157162265355,50.00230920903332,52.66711412569863
2111-DWYHN,21.1,19.990172162080214,19.98887482313286,19.98860057261469,20.343417902594886,20.18900528821994
2662-NNTDK,24.8,24.9967333596205,24.99538878012149,25.00535933131103,25.500586833279577,27.435119966482205
7502-BNYGS,69.1,69.95886608183162,69.95996543638664,69.96842422910082,69.6801727002191,71.03329774418842
5372-FBKBN,20.75,19.951776435019667,19.95250617573641,19.953567916898738,20.397657783536832,20.597572098864514
4597-NUCQV,101.25,99.88614653446416,99.88725474885464,99.88275180504354,99.64919037095942,98.43139756464916
0020-JDNXP,61.25,59.936248855207225,59.93701486606779,59.9366450344148,60.5854331244614,60.40300183462835
6599-GZWCM,74.65,74.9209882569686,74.92115821444766,74.91162980358298,74.89861740971776,73.30368283914463
4342-HFXWS,69.7,70.04513193414644,70.04556462012164,70.04313910319783,69.44329390860187,69.17392871538786
5035-PGZXH,106.8,104.87917794930713,104.87916921115516,104.87516825219632,104.58571451724032,103.63237224829768
8216-AZUUZ,100.4,99.87245246157768,99.87426455023035,99.86421736970331,99.54547033049062,97.54652477661008
5542-DHSXL,54.7,55.057045264435985,55.056401931854246,55.05324753175572,54.600334326771076,54.17950300464929
8498-XXGWA,55.15,55.067397377811396,55.06667637656037,55.07664820070744,54.813220944734056,56.68957669110921
6542-LWGXJ,25.0,24.981887096564,24.980881868563728,24.993926217591248,26.359665768327417,28.720761476770893
6248-TKCQV,80.6,79.9551870907723,79.95408926432853,79.95664304065147,79.48139200218321,80.21262025652833
3068-OMWZA,88.8,89.98019189528277,89.9789402910433,89.97551382555932,89.78969623931769,88.93470118432576
2430-RRYUW,54.8,55.01909390043222,55.01801929682536,55.023922916240124,54.76847795769111,56.41928409613471
8292-TYSPY,55.0,55.0837325716351,55.084604158663,55.09004799579035,54.70087452424826,56.26030244173138
4589-IUAJB,24.25,24.964030298029375,24.962888346183277,24.973516408256337,25.514146803515064,27.52122357973316
5693-PIPCS,99.65,99.90975890159835,99.91176642273912,99.89740575505843,99.49530335535349,96.92706819418386
7446-KQISO,109.75,109.88858220213298,109.89021471999544,109.87621364610212,109.33949297998612,106.90369440188634
0048-PIHNL,20.45,19.950873214400715,19.951235419916706,19.95990528965881,20.473593616855556,21.772883215905765
6284-AHOOQ,90.5,89.9753120919005,89.97619614078215,89.97034392517384,89.78051817479681,88.4169688933915
2805-EDJPQ,99.75,99.91428672296664,99.91416532769648,99.90593739017942,99.47675844909959,97.95179682403318
9103-TCIHJ,55.7,55.06106230327788,55.06157972914476,55.06533289447541,54.81148221727587,56.05092735771775
9402-ROUMJ,100.25,99.94430620531352,99.94271961053796,99.93396947935375,99.47551011951711,97.62144249404429
5562-BETPV,19.65,19.942453811512138,19.940730197854286,19.938967122532276,20.343417902594886,20.067348964428746
3167-SNQPL,101.15,99.87359278522169,99.8747345455075,99.86831069768495,99.68715828761879,97.9274557356783
0810-DHDBD,74.0,75.10312852770434,75.1033286474137,75.10205588838033,74.43774319646073,74.62314350496789
1776-SPBWV,20.1,19.920889128687058,19.921707598886563,19.930527082461488,20.432913706149094,22.091971797070713
9537-JALFH,19.9,19.933017112749436,19.93201255555407,19.94035746192259,20.5278334977975,22.145157623419415
0702-PGIBZ,101.7,99.88446688399944,99.88365015893973,99.8736483955189,99.59495049001748,97.63493583340536
3055-VTCGS,58.55,59.97222946055737,59.9713418126542,59.97985916066189,59.881165114705205,61.63702765185203
9548-LERKT,19.75,19.956775056334408,19.958445074279616,19.958866164855802,20.405793765678123,20.673543317512124
6794-HKIAJ,90.7,90.05082175456907,90.05039795783858,90.0419370506995,89.63605185805295,88.0232433582442
9531-NSBMR,19.25,19.940689193474782,19.94161471776303,19.950852647824227,20.43833769424329,22.22097283760681
6368-NWMCE,68.15,69.99646171916564,69.99775308218541,69.99957839690009,69.53312199137207,70.16452344613151
0643-OKLRP,80.35,80.00929747699053,80.01018946138322,80.00885018909,79.94334625488898,79.18392769975637
9948-YPTDG,79.45,80.01259880862696,80.01409956520749,80.00950314452518,79.73762235247838,78.66596575556278
4879-GZLFH,92.15,94.89000303490637,94.8911303826774,94.88793752089063,94.76185993322675,93.5456405381156
8098-TDCBU,25.25,24.9510931004396,24.952792512436087,24.96170554064947,25.43821097019634,27.25893119014725
5122-CYFXA,75.3,74.94296128833679,74.94218681008942,74.94292837162119,74.34716735345779,74.48289641345296
9889-TMAHG,100.3,100.0014930021853,100.00116107746632,99.98133696266517,99.3747272876987,95.06032489584462
5357-TZHPP,84.4,84.93915282240386,84.93895044323475,84.934866996464,84.91365863916462,83.9509448839169
1474-JUWSM,68.4,69.98467058621952,69.9844170203832,69.99260611268775,69.55628160821345,71.20094113359518
8399-YNDCH,60.05,60.015832342313736,60.01673313948113,60.0261379203982,59.81525458048318,61.71483895974876
3847-BAERP,20.9,19.966256562630473,19.9662067677763,19.97094277214487,20.36782584901876,21.175023731805215
9402-CXWPL,98.9,99.86581809197878,99.86390688409047,99.85980760723915,99.7739420971259,98.52090417308031
5049-MUBWG,75.0,75.00089796476705,75.00169867238579,74.99476559544735,74.37846295244047,73.21617279035543
4039-HEUNW,96.5,99.88655592231395,99.8878901058008,99.88614105836669,99.68173429952458,98.72489532447318
5803-NQJZO,67.8,70.06649724940938,70.06531703765829,70.07010082231425,69.40170196768182,71.0194874039989
4116-TZAQJ,74.25,75.04735568561405,75.04730030005803,75.03823766787495,74.8566891694288,73.10019325184479
9094-AZPHK,100.15,99.89272657879016,99.89325791345198,99.8862398494467,99.62478242453554,97.98410531514742
6121-TNHBO,83.0,80.04420099566096,80.04325887920331,80.04349063629948,79.26986048666254,79.55394932109064
1564-HJUVY,63.75,65.02004093917405,65.01937264656905,65.01995082730487,64.50530609785636,64.8977062777298
7407-SUJIZ,20.6,19.98612685403075,19.98717103540051,19.989620011691667,20.40850575972522,20.77563983716443
5468-BPMMO,19.6,19.986214173741594,19.987138288476427,19.998499932345293,20.465457634714262,22.163209977137505
9168-INPSZ,104.15,104.92767419884628,104.92864676943859,104.92234828011345,104.53449563025528,102.48614154384438
8942-DBMHZ,20.45,19.988318062557543,19.988421385724365,19.989323177885677,20.373249837112954,20.457879456486165
8705-WZCYL,44.8,45.016299034097116,45.01520859251087,45.02626511966047,45.01870789736286,47.476081902542575
0322-YINQP,48.55,50.067264963544055,50.0661794835068,50.06719500537113,49.78991298894604,50.437396334201566
7000-WCEVQ,61.6,59.93094872208876,59.931778649702295,59.94076269608556,59.89841034557671,61.75256698418807
9739-JLPQJ,117.5,114.96360096228779,114.96220334954029,114.94377828476503,114.18392191084094,110.63302663767166
2794-XIMMO,60.45,59.89752799596059,59.89774566613988,59.91217721918031,60.668041275456815,63.18705957629963
9565-AXSMR,19.2,19.929486314610344,19.930579192212733,19.933549581086826,20.481729598996846,21.277654977804858
2880-FPNAE,74.2,74.97956456929353,74.97857172996162,74.97795183678619,74.91624045628973,74.43093309000135
3316-UWXUY,93.5,94.99807686773325,94.99899204615912,94.98615987813679,94.39834992795595,91.80322475553966
9824-BEMCV,69.0,69.95104222937897,69.95169036601887,69.95073391996974,70.1071800302224,69.80233900159769
3256-EZDBI,29.45,29.973018312357567,29.97369332800267,29.99811921387949,31.292126838271834,35.7739625503597
1226-IENZN,78.75,79.89423800082062,79.8948563499815,79.89339669057834,79.94904128582382,79.2728336749098
2823-LKABH,95.05,94.94812287465604,94.94879167757787,94.93968696858909,94.57141731962615,92.70998775778664
6161-ERDGD,85.45,84.9975303420813,84.99527332982856,84.99670101635209,84.3338443330041,84.6170809366874
2137-DQMEV,44.8,44.957585958858395,44.955863958814476,44.96512244303858,46.00200229406027,47.714816930432384
2424-WVHPL,74.7,74.9807028083658,74.9795113440662,74.97144531251006,74.84739852273272,73.03135607363443
9945-PSVIP,18.7,19.911638677234798,19.913310957652534,19.916580524463036,20.40850575972522,21.3837215979734
2840-XANRC,93.15,94.91054317780238,94.91163285748712,94.90880315919881,94.71304404037899,93.41326423353064
8008-HAWED,50.75,49.924482779400115,49.92479207390694,49.940401558830295,50.9763777546724,53.7617939530787
0412-UCCNP,59.2,60.06275065136139,60.063911842219476,60.068660264774614,59.56971140152695,61.31993380648657
6402-SSEJG,61.05,59.93506227745137,59.93583071527079,59.94057943312558,60.5797001364574,61.49312234810952
8049-WJCLQ,60.2,60.01861470610906,60.01848546072257,60.018343937644204,59.785422645965106,59.92054534186762
2830-LEWOA,103.9,104.9215083245179,104.92081176923341,104.90624731842996,104.39928357306921,101.29371847995061
9780-FKVVF,59.15,60.01322693401604,60.01276509327211,60.01452236058267,59.64804620883006,60.1991003630904
5014-GSOUQ,19.95,19.95619711398257,19.95708150560645,19.955006877688678,20.37596183116005,20.40448866389412
0396-HUJBP,19.3,19.97754818622518,19.976396655269,19.97666495144365,20.346129896641983,20.21344839442596
8356-WUAOJ,45.0,45.006275654618655,45.00517030396685,45.01785406969393,45.01870789736286,47.47626238789435
5442-BHQNG,70.35,69.97119548692697,69.97018399371397,69.96454985123387,70.06650011951594,68.74977674890036
5655-JSMZM,96.2,94.89156651561429,94.89233825070934,94.8937538158325,94.9147048664531,94.6078478655907
7065-YUNRY,45.3,45.00264869036453,45.001548217670255,45.008178623751085,45.01870789736286,46.601997478247704
5161-XEUVX,94.3,94.98527214211339,94.98718513827396,94.97203475060586,94.67093842227706,91.94829852591522
9068-FHQHD,20.15,19.92544977195623,19.927123404036514,19.931404771750906,20.449185670431678,21.436307543444826
8017-LXHFA,94.75,94.86524714349761,94.86638061100032,94.86141527784648,94.66287706524184,93.13562692181125
0786-IVLAW,108.1,104.87511841899884,104.87372118275422,104.867362562677,104.61283445771127,102.91596253209168
6100-QQHEB,92.55,94.8943415610488,94.89484667133289,94.88996313782982,94.827921056946,93.51824934522642
2642-DTVCO,85.05,84.90403040645069,84.90387063066726,84.90239923519351,84.91365863916462,84.37305946809957
0147-ESWWR,101.25,99.89763050190065,99.89883499983475,99.8966655764525,99.671195323246,98.4423154261748
2335-GSODA,40.1,40.00906830935749,40.010614831225624,40.01015607522498,40.81846147489021,41.65307197088258
9602-WCXPI,20.15,19.990649153035765,19.99097738122962,19.997793777903365,20.476305610902653,21.797145836760002
0329-GTIAJ,97.9,99.90053852944345,99.89976194458723,99.8868867279545,99.39224758156378,96.49817864133581
8241-JUIQO,19.45,19.946418518501478,19.945653681756603,19.955006852316433,20.50613754542072,22.066020005026225
0581-MDMPW,88.95,90.01650061149596,90.01753629431974,90.01266102276281,89.85207210240092,88.84747374923401
9314-IJWSQ,84.8,84.94198328489387,84.9422496396192,84.9398677640493,84.97521182515618,84.25740136886185
8532-UEFWH,25.75,24.93809883872599,24.939112564579922,24.942861962354872,25.465330910667312,26.54898251443675
7861-UVUFT,84.3,84.97671470382022,84.97725151334974,84.97431564351152,84.84406284430659,83.77845332628237
8383-SGHJU,59.4,60.0559870761666,60.05698536431235,60.05912435821074,59.64390850738749,60.636133847615284
8755-IWJHN,95.35,94.91285991867213,94.91141794159253,94.91356576122128,94.72840397444799,94.53998017020945
0123-CRBRT,88.1,89.97156048237099,89.97182406763102,89.96291942706982,89.10900974821688,87.89690040141038
2223-GDSHL,116.05,114.93636063690596,114.9351818467095,114.920136593177,114.18120991679383,111.37461401919674
8189-HBVRW,90.8,90.03468202144013,90.03527331492975,90.0280635375345,89.61164391162907,88.22536998657269
8495-PRWFH,55.65,55.0189133965708,55.02003857647153,55.03435389253541,54.963241301738094,57.89849167390833
6092-QZVPP,79.2,80.0677148044808,80.06906270804589,80.06680377148328,79.25532322968523,78.95581691018442
5129-JLPIS,105.5,104.992023729157,104.99322057003887,104.97851463768386,104.27057152327315,101.12433955398372
1614-JBEBI,20.7,19.966593671634595,19.96631211061296,19.970829246876065,20.362401860924567,21.126137519393172
0637-YLETY,95.6,94.95434543287293,94.9549577922655,94.94651714516932,94.58466828995182,93.01701076229102
0135-NMXAP,89.75,89.9580250262827,89.95823122912654,89.9510446565381,89.77207319274572,88.30114275460016
7892-POOKP,104.8,104.93794635846145,104.93914577317271,104.93240154150428,104.49110372550172,102.63377803863159
8161-QYMTT,94.1,94.91616427986126,94.91576140184159,94.90990041470673,94.80080111647501,93.35393311129029
3001-CBHLQ,104.9,104.93220908664576,104.93345405497715,104.92866718469537,104.5019517016901,102.95885475710323
8945-GRKHX,78.65,79.88920334407084,79.88791464865452,79.87843598415334,79.90836137511738,77.83255698696502
4625-EWPTF,30.45,30.022024868807144,30.02177061711602,30.037466952924014,31.144430830146092,34.31831029042903
1343-EHPYB,103.4,104.92046670779642,104.91995691479676,104.91916604691534,104.60469847556999,103.84519597275873
0375-HVGXO,34.7,34.95286676638808,34.95160220748959,34.96988200706598,36.246808245637816,39.568873840283345
0330-BGYZE,102.5,104.9085356843991,104.90795867733173,104.89948701482334,104.5965624934287,102.54218008655978
5989-PGKJB,86.25,84.88966721092642,84.89040367588139,84.88501973955138,84.75132664150757,83.48015673547123
8752-GHJFU,92.0,95.00589448485987,95.00391411638003,95.00076749443025,94.44407020174071,93.69603780663687
4851-BQDNX,85.05,84.93480587017908,84.93571017154503,84.93286048978956,84.91186269548402,84.2676941722899
7240-FQLHE,99.75,99.91631463631666,99.91683299832434,99.90610052723943,99.61424344825696,96.74086512393463
6175-IRFIT,78.75,79.9223588407023,79.92174537417444,79.9087064732278,79.91920935130577,77.13654030097007
6538-POCHL,79.0,80.01491438526706,80.01639753031776,80.0112722480047,79.80259762743349,78.97369737341495
3078-ZKNTS,19.75,19.92005755593366,19.920831116717153,19.925297718692523,20.37596183116005,21.542374163613367
5777-KJIRB,50.25,49.989437169885626,49.990486856290985,49.999272119219725,49.97421600197343,52.20137819898592
7923-IYJWY,116.1,114.96957466720427,114.96912800244249,114.95504921135826,114.17036194060545,111.58426071614427
2810-FTLEM,50.15,50.05347614703979,50.05416444467418,50.06212138692403,49.8305928996525,51.67812735158674
1265-HVPZB,66.4,70.08418792085588,70.08386287124235,70.08492684833463,69.49180080153981,69.87900741404636
9796-BPKIW,69.95,69.9903003344821,69.99008294358404,69.98752050672033,70.08277208379852,69.46765558333246
9178-JHUVJ,24.1,24.93927140187961,24.94076634630152,24.94688043709423,25.38939507734859,27.082575868511483
4732-RRJZC,20.25,19.969023661276005,19.968445574355236,19.96865053529309,20.35968986687747,20.255549097332008
7010-BRBUU,24.1,24.971045087017544,24.969484747314873,24.9787465105145,25.519570791609258,27.489814478669366
9688-YGXVR,88.15,89.99488315363746,89.99611053429643,89.99065979116523,89.72499602735616,88.49963569093148
9286-DOJGF,74.95,74.95391173039883,74.95513248092676,74.95905936494724,75.1477332168819,75.47245679149674
6994-KERXL,55.9,54.95620188889909,54.95552439570933,54.96448061193432,54.87141712915268,56.73692987890716
2181-UAESM,53.45,55.09917780087754,55.098181056502156,55.09932513960002,54.642365319766924,55.25753445134193
4312-GVYNH,49.85,49.95055363935258,49.949545611623236,49.962807305207164,50.790498444752316,53.287892746982976
2495-KZNFB,90.65,89.95720900403524,89.95855523347524,89.95339155874267,89.74995158787814,88.56778857935035
4367-NHWMM,24.9,24.957393554762422,24.956163254389597,24.97187340472205,26.354241780233224,29.437725266738163
8898-KASCD,35.55,34.98115101846099,34.982037879429086,34.99194064622037,36.09064828806058,38.3253505308318
8016-NCFVO,116.5,114.96842729934876,114.96880930482524,114.95848947801707,114.13781801204028,111.79089192465275
4578-PHJYZ,68.75,69.97997395209023,69.98032584354081,69.98659959752686,69.48522214889081,71.0590747103808
2091-MJTFX,51.2,49.92771745462021,49.92870890280051,49.93780286640802,50.95363971991604,52.27570081525919
2277-DJJDL,99.0,99.90654627871034,99.90629351188377,99.90683919977515,99.72814719823505,98.95562065650122
2511-MORQY,54.9,55.00502180879414,55.005270910282825,55.014719560234624,54.984937254114875,57.32296132193508
2731-GJRDG,109.55,109.96462107592353,109.9655442095528,109.9493844252705,109.27315679327329,106.10311275420796
1784-EZDKJ,106.8,104.90010948733942,104.90047098803043,104.89420882810055,104.57215454700483,103.08822261843669
2468-SJFLM,74.3,74.9870831735684,74.9859885446033,74.9747965615401,74.84739852273272,72.69599784342309
5115-SQAAU,25.6,24.91923102793389,24.918207647399353,24.93138867671244,25.511434809467964,28.182515647782395
8708-XPXHZ,94.2,94.87767227714431,94.87872282359515,94.87753263907928,94.89572090812342,94.12932700037693
0601-WZHJF,46.35,44.91591472697514,44.9161511344354,44.93055441226255,46.126637417898614,48.308302876328824
0463-TXOAK,25.6,24.971984135184254,24.972971348626537,24.977788929367172,25.465330910667312,27.00077186919718
4683-WYDOU,107.6,104.91791983496594,104.9180757534356,104.91052100048402,104.58331152310302,102.96489516665555
1166-PQLGG,19.55,19.92005602789028,19.918549697468713,19.927849637723074,20.535969479938792,22.218486942037472
0963-ZBDRN,96.2,94.9177397139383,94.91911435774591,94.91170999153093,94.66861005324586,92.77240136710142
4871-JTKJF,69.65,69.94390237869041,69.9427677170618,69.9425237346432,70.06378812546885,69.71866842407297
7173-TETGO,78.5,79.97833252266061,79.97695731098794,79.97430211148347,80.0111461060664,79.29505687192615
4193-ORFCL,45.1,44.99507340278233,44.99387048824529,44.998760048878715,45.01870789736286,46.06327128416417
2692-PFYTJ,25.75,24.97638607726467,24.975069914978143,24.97963178740454,25.327019214265352,26.226363312582926
2369-UAPKZ,104.1,104.93655909224005,104.93590911006171,104.91763904183344,104.44740282083836,100.78720041543181
5193-QLVZB,104.75,104.8912835741435,104.89140215949973,104.88409980405301,104.60469847556999,103.34506700442623
0379-DJQHR,81.35,79.99630757018451,79.99579812936176,79.99268287188845,79.35807000356512,79.14548320483428
4657-FWVFY,96.35,94.9840327219695,94.98520852536751,94.97981880192559,94.69774936283821,93.59307597461525
0623-EJQEG,93.55,94.96103451286845,94.9598570522121,94.95032232702054,94.62034579464913,92.62111413183732
1699-TLDLZ,19.7,19.923098855331567,19.92413745818631,19.922701307574826,20.384097813301345,20.397703154388125
4501-UYKBC,69.1,69.97064756921364,69.9712839262302,69.97966697728674,69.6022729248389,71.56487530165276
8158-WPEZG,35.65,34.974126330516974,34.97429066741679,34.98923673116714,35.96725747365181,39.069586244594745
9732-EQMWY,99.4,99.91170171293487,99.91259312766938,99.90565186312855,99.58312924724017,97.46563446151146
1099-BTKWT,54.4,54.92993713186068,54.92827281521129,54.94664565609095,55.894030524798836,58.8757595338423
4815-TUMEQ,19.3,19.938675385854243,19.938312760794247,19.941707080236906,20.36782584901876,21.13348223613807
6407-UTSLV,83.8,84.93357957202724,84.93257680826261,84.92541264761158,84.76135194060427,83.01268844955564
0018-NYROU,68.95,69.96317867771708,69.96264467121443,69.962125192602,70.07463610165723,69.58931704060129
4632-XJMEX,62.85,60.05937823994786,60.05960269893074,60.05696130939702,59.516832432342724,59.785885891654274
1409-PHXTF,110.45,109.88691464982585,109.88804932184942,109.88084556467467,109.36390092641,107.85339654904658
8229-TNIQA,45.3,45.00214302685835,45.00147951213404,45.008418555934476,45.02684387950415,46.67532679686577
0529-ONKER,75.65,74.97255374870839,74.97296608917442,74.97096196029273,75.08535735379867,74.56616895985808
3675-YDUPJ,19.85,19.978711983983445,19.978666613729047,19.982961942211926,20.36782584901876,21.175023731805215
4484-CGXFK,55.3,54.94391502204818,54.94309203153629,54.952385035974345,54.868705135105586,56.71248677270114
4443-EMBNA,24.75,24.951406322174343,24.95009416285299,24.961334353478463,25.51685879756216,27.54566668593918
4280-DLSHD,54.75,55.02766571025364,55.027597128341704,55.031994665494224,54.68971754815007,55.89554813562116
9300-AGZNL,94.0,94.89965713171321,94.89838386832855,94.89377212257037,94.78452915219243,93.43457876770172
2789-CZANW,110.3,109.9140850027679,109.913903686899,109.8957273478849,109.31248562169037,105.74984071365294
8464-EETCQ,18.8,19.985098054224657,19.985804859820597,19.99195372294386,20.495289569232334,21.931955177071224
7216-EWTRS,100.8,99.91057703411246,99.90928651123397,99.90507833568324,99.63426948896623,98.12240032742406
4468-KAZHE,60.0,59.91632931852559,59.91731837149021,59.92908740851695,59.71709438958998,61.790131711411796
8623-ULFNQ,66.05,64.94553413820023,64.9466837820818,64.95751100299289,64.69829270712316,66.8520281830116
9317-WZPGV,79.75,79.88934364479101,79.88827188492664,79.88348528344383,79.91107336916447,78.50851560384287
8947-YRTDV,94.8,94.93355980858121,94.93456722664575,94.91436564651605,94.4156639746181,90.63251512927482
1814-DKOLC,25.45,24.985655046834644,24.984847582297085,24.986206550390442,25.337867190453743,25.55810524967592
8071-SBTRN,111.15,109.92341289842854,109.92256310001918,109.90906788895008,109.39488752548287,106.89959776371003
4701-MLJPN,55.25,55.046587501657214,55.048012941690715,55.05757565783539,54.73341845281343,56.97573430038628
1205-WNWPJ,59.5,60.01031747334241,60.01001335788378,60.01120803249419,59.71115672431391,60.08443840202668
6158-HDPXZ,25.35,24.979792163693617,24.978501534911512,24.99015457120025,26.354241780233224,28.671694779007073
6683-VLCTZ,98.55,99.91739787805176,99.91819351470228,99.91446608790925,99.68579737586107,98.58663885998668
3727-OWVYD,61.2,60.055205559452034,60.05636356228405,60.05273727080614,59.534146479004875,59.58315839038756
0856-NAOES,60.9,60.03942609790915,60.03892844495523,60.03850035927486,59.77457466977672,59.9028877451676
0562-FGDCR,74.55,75.00835458266246,75.00702243340302,75.00359201814906,74.44452809631264,74.29061483755952
0956-SYCWG,19.65,19.94930783230589,19.949199360489057,19.954179904131966,20.37596183116005,21.31486549131991
2277-VWCNI,48.75,50.0031802633918,50.00233515507627,50.00831236233015,50.01044519117461,51.407928139414125
3498-LZGQZ,19.15,19.917689027509454,19.917677977095003,19.92600657757807,20.511561533514918,22.31255963380217
9135-MGVPY,84.7,84.98668097167997,84.9860711004414,84.98222416611422,84.1471043889232,83.66744351563358
3815-SLMEF,34.25,35.033562305907296,35.03257723156853,35.03593655036532,35.91448125717448,36.63469798466551
4513-CXYIX,80.7,79.99847900324309,79.99735962525683,79.99777189274101,80.0084341120193,80.03664425345121
8944-AILEF,19.45,20.016618591680427,20.017025006651295,20.025326461320166,20.38138581925425,21.749389588299305
1270-XKUCC,19.7,19.920739092302714,19.922502391207658,19.922795970152965,20.422065729960707,20.739906641272412
6633-SYEUS,83.2,84.99856840359848,84.99967653559,84.98670112323128,84.55908808422639,82.0419539609162
8075-GXIUB,19.85,19.98247345433436,19.981851737571592,19.9863959057613,20.365113854971664,21.02246326131251
6016-NXBNJ,19.15,19.94691694465569,19.947910093463822,19.953939934391425,20.435625700196194,21.744559891288578
9332-GYWLO,54.85,54.98708514326624,54.98647757814438,54.992433493796284,54.924834333002934,56.00921626696784
3276-HDUEG,75.05,74.96883845558685,74.96765672453526,74.96144936135244,75.0473894371393,73.88860724276245
5884-FBCTL,25.1,24.928668552005924,24.927083069835906,24.937162018991124,25.519570791609258,27.489814478669366
8999-YPYBV,84.35,84.96815706406309,84.96993912308511,84.96097035439729,84.08201653179285,83.00051365321325
1522-VVDMG,89.75,89.95177404068818,89.95144925678419,89.94081677431902,89.55852230810365,87.32831758028931
0848-SOMKO,48.4,49.97052020640926,49.96946233473641,49.977480351584845,50.790498444752316,52.521681773900106
1657-DYMBM,19.9,19.988204314107413,19.989279810813123,19.995991948791662,20.484441593043943,21.83436323759892
6923-EFPNL,51.75,50.06947149823796,50.06863150647848,50.07454719079354,50.01044519117461,51.63259368587878
2167-FQSTQ,92.4,89.98352733331609,89.9823421436111,89.98509604902509,89.13884168273495,89.8861847951784
9286-BHDQG,45.25,45.02992467526214,45.02854679240057,45.036304661609655,45.75363453888173,47.73756185465054
7225-CBZPL,94.8,94.89939230155474,94.89996268304401,94.89828844482129,94.827921056946,93.82584895234982
5605-IYGFG,69.85,69.96561082913297,69.96528323161608,69.96155446659373,70.08006008975143,69.21590818347889
6861-OKBCE,20.1,19.98977931837305,19.98963382677578,19.99178538277593,20.370537843065858,20.80511087691652
7571-YXDAD,74.9,75.01493042699579,75.01379717864864,75.0063299937724,75.0501014311864,73.5989897013496
0254-FNMCI,109.9,109.9300600084326,109.92896234833299,109.91613390398982,109.20032059917047,106.62995900107757
8981-FJGLA,78.0,79.97798239813056,79.97799601007776,79.96985468761437,79.92424971438406,78.74038406571738
8414-MYSHR,91.4,89.89037038958932,89.88974972871115,89.88477250787707,89.81177581671035,88.26102365589391
9274-CNFMO,74.95,74.97683989010557,74.97599222182342,74.97396533467335,75.0555254192806,74.29747527694363
3794-NFNCH,50.0,50.03359135490995,50.034979763734796,50.04449606535382,49.947096061502464,51.99866911794464
5158-RIVOP,20.9,19.96025896617465,19.960784205254964,19.961032940300477,20.370537843065858,20.727457463470238
1100-DDVRV,49.8,49.89463710980947,49.895275855863126,49.90628738138869,50.93705875572365,52.70820561259208
9522-BNTHX,56.25,54.88150394914386,54.88279966316317,54.900727267459835,55.832902991298084,58.91258772505564
3677-IYRBF,30.4,29.961844729357274,29.960730228821667,29.982060971256285,31.206694111054105,35.25119816525717
7009-PCARS,19.1,19.93731605120046,19.93710388119711,19.943729589757318,20.489865581138137,21.83906605431427
8250-ZNGGW,59.9,60.08764535197599,60.08707783667522,60.08320717326453,59.38665671808205,58.96175789655583
0967-BMLBD,20.0,19.918369657560334,19.918002601177953,19.921360727444533,20.370537843065858,21.077810514220037
7594-RQHXR,79.6,79.87926015649262,79.87803621408536,79.8721739877422,79.90836137511738,78.5985874746961
8966-SNIZF,19.45,19.942962352560755,19.941895127863333,19.952184856921235,20.5305454918446,22.249896043101266
7235-NXZCP,74.85,74.96360684727735,74.96254208458276,74.95787150903199,75.0501014311864,74.14035464261603
0122-OAHPZ,73.85,74.96902205095411,74.96867862294201,74.9679644080476,75.06366140142188,74.90935030429344
7815-PDTHL,20.2,19.942545727359008,19.944532921516327,19.948815063723412,20.435625700196194,21.708267488157656
8331-ZXFOE,71.1,70.08826188016607,70.08808270611523,70.09116910460327,69.36373405102246,70.71339583489376
8901-UPRHR,109.2,109.87157580922435,109.87021166356112,109.86095375534458,109.41271681925775,107.5636582694489
3563-SVYLG,62.65,65.07585402887248,65.07525994532278,65.07325427647888,64.40725267982296,64.80406164133599
3205-MXZRA,59.45,60.038249708290984,60.039084575293515,60.03935814526021,59.762684611208755,60.19325527665504
5392-AKEMH,45.05,45.001989513221474,45.00229530914962,45.014968554864396,45.04853983188092,47.7449560708088
8201-AAXCB,60.35,60.004950553195705,60.00590441763049,60.01440245474378,59.95996353156825,61.74496282151412
6919-ELBGL,114.95,114.91867360724348,114.91728676540353,114.90428956568111,114.18392191084094,111.62636141905031
0530-IJVDB,114.6,114.92889584723899,114.92795664563704,114.91378891797314,114.17849792274674,111.7721050118216
5047-LHVLY,50.15,49.99595970276844,49.99472065537307,50.00022860733906,49.868448234136636,51.43664753278999
8404-FYDIB,86.65,85.05592436084598,85.05718731161909,85.04797974977772,84.68867973558366,83.22168094818801
3415-TAILE,65.7,64.92697295720302,64.9257806449786,64.92404324747584,64.75855960646308,64.22487807559541
2819-GWENI,19.9,19.925447418603518,19.926168103363654,19.927950175614107,20.416641741866513,20.727312831991295
6164-HXUGH,19.85,19.95673679442509,19.95602694998508,19.956565673837762,20.35697787283037,20.231105991125986
6762-QVYJO,59.75,59.927832329861076,59.92830659842549,59.92971097359751,60.65052098159174,60.953343980441915
5046-NUHWD,45.0,44.95229516981085,44.95348180808501,44.97154765560734,45.89569629155745,48.93426003187189
0106-GHRQR,71.4,69.97930249946057,69.97990067219423,69.98501263744674,69.53958806184585,71.00172853440819
8374-XGEJJ,101.0,99.88537604079951,99.8865435899003,99.88577588122692,99.70071825785428,98.89599706791532
2546-KZAAT,75.4,74.95857251288976,74.95900714104475,74.9591532471349,74.46764975608488,74.52184390159906
7569-NMZYQ,118.75,114.92373666105092,114.92238308344491,114.90795096689757,114.18392191084094,111.39905712540276
3279-DYZQM,19.45,19.926283779071184,19.92500995080416,19.93106549834601,20.533257485891696,21.742073995719245
0374-FIUCA,20.4,19.976238472504463,19.976021358646378,19.988268203064347,20.51698552160911,22.893710999802256
3714-NTNFO,84.5,84.90235128017571,84.90319614453858,84.90547394054735,85.02213840104851,85.12347942269281
8705-DWKTI,83.8,84.96175421173771,84.96241514606622,84.96009138965668,84.89641340829311,84.1910076948669
4195-SMMNX,20.35,19.990003607578153,19.98885650122175,19.988684121510705,20.346129896641983,20.21344839442596
2599-CIPQE,109.3,109.96761241402717,109.96646874043768,109.94665152977642,109.19760860512336,105.33725599483375
5136-GFPMB,89.4,89.97997281442744,89.98031857594788,89.97546500046842,89.88543870805778,88.74519095617974
6476-YHMGA,76.5,79.95688923227064,79.9572614818328,79.95209346436425,79.22945161879674,78.19559486225796
3055-MJDSB,24.6,24.968500540098912,24.968348286893175,24.98446096391386,26.37593773261,29.633270116386324
7516-GMHUV,105.05,104.97010415857125,104.97144263433194,104.96209572608161,104.53836228885717,102.6555629044922
5940-NFXKV,83.65,84.89972616279866,84.90042046546677,84.89807109956917,84.94077857963559,84.31007140838815
3597-YASZG,104.45,104.8560203768567,104.85505999851219,104.84989114017984,104.55755249438977,103.13473058978968
3786-WOVKF,106.85,104.89781351623162,104.89552998917162,104.89104347008899,104.55057117680327,102.97658992399397
2806-MLNTI,105.1,104.88242245767695,104.88266750541041,104.87843323063564,104.57486654105193,103.33997001829027
0799-DDIHE,46.3,44.99128986350166,44.99170328205428,45.000954865733384,45.05667581402222,46.97214007357171
9926-PJHDQ,76.8,74.90923059107512,74.9077801747223,74.91839333986603,74.78174083820414,77.03503055006453
0334-GDDSO,81.35,79.95499937145325,79.95417071948374,79.95198046002537,79.85509878091725,79.47350952732589
2371-KFUOG,99.15,99.92904579736191,99.92879757225643,99.9140900868144,99.52900194847345,96.36954363374737
4634-JLRJT,20.35,19.967773553149023,19.966536542610953,19.970319406136493,20.343417902594886,20.955035775951032
5886-VLQVU,89.85,89.93920162947076,89.94047420492522,89.93549943875144,89.76778088165302,88.43805997427019
3194-ORPIK,84.4,84.94111662511418,84.94169926400346,84.9418564554199,85.07284361085166,84.71523860809592
6048-NJXHX,19.75,19.945161364600768,19.94704207073543,19.958209644203254,20.451897664478775,22.729191035040426
7860-KSUGX,64.45,65.06939051423566,65.06805978156592,65.07128185051808,64.61809157041795,66.09444346549944
2925-MXLSX,68.95,70.02069702289904,70.02170749928445,70.02738347591733,69.62554919426127,71.37193601712912
2933-FILNV,24.4,24.93708782646852,24.935894314181965,24.951559195443615,26.35695377428032,29.382053544820128
7758-XKCBS,29.7,29.983085956210374,29.983555694936218,30.001444989923378,31.17582009415646,34.73273131520985
2027-DNKIV,58.75,60.048823753523706,60.04983618875369,60.0486769440378,59.5208955086792,59.9620510454902
4751-ERMAN,75.4,74.90343964461078,74.90215765616638,74.90906177642162,74.60042488221742,76.1983303676416
8224-KDLKN,25.0,24.9411239733589,24.939542915788657,24.94918118905818,25.519570791609258,27.489814478669366
7929-SKFGK,114.3,114.99896270831123,114.99800862588765,114.98013267403024,114.17849792274674,110.66443573873546
8329-IBCTI,19.65,19.977716740727242,19.976414977180113,19.976581402547634,20.343417902594886,20.18900528821994
5016-IBERQ,84.25,85.00246526790289,85.0035479837949,84.9980979434641,84.75907899863299,83.65685842978999
5405-ZMYXQ,74.6,75.0039759124052,75.0037126339926,75.00049428920482,75.06637339546899,74.5116788263168
7841-TZDMQ,46.0,45.05125289554822,45.05027008316724,45.05881642982697,45.021419891409955,47.07841042456594
9754-CLVZW,38.85,40.03623187319918,40.037267158275824,40.04288927270562,40.77914247594146,42.003371793601104
9503-XJUME,19.65,19.96774282836529,19.96781514820684,19.97360141876714,20.481729598996846,21.76573673569621
3298-QEICA,34.6,34.978101648001314,34.97963561123217,34.98202776217903,35.96872113811642,36.965611381863795
9420-LOJKX,99.1,99.97139732245422,99.97197577353606,99.95639244100214,99.41238620444827,96.12606205028672
3391-JSQEW,50.15,50.00132868430998,50.002772343043596,50.01237948597245,49.9267610208834,51.99008645984325
4939-KYYPY,59.45,60.06581743135932,60.067001829044074,60.073208705100846,59.70617178829551,61.38325892446301
2061-VVFST,19.5,19.98047704520168,19.981630097111506,19.98991700258567,20.441049688290388,21.52110743710066
6480-YAGIY,112.2,109.99650322216928,109.99730082385142,109.975248423097,109.12709675989883,104.8181424647322
0330-IVZHA,69.95,69.9731218652953,69.97252310578361,69.96838718901313,70.07463610165723,68.8232865528702
7161-DFHUF,23.85,24.945010097500212,24.943755652923862,24.952364587821968,25.51685879756216,27.093696845826972
1260-TTRXI,54.3,54.96614507647731,54.9654028302785,54.97074260834546,54.87141712915268,55.97089939117607
8577-QSOCG,20.2,19.90944746870801,19.911286598432646,19.916273774507367,20.443761682337485,21.701481978651664
8963-JLGJT,55.9,55.07524510832951,55.074285450063634,55.06933191287718,54.64507731381402,54.327597819777246
3266-FTKHB,19.15,19.955522895974326,19.956760901510023,19.955148212189126,20.386809807348442,20.502261088718203
6122-LJADA,90.15,90.00887306395998,90.00788288111545,90.00590644301084,89.13341769464076,89.33488868510787
8710-YGLWG,44.9,45.0151041117175,45.014008063623,45.02019779381814,45.01870789736286,46.601997478247704
6463-HHXJR,100.5,99.97903806407882,99.97781058010874,99.96576344804197,99.55302626988143,97.34234673642658
9576-SYUHJ,91.15,90.02285997831784,90.02418199606532,90.01923205959744,89.8087927798226,88.73510649567822
9289-LBQVU,70.15,69.93312506265231,69.93221095741248,69.93874866043942,69.6036338365966,71.07274384479155
2207-QPJED,90.0,89.9798330379369,89.98110746377729,89.97545051640554,89.68733711060659,87.85619360602382
6990-YNRIO,108.65,109.95694899519819,109.95654659867091,109.93936067757323,109.3626525968275,106.02729754002056
0489-WMEMG,49.45,49.96438684200044,49.965126863486496,49.97265784965376,49.86198216366287,51.970711567224576
2189-UXTKY,79.2,80.01259801431598,80.01355682931167,80.01572542198682,79.35121628792255,79.61959495509592
7105-MXJLL,60.7,59.92706220551495,59.92789145078953,59.93184257217695,59.7808213349626,60.50814766111641
7133-VBDCG,79.85,80.00510385622079,80.00638050210715,79.99708504412745,79.70236642986612,77.92591030535009
9933-QRGTX,97.2,99.92320526615578,99.92375669851222,99.91382486870057,99.51575097814776,97.21455378337757
6356-ELRKD,95.6,94.94826851323157,94.94711823388654,94.93511835407176,94.57213293210515,91.77134579337613
2194-IIQOF,89.3,90.02876149134951,90.02763930805958,90.02399226291908,89.13612968868784,88.67359661705864
8063-GBATB,85.25,84.88854100406063,84.8897207498286,84.89082320929484,84.96247453201237,84.81303537980793
9611-CTWIH,89.45,89.89577055240089,89.89490559024622,89.88828466880925,89.80635182861616,87.9848331498343
3571-DPYUH,94.7,94.95933152437564,94.95899314114817,94.95197567469837,94.68043531617607,93.38258745357844
8519-QJGJD,75.35,74.99011611477995,74.990547827355,74.98499112394465,74.94878438485489,73.73073509774316
5846-NEQVZ,70.85,70.01544753979789,70.01432573930006,70.01652825277378,69.45767655592904,70.3963127512227
6022-KOUQO,29.05,29.967829059465082,29.966516605162752,29.9774313688999,31.140564171544195,33.146711034493784
7205-BAIAD,20.6,19.93564375816986,19.937495587763873,19.94554053351421,20.449185670431678,22.282452859299966
9574-BOSMD,25.4,24.941798191367145,24.940871105430205,24.949825584898363,25.508722815420867,27.392042053845287
4884-TVUQF,101.3,99.98410353290573,99.98481123834844,99.97071438292073,99.44839017904613,96.88210766289369
6439-GTPCA,87.25,84.99796208249771,84.99906474942216,84.99817187262268,84.80006790924924,84.60454755178532
3795-CAWEX,116.55,114.96645030506666,114.96545801561325,114.94986479934414,114.17849792274674,111.35017091299072
7821-DPRQE,107.7,109.96524332597917,109.96403556118332,109.9563612707622,109.32333359787876,107.19388742266467
4983-CLMLV,102.7,104.93844634078577,104.9390640769931,104.93181879352564,104.50873660154201,102.54528428323182
2380-DAMQP,115.15,114.95104776200097,114.94979571267807,114.93531640176951,114.18392191084094,111.13543653533017
7534-BFESC,76.1,74.96109357061162,74.96218080804931,74.96487332069488,75.10976530022253,75.55218740344334
6695-FRVEC,60.4,60.04579212583933,60.045309268943534,60.04961748106099,59.60225533009212,61.11102166865209
0361-HJRDX,64.35,64.97296745326344,64.9722886873327,64.9752444821493,65.47992627774646,66.16448706494735
0354-VXMJC,19.6,19.97069173350289,19.97217232049533,19.9733903978317,20.403081771631026,21.020774737942478
6559-ILWKJ,49.35,49.8647208825831,49.863583307981266,49.880571185397514,51.0835064342669,54.05835338548289
9895-VFOXH,24.4,24.967336742340642,24.966041688958764,24.97813540113319,26.354241780233224,28.671694779007073
8229-BUJHX,20.5,19.920224582392343,19.918888614780542,19.928016093935447,20.533257485891696,22.194043835831454
4476-OSWTN,110.55,109.94935732274021,109.94754960740124,109.93697755534347,109.37350057301589,106.78302262271782
2995-UPRYS,99.2,99.88675681875822,99.88774608149713,99.87849474414075,99.49259136130638,97.16640227010811
9208-OLGAQ,84.95,84.90238875234124,84.90315881369278,84.90115116483472,84.80420561069181,84.00936096169241
4124-MMETB,94.65,94.9487583782835,94.94967329855467,94.9429249666155,94.84148102718147,93.29846512019793
8882-TLVRW,39.1,40.00374684413719,40.00281845521932,40.010296580872705,40.943213201056686,42.777635341711296
2957-JIRMN,84.45,84.91887337822835,84.91802502488878,84.91936433173942,85.10538753941684,84.9305176051242
3646-ITDGM,19.7,19.942890073715102,19.943673400639025,19.950482115109622,20.492577575185237,21.907512070865202
2673-ZALNP,19.9,19.949124236938644,19.948342339716955,19.947793431492524,20.35968986687747,20.29412242978892
9975-SKRNR,18.9,19.990172162080214,19.98887482313286,19.98860057261469,20.343417902594886,20.18900528821994
3724-UCSHY,19.55,19.969192215778065,19.968486795937828,19.968584843904818,20.35697787283037,20.231105991125986
0259-GBZSH,85.65,84.97659853406341,84.97553720167689,84.97156068265943,84.942667896591,84.04419892251366
7130-CTCUS,54.55,55.04641259369972,55.04707867294132,55.052932193378844,54.63287825533625,55.91812490061239
8150-QUDFX,19.85,19.990003607578153,19.98885650122175,19.988684121510705,20.346129896641983,20.21344839442596
8218-FFJDS,86.4,84.96778535373289,84.96653919320292,84.96828122575984,84.28910134596116,84.77642913662518
8259-NFJTV,34.65,35.0127509141072,35.012189206547426,35.015822986753236,35.925329233362866,36.65235558136553
7909-FIOIY,24.85,24.934222399933486,24.9348821117458,24.952433086938935,26.403057673080973,29.797586350322472
3317-VLGQT,78.1,79.90207020550669,79.90253452747982,79.90059554464509,79.94361729772965,78.99682365420199
2722-VOJQL,105.65,104.91886588946328,104.91788330016902,104.90957526028662,104.54128053010719,102.79687957668514
0584-BJQGZ,78.35,80.08576253109771,80.0869234421206,80.08473802003184,79.16680471287285,79.20537897501254
6732-VAILE,85.95,84.95671221213343,84.95571146123166,84.95890923145784,84.36221260305757,85.499489829154
1302-TPUBN,19.35,19.953659950047467,19.95322496657454,19.96121173071557,20.51969751565621,22.151943132925407
8380-PEFPE,71.65,69.95130705953744,69.95011155130342,69.9462175977188,70.06378812546885,69.41106881694958
7402-PWYJJ,91.15,89.89092974800994,89.8911489268127,89.89011381840604,89.81659677450077,89.25860897449407
4250-FDVOU,56.25,55.05547103593697,55.055112199971084,55.05584883477872,54.60575831486528,55.102293156004414
9128-CPXKI,95.8,94.88526557566848,94.88586169885608,94.87868198334273,94.8079638320274,93.19742378521285
4183-WCSEP,78.45,79.97358761718453,79.9750981525976,79.96977839884589,79.73104369982937,78.73800280810754
0404-SWRVG,74.4,74.98215169031532,74.98127587561935,74.9796993835523,75.0528134252335,74.81157787946935
6227-HWPWX,69.0,69.95163636502835,69.95199484018462,69.94420754178033,70.1017560421282,68.56512723192013
1899-VXWXM,106.1,104.92810422262974,104.9287057384199,104.92042967899127,104.56401856486355,103.01471281446685
8450-JOVAH,56.7,55.06551494694402,55.06432235023553,55.06245517377189,54.77622629466361,54.887021661184335
4550-VBOFE,102.95,104.90176835112158,104.90018862732015,104.90244528469944,104.62368243389969,104.24360200984843
9546-CQJSU,91.4,89.98508639458815,89.98401828717357,89.97925877567178,89.79240823336478,88.73183999688422
4789-KWMXN,110.85,110.00690133527874,110.00748205322512,109.99379451445206,109.31383670397975,106.46993983265004
0835-DUUIQ,21.05,19.93008581941138,19.930607177089502,19.93332763273776,20.405793765678123,21.08132976192764
1855-AGAWH,93.8,94.89930059467214,94.90033321307953,94.89518286756466,94.73202799870867,93.31552018765808
9079-YEXQJ,111.1,109.93144124340992,109.93187369598076,109.92152140477772,109.36390092641,106.93771518111421
3577-AMVUX,55.05,55.060392401917646,55.0592327761241,55.05681746469734,54.652058631400514,54.60232620217972
2316-ESMLS,33.15,35.020644303153446,35.020300734093325,35.025397266376224,35.93888920359835,37.18499945684071
9426-SXNHE,18.75,19.983944410899312,19.98273516519813,19.98563471710014,20.346129896641983,20.66541823453817
8550-XSXUQ,70.55,69.97868073415155,69.97931373711867,69.98813816625689,69.62637187135296,71.74254692268546
0723-DRCLG,74.45,74.95494694468056,74.95372264683773,74.95544423601177,75.0473894371393,74.99017644605665
2176-OSJUV,65.15,65.05566570961196,65.05459345808984,65.05681201185834,64.54924963686094,65.54137273569123
0107-WESLM,19.85,19.981423896881612,19.980196917451565,19.988405902045884,20.343417902594886,21.8291202002459
8626-XHBIE,24.8,24.92504939126502,24.925777498755423,24.932576026102122,25.476178886855703,27.412604941640144
0188-GWFLE,20.05,19.990003607578153,19.98885650122175,19.988684121510705,20.346129896641983,20.21344839442596
8166-ZZTFS,80.55,79.90565881489178,79.90531199914851,79.91562545936506,79.5677542296053,81.63059887416078
5774-QPLTF,20.35,19.92425145333293,19.924567986908592,19.93259893620495,20.476305610902653,22.03109165625483
0929-PECLO,89.6,89.90861762615864,89.90796789641175,89.91085770102022,89.90984665448165,89.95851369341257
5696-QURRL,45.05,45.0151041117175,45.014008063623,45.02019779381814,45.01870789736286,46.601997478247704
8124-NZVGJ,49.25,49.87805823377429,49.87716011793834,49.88357699025938,50.88855186278571,52.0417002463905
4130-MZLCC,50.55,50.00868004090699,50.008115402776845,50.01168480015007,49.83184122923499,50.82033660966188
4489-SNOJF,72.25,75.0783155412706,75.07947376910799,75.07955578171664,74.39163929766008,74.59115195119129
8984-HPEMB,118.65,114.93884108705032,114.93783463801199,114.92561274147023,114.18120991679383,111.87684343150346
4615-PIVVU,66.5,64.98579970854819,64.98765985695357,64.98744525272448,64.60782363698004,65.16614815568721
6848-HJTXY,19.45,19.97389479323177,19.97374680503455,19.982652485109963,20.514273527562015,22.103237405865144
8757-TFHHJ,49.8,50.103582301876834,50.102459824962146,50.10573009248395,49.78991298894604,50.88936617431378
4603-JANFB,69.85,69.97387627520379,69.97278372700868,69.97022347599378,70.06378812546885,69.49136413042542
8565-HBFNN,107.2,104.99928100328572,104.9975986964971,104.9872135849948,104.28321946329505,102.18525137414113
7422-WNBTY,93.35,94.93124505361223,94.93265715626089,94.92970054819324,94.63077218875247,93.85483863732782
4712-UYOOI,20.0,19.955571953775852,19.95623360269574,19.963227672474993,20.394945789489732,21.44739390230514
3372-CDXFJ,24.5,24.955439906277178,24.95507994155375,24.958016137106778,25.359563142830517,26.083963615645093
5353-WILCI,56.05,55.051762836891626,55.05314736033171,55.056469028463034,54.66542218390141,55.64004149253687
0988-AADSA,80.85,79.98182431827642,79.98044795930414,79.97831333047381,79.24627521733035,79.3606802605385
8270-RKSAP,70.5,69.97252783918731,69.9725089135595,69.97079186511851,70.08548407784562,69.68690898007358
5954-BDFSG,107.5,104.9312679403765,104.92995310552533,104.92295518721876,104.610431463574,103.20914574336399
5792-JALQC,59.85,60.04263761159835,60.04380970925125,60.04910343708224,59.76156633379225,61.478373108941675
2202-OUTMO,60.85,60.08108985503157,60.082395595366656,60.088577874468704,59.6466205014346,61.04621483838865
9028-LIHRP,100.2,100.02720389571901,100.02608423170298,100.00867596968595,99.35303535547484,96.14973733708723
9150-KPBJQ,19.65,19.981238912476798,19.981286730807398,19.981137956549055,20.35697787283037,20.685356760564186
4003-OCTMP,64.0,64.98060903365952,64.9816956433337,64.98518442452495,64.49945645727136,65.26964972940074
8775-LHDJH,90.6,89.93959139022495,89.93841207890837,89.93534716026997,89.74224125822765,88.68186794951595
6770-UAYGJ,25.25,24.9261490808792,24.927380934702022,24.931117156327378,25.45719492852602,26.47565319581869
7596-IIWYC,20.25,19.937834966696652,19.939639025275454,19.94594014251014,20.413929747819413,21.964692478621703
0887-WBJVH,93.45,94.87659551314033,94.87685397865764,94.8727427136396,94.7255619282349,93.24434558711249
8840-DQLGN,100.5,100.00562451202016,100.00693453819811,99.9967242731216,99.38926454467602,97.00493596958438
8413-VONUO,95.65,94.90870387213249,94.90771778047207,94.89444750564958,94.6059251902528,91.62898691010616
9281-PKKZE,43.95,44.88812237397799,44.88904965267998,44.91168960104471,46.213421227405725,49.856512762652564
5186-PEIZU,19.25,19.978382112331296,19.97956119899142,19.98638821829996,20.435625700196194,21.47204073933684
6339-YPSAH,73.8,74.99347112106501,74.99344984500894,74.99050912819791,74.9352244146194,74.37455005444414
2324-EFHVG,104.4,104.89111501964145,104.89109988166226,104.88396191985302,104.6074104696171,103.36951011063226
1918-ZBFQJ,79.25,79.97070763800215,79.97119368176702,79.96665008441268,79.74835774649154,78.9069498334772
6968-GMKPR,81.55,79.96362834891559,79.96417255118631,79.96528403843178,79.86226149646963,79.93356029413005
3062-ICYZQ,93.8,94.92440400550464,94.92508705653545,94.91985570382433,94.60105283640964,93.36227701714364
2233-FAGXV,24.3,24.955574685464576,24.954718529431403,24.95954679580485,25.337867190453743,26.244020909282952
6017-PPLPX,70.45,69.9505365658728,69.95140182363643,69.9508024200788,70.11531601236369,69.87566832021575
1982-FEBTD,25.6,24.95690564868734,24.958367412340607,24.964421612621546,25.38668308330149,27.058132762305462
9705-IOVQQ,99.0,99.84213485489805,99.8413628871071,99.83705369267595,99.74953415070202,98.44810568274961
6288-CHQJB,69.95,69.98587961889953,69.98686336074412,69.98348907353491,69.41157265712839,69.21474945798927
3315-TOTBP,76.0,74.97893411391098,74.97944328971153,74.97431320932277,75.08535735379867,74.23081072964673
6096-EGVTU,24.9,24.92799198064497,24.926704832188637,24.934548771658235,25.49787483923248,26.878592192039918
2937-FTHUR,64.8,64.98953405237133,64.99010996285458,64.99172182766273,64.6641914490657,65.33953395717027
4062-HBMOS,103.05,104.91988876544458,104.92055813793658,104.91683893391243,104.57486654105193,103.57614131914073
2387-KDZQY,20.1,19.94995092569279,19.950259638888355,19.954011086445995,20.386809807348442,21.30458397958021
4609-KNNWG,19.9,19.9212447558089,19.922928331618966,19.92283461509034,20.413929747819413,20.66657732265435
0409-WTMPL,110.65,109.96855614995724,109.9682969844861,109.95801200624048,109.36234359691768,107.0947232178327
3766-EJLFL,109.05,109.9340447227608,109.93326026522794,109.92063371498116,109.3707885789688,106.8666573463697
4232-JGKIY,19.2,19.99136708445983,19.990075352020725,19.994667898457024,20.343417902594886,21.06308971251481
0334-ZFJSR,66.05,65.07025630366905,65.0703739869667,65.07539861269181,64.50585773210739,65.95260592725691
6582-OIVSP,45.3,45.01259187794275,45.01142665223942,45.014440620162226,45.01870789736286,45.83596699051662
8661-BOYNW,84.4,85.0282835929709,85.02697094832007,85.02960216253898,84.3365563270512,85.02944285678677
4257-GAESD,45.0,44.9374981157173,44.93680755446241,44.946969354302645,46.10494146552183,47.690462957146224
8785-CJSHH,99.8,99.88757366807192,99.88743549130118,99.88782183735954,99.74682215665493,99.0842255797701
5469-CTCWN,106.0,104.9018709943068,104.90121203641584,104.89346947910131,104.5207392422852,102.822230732787
2839-RFSQE,20.65,19.97754818622518,19.976396655269,19.97666495144365,20.346129896641983,20.21344839442596
4890-VMUAV,71.5,70.0746953006338,70.07389848389678,70.0763466613343,69.37729402125794,70.49169546237543
3365-SAIGS,83.55,84.94336842736223,84.94417057043329,84.93901543233531,84.80203185131074,83.57414533318104
0946-CLJTI,98.7,99.91342484884795,99.913392433117,99.91615967635192,99.78885314965076,99.51565738116722
3920-HIHMQ,49.5,49.9844781362623,49.98557738626563,49.994502398679984,50.070109060210754,52.40410735655427
5307-UVGNB,48.7,49.93876657984831,49.93917328169438,49.95270582622315,50.76306950437153,53.225807743719294
8780-RSYYU,19.2,20.000045583432335,20.001113096333945,20.00987393232628,20.40850575972522,21.993640165007726
0742-NXBGR,82.3,79.97273029202688,79.97171582036388,79.9658832167627,79.71581381792637,78.61363255900497
8067-NIOYM,21.1,19.948124570069638,19.949714959507794,19.955114207215452,20.405793765678123,21.81124833187959
5916-QEWPT,69.0,70.00680279307986,70.00567409358865,70.00630147594302,69.60829994323686,69.44478430355403
1029-QFBEN,19.55,19.990172162080214,19.98887482313286,19.98860057261469,20.343417902594886,20.18900528821994
9251-WNSOD,75.1,74.98880947833142,74.98740223776147,74.98863046841801,74.44910484983099,74.82436446871041
6576-FBXOJ,54.6,54.923172989314644,54.923356082411516,54.93177703844565,55.76812413407757,57.10644991094284
2501-XWWTZ,70.2,69.9821339177614,69.98227284542341,69.97716024379537,70.09090806593981,68.96976470475454
6080-LNESI,24.75,24.958404567019898,24.959610501502357,24.96335474671073,25.462618916620215,26.604654236354786
7245-NIIWQ,69.85,69.96108374484669,69.9602826572994,69.95836783221719,70.06921211356303,69.54025034283747
6567-HOOPW,79.2,79.93818066793644,79.93700614127394,79.9344650111448,79.95635459087345,78.9757325733233
4550-EVXNY,69.65,69.93885163818447,69.93765170535067,69.93419842765175,70.06378812546885,69.41106881694958
6437-UDQJM,84.1,84.9867294533646,84.98546044570196,84.9912428276234,84.35523128547106,85.61265636735077
0297-RBCSG,65.35,64.93606167392903,64.93666290529849,64.93746692719371,64.49799279280676,65.15326588364917
2097-YVPKN,25.75,24.95604480399104,24.955731266718654,24.9616993735302,25.500586833279577,26.94685772323907
0853-NWIFK,100.3,99.903637094663,99.90453645283011,99.89414182088026,99.49374602586118,97.23992832498286
4853-OITSN,89.15,89.97681599332041,89.97619381815286,89.96842951558055,89.67401575455942,87.88356209093357
6128-DAFVY,44.85,44.919127203036034,44.91925762125109,44.939616837908396,46.2405411678767,49.67864875517833
1197-BVMVG,74.45,74.95200923929987,74.95123238389277,74.95207604809465,75.0555254192806,75.06332527932294
7508-DQAKK,86.4,90.01756614341122,90.0175834991042,90.01518733785065,89.11714573035817,89.2683448759958
9938-PRCVK,19.7,19.92528121745417,19.92692646468786,19.93134903208653,20.451897664478775,21.460750649650844
0289-IVARM,60.55,60.07152623725491,60.07299825220122,60.07602111848938,59.534146479004875,60.49878431034957
8260-NGFNY,25.2,24.967336742340642,24.966041688958764,24.97813540113319,26.354241780233224,28.671694779007073
7074-IEVOJ,79.4,79.94254395010029,79.941710873531,79.93996128995832,79.85509878091725,79.47350952732589
6614-YWYSC,25.0,24.948028813387513,24.948135121543658,24.95914108180053,25.48973885709119,27.528539917526537
8473-VUVJN,73.65,74.96497032415903,74.96376093538174,74.96385528597831,75.0473894371393,74.98999596070487
6693-DJWTY,55.6,55.035554978887774,55.03657095063195,55.03553004649753,54.6844061422311,55.26719184265337
3655-SNQYZ,113.25,114.96410662579396,114.9632063616729,114.9442669388975,114.17578592869964,110.55969731905361
2845-KDHVX,68.3,69.92862918176472,69.92878149859447,69.9320095015157,69.46977286169992,70.45276497939929
5027-YOCXN,110.05,109.963023963603,109.96325491333741,109.9439506275553,109.2772296990781,105.4683727361056
8884-MRNSU,19.9,19.94615316415329,19.94622596509013,19.948845090339177,20.386809807348442,20.91040850383728
0567-XRHCU,43.95,44.94367227110271,44.94273967840495,44.95788565020913,46.00417605344134,49.104436190008585
5868-CZJDR,31.35,29.9376459167474,29.936401932495606,29.947848344270735,31.15652713591697,33.792057307471296
4223-BKEOR,64.85,64.97258304747136,64.97312070388158,64.96688147732823,64.5384664563103,63.913550893564995
6035-RIIOM,97.2,99.85940186143138,99.86051578559139,99.85344361113671,99.73055019237233,98.43743797420149
3797-VTIDR,23.45,24.973475940369518,24.972245186638947,24.993568020731956,26.354241780233224,30.31199017638481
2568-BRGYX,70.2,69.97337061169762,69.97271502147245,69.97046340817717,70.07192410761013,69.56469344904349
2775-SEFEE,61.9,65.0326886341392,65.03197810748614,65.02562565019241,64.35669805951704,64.49146688396726
4291-SHSBH,69.55,69.97286494819143,69.97260509652757,69.97067119684662,70.08006008975143,69.63802276766154
4635-EJYPD,18.95,19.932857404651564,19.93465537721472,19.934771519420696,20.4274897180549,20.788792853684452
2607-DHDAK,19.8,19.95248937532368,19.951072940378516,19.96317213283531,20.535969479938792,22.984517429768562
5204-QZXPU,39.65,39.98323148858166,39.98397246054451,40.00257588060378,41.14536447525935,44.69649082636228
0221-NAUXK,19.95,19.93495781621499,19.93443894097087,19.938690137685484,20.36782584901876,21.505156762774448
3398-ZOUAA,69.1,69.95541875187666,69.95641249468483,69.95914341743685,70.11802800641078,70.20771103354517
1768-HNVGJ,70.05,69.99449245448761,69.99554844809927,70.00378845356992,69.52102568560119,71.15184605687983
5917-RYRMG,19.8,19.97616465891245,19.97700734491996,19.983148664092468,20.4274897180549,21.584474218699196
3858-XHYJO,105.75,104.96124604861555,104.96202821789362,104.94829678713428,104.5112423483862,101.45408946418426
4837-PZTIC,41.9,40.01513679562141,40.016705167937474,40.02127646969236,40.88354933202054,42.3200018333029
2773-MADBQ,53.1,54.93782238217237,54.93987896207398,54.94160410395338,55.500576002834755,56.43930416472327
1090-PYKCI,105.1,105.01812613720426,105.01632059031655,105.0051542530639,104.3312126790511,102.17450155216909
9479-HYNYL,80.7,79.95804492782909,79.95705608123941,79.96142067368689,79.38132328543419,80.33290071220397
4565-NLZBV,24.65,24.941463134596123,24.940215728283828,24.955072357067323,25.51685879756216,28.31169717367027
8318-LCNBW,53.15,54.993020455313044,54.99385242295577,55.00053044782591,55.80453472124462,56.88099195712988
9261-WDCAF,54.65,54.96511870859975,54.96422978317034,54.96459887661022,54.868705135105586,55.07237186067518
4909-JOUPP,109.7,109.92894627232013,109.92760778732037,109.91712555027055,109.41271681925775,107.1052273888412
1951-IEYXM,90.6,90.00853595495586,90.00720962642608,90.00557710208764,89.13884168273495,89.3837748975199
4227-OJHAL,73.0,75.04631562985544,75.0446652868452,75.05071122704967,74.49981005963414,76.05605808078768
1708-PBBOA,54.75,54.9423771948363,54.94331624622607,54.95249400599143,55.516847967117336,57.49633962938518
8746-BFOAJ,20.5,19.948097644776475,19.948526536347362,19.953646467705788,20.397657783536832,21.315600050432973
4145-UQXUQ,92.1,94.89835258660787,94.89810714946007,94.89266767505424,94.66965213562543,93.02199404888253
9518-XXBXE,75.3,75.01937689080412,75.0193692000416,75.01203359878329,74.8594011634759,73.00820523350171
9558-IHEZX,106.75,109.95956168225925,109.958509104097,109.94744009135206,109.39759951952995,107.37601071002825
1707-HABPF,91.3,89.91952527903804,89.92028343368807,89.91603458367476,89.73042001545033,88.73428470132394
9643-AVVWI,80.0,79.94571454809743,79.94488839334389,79.936572133188,79.65510786651066,77.97348100621491
3398-FSHON,91.3,89.93530524882777,89.93553708409115,89.93246164544043,89.77207319274572,88.95056163243038
9139-TWBAS,47.85,50.00211854881018,50.002877504651885,50.00911226580865,50.73783888085597,51.90811269773814
0929-HYQEW,50.15,50.066927854539934,50.06613825975028,50.06735853166161,49.795336977040236,50.48628254661361
0487-CRLZF,74.45,74.93903381504293,74.94053914192938,74.94304403115385,74.51937406071431,75.36034453611076
0454-OKRCT,80.6,79.95644260398024,79.9585273694642,79.94453150869279,79.73646768792358,77.52091004980777
2347-WKKAE,94.4,94.99152275862187,94.99272877237425,94.9883308855521,94.6240998710758,93.47559809492688
6663-JOCQO,75.25,74.97467522205466,74.97560567484817,74.97337418515583,74.28534312462558,74.47319472258312
1297-VQDRP,107.15,104.91111314808214,104.90931153077648,104.90466529433604,104.5995834873856,103.29485518719433
4868-AADLV,116.25,114.91885484925801,114.91749076116633,114.90745716128595,114.16764994655836,111.93810976912778
0788-DXBFY,19.55,19.924097939696058,19.923698368103242,19.9378346225651,20.49800156327943,23.10072093019786
5845-BZZIB,20.1,19.932351741145382,19.93416073778897,19.9346793019601,20.435625700196194,20.862122172302513
7310-EGVHZ,20.2,19.99656838675434,19.99521333306199,19.997570338271185,20.343417902594886,20.64097512833215
4826-TZEVA,74.8,74.99027898810017,74.99162485020442,74.98550763566215,74.97184124898938,73.69112755475544
4080-IIARD,76.2,75.06407264282473,75.06444773617412,75.06547386581178,74.2845204475339,74.64671569570417
7672-VFMXZ,55.7,55.0857978840052,55.08600622501699,55.09295148490611,54.72539505284736,55.993162840946795
9940-RHLFB,75.3,74.99230732330675,74.99114324707452,74.98418356541725,74.91352846224262,73.4129747170649
9117-SHLZX,45.7,45.0151041117175,45.014008063623,45.02019779381814,45.01870789736286,46.601997478247704
7253-UVNDW,54.35,55.04471697223179,55.04642347174411,55.04919673295487,54.77409836351989,56.076401922764774
9898-KZQDZ,94.55,94.89561332694117,94.89664493080011,94.89443487989655,94.89029692002923,93.88563049742979
8559-CIZFV,77.5,75.03377750091724,75.03430481797926,75.02467166124083,74.30621639991067,73.0803088241834
2506-CLAKW,98.15,99.98406001269002,99.9836776676076,99.96478086907356,99.12876252665745,95.41536915684533
8591-TKMZH,111.1,109.91104378437885,109.91161217819783,109.89316846186875,109.29892565145488,105.94168583024171
4925-LMHOK,58.6,60.06244218817964,60.063004851010064,60.06749199924753,59.626172878640304,61.1808438333776
4971-PUYQO,94.55,94.89914284608744,94.900314809147,94.89237773123762,94.85504099741696,92.96871081111581
0186-CAERR,116.3,114.96086902799448,114.9588096369535,114.94565922201946,114.18120991679383,111.49102125045172
6233-HXJMX,89.3,89.95909119601481,89.96012372424183,89.95797478259497,89.8610307616339,89.29123348805665
9367-OIUXP,20.7,19.98966649857403,19.98880611759664,19.988840504798087,20.351553884736177,20.262334606838003
4588-YBNIB,19.6,19.967773553149023,19.966536542610953,19.970319406136493,20.343417902594886,20.955035775951032
6467-CHFZW,99.35,99.87965108228533,99.88055738197721,99.87716332855011,99.71156623404266,98.68616988561601
8148-BPLZQ,49.8,50.00110289182746,50.00263677199444,50.01509812816798,49.91048905660081,52.71733176155021
0557-ASKVU,54.4,55.02372735421611,55.02409586822582,55.028372542271185,54.69816253020117,56.11420301173416
3354-OADJP,54.25,55.05678971689699,55.05622348955479,55.05232215759198,54.5925073445396,54.33161407165022
2259-OUUSZ,35.5,35.012918913281496,35.01217708226646,35.02399736531487,36.00386447855347,38.76117146008245
4919-IKATY,84.5,85.03478154122362,85.03407806516236,85.02616534029453,84.67918284168466,83.30338919408177
4328-VUFWD,59.3,59.93461089152018,59.935607102930106,59.94055231803573,59.74994731806496,60.86358475001217
8681-ICONS,20.65,19.955372274652444,19.956501541592193,19.962930159532192,20.41935373591361,21.559327921595546
2232-DMLXU,55.2,55.009302209063286,55.00808663386029,55.00999001676434,54.91127436276745,55.093211625118705
6447-GORXK,25.0,24.988483651298203,24.98956777190952,25.005636643744964,26.43560160164614,29.776662491824055
1777-JYQPJ,24.3,24.979623609191556,24.978483213000402,24.99023812009626,26.35695377428032,28.696137885213094
6685-GBWJZ,70.8,70.07697224171415,70.0761639742685,70.07533417485945,69.43651883821829,69.36785690179241
3955-JBZZM,78.8,79.97489521648889,79.97576930071426,79.96940345116599,80.00788247776828,78.44681680985903
5197-LQXXH,83.3,84.96665745194474,84.96558945360661,84.97073305495493,84.36492459710466,85.60422824883585
5993-JSUWV,61.15,60.0296067683344,60.029461720303686,60.03546590424095,59.618218294464896,61.52260260748656
2219-MVUSO,45.15,45.013924230203074,45.01378363162502,45.020707634557716,45.037691855692536,46.77309922168985
3158-MOERK,96.0,94.90455163101859,94.90346186445882,94.89751707268283,94.78724114623954,93.23171758026018
3594-KADLU,35.1,35.04844976913478,35.04745863493001,35.05156384053289,35.91448125717448,36.63487847001729
0932-YIXYU,20.25,19.974328177892296,19.975841099798448,19.980902672198567,20.46816962876136,21.68752411501102
8348-HFYIV,49.25,49.92650543342485,49.92536917171536,49.93967754919891,50.94383382610723,53.46847667860646
8687-BAFGU,74.0,74.99822128352622,74.99706750806033,74.98712588379357,74.84739852273272,72.80405177998688
7353-YOWFP,20.25,19.949124236938644,19.948342339716955,19.947793431492524,20.35968986687747,20.29412242978892
6837-HAEVO,105.0,104.86493377104478,104.8641311941227,104.85991872834128,104.62097043985258,103.83372539772095
6734-GMPVK,105.3,104.93775401461967,104.93710963894958,104.92370636767578,104.44740282083836,101.66128483972669
7602-DBTOU,19.6,19.936397573384568,19.93522228055667,19.943052206553922,20.533257485891696,21.82236930919508
9894-EZEWG,74.3,74.98690942610233,74.98585470148191,74.97863371495379,74.86607348115258,73.50387690045173
1670-SVOWZ,89.65,89.91939138283607,89.91979851868305,89.90765948678585,89.52951305067725,87.007759248045
9142-XMYJH,19.35,20.009314553002305,20.01045108996047,20.016105831163546,20.41935373591361,21.32538210210072
5893-PYOLZ,81.8,79.97059662483846,79.9716285373454,79.97189998665316,79.34064337472773,79.96607363376188
3319-DWOEP,95.75,94.91357715883947,94.91307557592103,94.90816715394682,94.66422814753123,92.97328832182227
9514-JDSKI,40.2,39.950545098331716,39.949256889284634,39.96405237011778,41.049093601321566,43.46495548576056
7432-FFVAR,90.95,89.89701566149282,89.89756783710138,89.88629244041587,89.6637518412744,87.23538038340102
4329-YPDDQ,108.2,109.98843396026018,109.98938206159528,109.96933598843711,109.05929690872141,105.01463679297993
2860-RANUS,85.8,84.9248433015282,84.92563412565545,84.92325613953167,84.94349057368268,84.21981905218313
8696-JKZNU,76.25,74.94644694073186,74.94775614202253,74.95259383019227,75.1450212228348,75.8699477841216
1089-XZWHH,19.7,19.91180723173686,19.91343461805245,19.916579120102636,20.405793765678123,21.35927849176738
4831-EOBFE,94.65,94.98093283826637,94.98204148000443,94.9664588651491,94.64806876542387,91.1874928671069
4423-YLHDV,104.4,104.98208657335272,104.98291545041471,104.97165095095998,104.45971446149136,101.79724242966812
5449-FIBXJ,103.3,104.93929274224482,104.93988360217998,104.92663204694996,104.46669577907784,101.56746428157048
8144-DGHXP,80.6,79.99509377964289,79.99621442221151,79.9929256683968,79.30413912253299,78.9740430195463
6598-RFFVI,19.3,19.998739769134694,19.997242835695044,19.997983516715557,20.346129896641983,20.62387673887103
3096-JRDSO,104.3,104.95701531004644,104.95809547885702,104.94691266865277,104.40985648626403,101.56228242347376
5862-BRIXZ,60.75,59.95890061612654,59.96047244115144,59.96599741427049,60.61797705302657,61.95814186193702
1057-FOGLZ,19.65,19.974851314192204,19.97548063362698,19.97751600956928,20.38952180139554,20.604538093722287
9371-BITHB,19.85,19.91703089325737,19.91811934625998,19.92153041101977,20.481729598996846,21.277654977804858
4580-TMHJU,56.15,54.98084862668999,54.981902143347384,54.992485455131145,55.025178112745536,56.913611196590594
0178-CIIKR,19.95,19.97737963172312,19.976373753423594,19.97674492883811,20.34884189068908,20.23789150063198
9348-YVOMK,44.8,45.050915786544095,45.050219699542126,45.05897281311435,45.02684387950415,47.127296636977974
8417-FMLZI,83.55,84.91879341946131,84.91831102897433,84.90861271640144,84.72420670103661,82.7334962611043
6851-WEFYX,100.8,99.91730160239536,99.9185540690689,99.91793455584612,99.72647728656753,98.95346593842875
8181-YHCMF,60.3,59.90066942764504,59.89986664915239,59.90784951242184,60.708721186163274,62.24897338086944
7548-SEPYI,96.25,94.88579959969512,94.88529705461104,94.87639555685013,94.6140611723941,92.46834671645532
0374-IOEGQ,44.6,45.01344969131824,45.01258595737077,45.020671472295035,45.02413188545705,46.758937627223524
0581-BXBUB,72.75,74.94370605906079,74.94302845395326,74.93698731099433,74.87420946329388,73.46059460916892
9350-ZXYJC,25.3,24.98024535801835,24.980010371967715,24.984046244124773,25.335155196406642,26.67382857251513
8642-GVWRF,79.7,79.99013826927207,79.98913547147194,79.97873932198453,79.71852581197348,77.45011107864902
2931-SVLTV,110.1,109.98251605232369,109.98368871497178,109.96773389194536,109.24739776456003,106.0070705512376
5183-SNMJQ,95.1,94.9565703289368,94.95656204417081,94.94387185125335,94.60894618420971,91.81253844638633
7278-CKDNC,80.5,79.95145972690997,79.95263181590782,79.95283496845147,79.91205065590628,79.98681475765231
8024-XNAFQ,107.4,104.93207707043632,104.93083911353517,104.92072687728691,104.29135544543634,102.44941209792405
5480-TBGPH,99.3,99.94109480386133,99.94225999595449,99.93289396944235,99.51532939606273,97.1984727099094
7301-ABVAD,86.6,84.94407892948774,84.942765581929,84.94365515359686,84.36763659115176,84.86246038195901
4678-DVQEO,52.2,50.01824543348836,50.01715409304061,50.024886360982066,49.80231829462673,51.55480003983511
9415-DPEWS,88.35,89.97584806142167,89.9765666805646,89.97103298210666,89.76967019860842,88.51400675910251
3748-FVMZZ,40.05,39.9253485740412,39.92454477891117,39.938815804293945,40.99056140928692,43.651375804690154
5281-BUZGT,90.85,90.00551005765948,90.00680445168268,90.0035929419721,89.80608078577549,88.93796768311977
5879-SESNB,75.25,74.97829102052407,74.97834637183786,74.97445345499635,75.07450937761027,74.24109224138644
1820-TQVEV,69.55,69.97387627520379,69.97278372700868,69.97022347599378,70.06378812546885,69.49136413042542
9003-CPATH,79.9,80.00646453419087,80.00762972091621,80.00601199021928,80.00832152984408,79.68646960814363
1268-ASBGA,85.35,84.92794956141097,84.92843124637216,84.92676578315033,84.9326425974943,84.12222711271083
6655-LHBYW,114.35,115.00427297377462,115.004689201775,114.984157103489,114.1242580418048,110.2116855323942
9227-LUNBG,24.6,24.96853166472026,24.96724221784663,24.984202726975525,26.354241780233224,29.54577920330194
9418-RUKPH,19.95,19.90944746870801,19.911286598432646,19.916273774507367,20.443761682337485,21.701481978651664
0537-QYZZN,79.85,79.99311724864634,79.99410160963659,79.99147277407343,79.88097039180573,79.30747143127314
8734-FNWVH,59.7,59.95527075753998,59.956350342174574,59.9632726027767,59.92824228009477,61.3999613830638
4801-KFYKL,19.45,19.97281928957356,19.972316725358745,19.97407430073579,20.362401860924567,20.731781558298458
8327-LZKAS,107.55,104.89031838899388,104.89108500703892,104.88691704596337,104.53178363620817,103.18618742970231
4188-PCPIG,70.35,70.05121374249865,70.05216601020366,70.0526804413806,69.4202468739357,69.95093634915645
1843-TLSGD,20.85,19.92360451883775,19.924371041357183,19.92258994944717,20.37596183116005,20.324373835770068
6906-MPARY,89.6,89.92002038415106,89.92110210982312,89.9106450888892,89.60002489590178,87.68185334185844
6082-OQFBA,19.65,19.938745612466793,19.939269150987478,19.939980181386897,20.403081771631026,20.60509730096119
3544-FBCAS,83.6,84.98167871285867,84.98034443399084,84.98291752063194,84.35523128547106,85.30505676022736
8034-RYTVV,84.25,85.04157680773636,85.04161214116421,85.03686405285875,84.81478254403953,84.14200325265705
7130-YXBRO,111.45,109.9803571794484,109.98125089116824,109.97070538109644,109.33522365644673,106.89183365143964
1157-BQCUW,74.95,74.98248879931944,74.98131709937587,74.97953585726182,75.0473894371393,74.76269166705731
9445-SZLCH,97.35,94.9547858263191,94.95600865189294,94.95044072411127,94.68690138664982,93.49530354979116
1399-UBQIU,69.35,69.9702435785084,69.9703831407527,69.97657399072239,69.63270788966074,70.85273684597018
4912-PIGUY,84.6,84.9643116672125,84.96309567763524,84.95945796369637,84.93995590254391,84.01975581630764
1323-OOEPC,98.4,99.92387596553951,99.92440683195039,99.92107978445404,99.72783819832523,98.4910092521453
3181-VTHOE,51.05,49.90558558247403,49.903662217498194,49.920915782145826,50.821578708852876,53.92341364836901
8272-ONJLV,95.7,94.910014275915,94.90987858158354,94.89760648543938,94.68050011181381,92.08489019666082
3647-GMGDH,94.7,94.96352117792007,94.96450241504567,94.95693796852736,94.7076200522848,92.71495914328838
1303-SRDOK,69.05,69.93535175882792,69.93633862721977,69.93531456811584,70.21023580401209,70.23122855444574
7361-YPXFS,64.45,65.03124243893674,65.03243740779418,65.03636374117679,64.51116913802636,65.6475190943429
3359-DSRKA,19.85,19.90607637866679,19.906660821315135,19.914623255987703,20.49800156327943,22.19034410277207
6746-WAUWT,19.7,19.98593115502144,19.986352198689712,19.99259541179974,20.392233795442635,21.805440032104464
4659-NZRUF,95.15,94.94993492336243,94.95083366555284,94.94140854698615,94.51426902690253,92.66021244667505
9518-IMLHK,72.45,75.08859410132267,75.09001177468643,75.08737823346075,74.19947536548496,74.08071007561676
3374-LXDEV,89.4,90.00366517044023,90.00401083518585,89.99286487348051,89.51556945542589,87.49096501967054
5356-RHIPP,20.2,19.980228974501994,19.9789963885637,19.982338576203553,20.343417902594886,20.955035775951032
1122-JWTJW,70.65,69.95254417903233,69.95133257982428,69.94375839197698,70.06378812546885,68.53716487800651
0650-BWOZN,73.55,74.93140310845372,74.93228438136718,74.93141998942144,74.91217737995323,74.5688285837843
5546-QUERU,19.95,19.950625143701032,19.95058024298478,19.95386975194555,20.37596183116005,21.206811554756133
8610-ZIKJJ,20.3,19.929829835657102,19.92825202999043,19.927031501361235,20.346129896641983,20.09179207063476
8590-YFFQO,64.95,65.09808613553471,65.09727718607584,65.09694509983684,64.41267666791717,64.93324316722388
2428-HYUNX,19.35,19.96225964188733,19.96394742165705,19.97480818618783,20.46003364662007,22.607710063123385
7219-TLZHO,20.85,19.95707390342921,19.956095653347372,19.956423576556578,20.351553884736177,20.18221977871395
2649-HWLYB,76.15,75.02766268051182,75.02740521566623,75.02746692301331,74.42500590331693,74.83524647636322
8065-QBYTO,99.65,99.99946444495387,99.99741001834872,99.98983197895537,99.48689633037152,97.84316581198217
8259-DZLIZ,53.85,54.94968631125474,54.94862759046643,54.96307740627477,54.975450189684196,58.17818157638886
3348-CFRNX,92.35,94.94495466117081,94.94623701386953,94.93366137147885,94.64535677137678,91.55740572199558
8245-UMPYT,96.4,94.88467339282933,94.88516830060807,94.88263117828093,94.82520906289889,93.80122536079202
1555-DJEQW,114.2,114.92407377005503,114.92305633813427,114.90828030782076,114.17849792274674,111.35017091299072
7776-QGYJC,81.5,79.9754250138971,79.9766415953003,79.9717307544945,79.8001946332962,78.68433196561058
2828-SLQPF,45.0,45.01846635535453,45.01931604920486,45.03012499986597,45.06752379021061,47.49394323006828
3170-GWYKC,104.95,104.97887020252641,104.97868523252373,104.9671970140696,104.36549131492154,101.55773368701176
1710-RCXUS,90.35,89.91480902987433,89.91523346389508,89.91211560997587,89.82984774482645,89.1435173948158
2673-CXQEU,110.5,109.92376351355149,109.92366290161401,109.91274688887695,109.3569196088235,106.929044910168
3838-OZURD,105.0,104.95508346024339,104.95411615404893,104.95120944108123,104.61283445771127,103.49641070719414
4859-ZSRDZ,55.5,54.902045628789075,54.90253708542787,54.91498685274619,55.879315890008556,58.33594545233135
5795-BKOYE,59.1,59.98551930482893,59.983738842398566,59.98964170236278,59.63875958228688,61.02939829471908
2851-MMUTZ,56.15,55.00303425035351,55.004439723676185,55.00779221618946,54.67511549553501,55.75086373110574
9752-ZNQUT,48.6,49.9942097690425,49.993199754416636,50.00220759735001,49.8209932530466,51.910709256751545
6972-SNKKW,20.0,19.976873968216935,19.976277568281603,19.976963432012216,20.35697787283037,20.31122081925004
1329-VHWNP,25.05,24.972721640002405,24.97220156840679,24.987552887642536,26.370513744515808,29.270323256355404
3999-QGRJH,69.7,69.95517791852895,69.95500313101655,69.95505274544985,70.08277208379852,69.88977016751512
3466-BYAVD,69.5,69.95872695212523,69.95926595907514,69.95693959586208,69.33688515339216,69.25259136062652
4568-TTZRT,20.4,19.988823726063725,19.98860000968369,19.98916896173944,20.365113854971664,20.384550137868104
4672-FOTSD,67.25,65.07998628755922,65.08031630169437,65.08189937689774,64.3892419880822,65.36502795489606
8851-RAGOV,71.05,69.99837277136686,69.99967827030613,69.99638101371727,69.28546984867253,68.72507551774586
0256-LTHVJ,81.05,79.87714122681149,79.87835552295621,79.87678433099161,79.981585214389,79.25873182761043
5278-PNYOX,100.65,99.93647535738647,99.93793454252256,99.9228297053546,99.56445428882029,96.60959627626252
3132-TVFDZ,44.85,44.88120522064788,44.88123282975358,44.906982911832834,46.243253161923796,50.35269122456635
6924-TDGMT,20.55,19.953394294579663,19.953134622835954,19.95738577578656,20.370537843065858,21.158105827695874
2824-MYYBN,95.25,94.87851504965461,94.87968462066695,94.8777934798934,94.88216093788793,94.00711146934682
4289-DTDKW,101.3,99.9034001794661,99.90470431174327,99.9016343860082,99.69258227571297,98.5953634556497
0017-DINOC,45.2,45.03606468116105,45.03704367726695,45.043414557535456,45.945359418981035,47.51249649173701
4536-PLEQY,85.05,84.9403513081153,84.9406671761696,84.93295917048282,84.74047866531919,82.96045021181627
6402-EJMWF,55.3,54.95500696651947,54.954323866821476,54.95841328609199,54.87141712915268,55.86284545461229
1442-OKRJE,103.15,104.91856028185308,104.91724618735202,104.90608737972693,104.400438237624,101.93864521737312
1459-QNFQT,59.5,59.94466132186345,59.943450140652025,59.94902386991199,60.68306491015691,61.698631095026364
6996-KNSML,74.9,74.98236413572853,74.98126481250537,74.97792156900611,74.91352846224262,74.17900520479598
2239-JALAW,103.25,104.89649756395049,104.8962220216201,104.88986052319771,104.5911385053345,103.25914387652705
3452-ABWRL,86.05,84.9866175222634,84.9874961322539,84.98841106886448,85.06470762871038,84.94932841124947
9231-ZJYAM,78.85,79.93767500443025,79.93693743573772,79.9347049433282,79.96449057301473,79.04906189194136
7153-CHRBV,59.3,60.03299724212952,60.03284216436935,60.03507868548205,59.57513538962115,60.4509131696106
6833-JMZYP,94.0,94.94981359620702,94.95029427724319,94.94115084477194,94.68863609395511,92.54367691449445
5666-CYCYZ,89.55,89.92096696347144,89.92206698130786,89.91715069339044,89.73794894713495,88.59111990483484
4425-OWHWB,19.35,19.973307179166405,19.973791592008524,19.980595503600824,20.394945789489732,21.829883138310485
1543-LLLFT,98.3,99.94850254492033,99.94791786855254,99.94111236307505,99.53831163509115,97.99918761357824
6581-NQCBA,49.95,49.90758082978404,49.908057898347764,49.92298432442323,50.915671803256686,53.201937713764494
8152-VETUR,97.7,99.88872103592743,99.88747939286066,99.88416728060781,99.77936608522009,98.87759437126162
9796-MVYXX,39.7,40.00318061902901,40.00413662413129,40.006256711822154,40.794053528466335,41.74068362215179
2842-JTCCU,46.05,45.03127496946779,45.030206686210185,45.035513104781785,45.021419891409955,46.312379936834844
0595-ITUDF,91.8,90.01520298190037,90.01453094819101,90.01210265940134,89.64147584614716,89.18015981444594
0219-QAERP,19.8,19.996452284951495,19.997291926268502,20.00248097627582,20.422065729960707,21.308464197991377
8226-BXGES,89.45,90.02533551066323,90.02432553252464,90.01603728199363,89.64147584614716,88.03076856034087
3090-HAWSU,111.6,109.9977383130787,109.99806056540575,109.98360615458971,109.35180462063911,106.77567043105162
1136-XGEQU,84.15,84.95199909811835,84.95235374857495,84.95452261095005,84.30797272211562,85.04692010816451
6732-FZUGP,94.9,95.0471467205771,95.04768922921562,95.03581324921652,94.68565305706734,92.4374920645281
3401-URHDA,59.9,60.10053093243563,60.10085645633079,60.1025115450478,59.69272440023525,60.65399517514099
0365-TRTPY,91.2,90.04258019576763,90.04389208081884,90.03211496009008,89.56825200687553,87.4121657030937
4654-DLAMQ,97.0,94.92715760834236,94.92616065894526,94.91700071946548,94.50244778412522,92.17426397510307
8847-GEOOQ,60.2,59.9291305935169,59.928886126081466,59.943525165078434,60.6870252337865,62.977588231226264
3030-ZKIWL,20.05,19.990172162080214,19.98887482313286,19.98860057261469,20.343417902594886,20.18900528821994
6727-IOTLZ,81.95,79.95373380504499,79.95486167568909,79.94475106509792,79.22673962474965,77.72164333061751
6960-HVYXR,76.0,74.97997656554469,74.97873568799227,74.9737786836059,75.0473894371393,73.99666117932622
0378-NHQXU,88.25,89.9723640908436,89.97282168266403,89.96594766716285,89.83308814407124,88.25234127411937
0565-JUPYD,104.5,105.06167324693968,105.06079185517422,105.04471405543967,104.31494071476853,101.34192725532594
4625-XMOYM,26.25,24.918725364427708,24.917204635266742,24.93090002257998,25.519570791609258,28.255844966400456
7663-ZTEGJ,100.55,99.93880426157897,99.93964672967535,99.92230826857872,99.40353460982797,96.52562198338777
1402-PTHGN,61.5,60.00899374213054,60.009497023063346,60.005079051388556,59.421912640694316,59.24461830741422
7657-DYEPJ,70.15,70.02007482970367,70.02114579715251,70.02478990558703,69.44725423223144,70.60217576108548
3523-BRGUW,19.3,19.977175985924816,19.977872965545465,19.98323666847186,20.411217753772316,21.437815581463074
0100-DUVFC,104.8,104.87418717434534,104.8722946203381,104.87320959279148,104.62368243389969,104.20206051418128
2026-TGDHM,79.3,79.90081804514661,79.9005297593095,79.89662758687003,79.92463333939996,78.82554142540806
9746-UGFAC,20.85,19.952992144081858,19.953512933791707,19.957319987787287,20.40036977758393,21.112738862991435
1042-HFUCW,54.75,54.98953830524782,54.99041494304695,54.99309363890318,54.66969150744082,56.03211054966293
1153-GNOLC,39.1,39.922713423197216,39.92376110575245,39.94152923288611,41.13587741082868,44.74413909741782
0576-WNXXC,95.55,94.91473790546416,94.91599409249804,94.91412941029841,94.61450022446991,93.93548429373925
6906-ANDWJ,74.9,74.96519316479326,74.96553118134413,74.9628852168048,75.08535735379867,74.6026657416349
1022-RKXDR,24.85,24.942062720405996,24.942870682800773,24.95095228012941,25.43549897614924,27.162546065156597
7123-WQUHX,95.0,94.99343898770763,94.99429606319606,94.98247624167011,94.67365041632415,92.46082339001259
5857-TYBCJ,89.2,89.97537609356866,89.97643832560499,89.97948948229026,89.90631198334287,89.98593523653642
7729-XBTWX,19.75,19.91718336400327,19.916757403779723,19.925582210473483,20.51969751565621,22.38588895242023
3978-YNKDD,20.85,19.968933909636625,19.970181285606127,19.9697266592679,20.392233795442635,20.92282182776662
9170-CCKOU,90.2,90.09075986269497,90.0914175204197,90.07745805958336,89.51401212593359,86.92348406432507
1475-VWVDO,74.9,74.99380823006913,74.993546027977,74.99038845992602,74.9298004265252,74.32566384203211
7108-DGVUU,71.7,69.93327988311339,69.93380974327249,69.93806148754834,69.55314803208134,70.54385686103939
2533-QVMSK,94.1,94.94190144328599,94.94235645803761,94.93801812645347,94.68857129831736,93.92203426672407
7339-POGZN,50.7,50.02189366093182,50.02109184795825,50.03006025945599,50.01044519117461,52.05470827006144
6848-YLDFR,75.2,74.93355027746148,74.93326914301785,74.93668049718748,74.49632702604815,75.28349634681021
2898-LSJGD,55.95,54.9152899777912,54.91571781654049,54.925930984332496,55.76656680458527,57.64663822868351
3507-GASNP,19.95,19.925705836719345,19.926014208162048,19.92905267747935,20.503425551373624,21.473019342101242
7799-LGRDP,25.7,24.97367173243797,24.975366233808426,24.984240302740826,25.440922964243438,27.627109714549924
5373-SFODM,85.25,84.93703389272272,84.93828048629766,84.93870589537897,84.98688247843624,84.61108923683123
7733-UDMTP,55.0,54.87762719559646,54.877743365700056,54.89903453250125,55.895278854381324,59.474779167794104
2801-NISEI,54.95,55.088928140698705,55.090083666113884,55.091182773729834,54.63589924929315,55.18635985079635
4378-MYPGO,105.25,104.91385195555227,104.91323240018954,104.90066174014811,104.40586222571821,101.95123902665424
0129-KPTWJ,94.65,94.91997103686387,94.9180871563992,94.92052248603513,94.84321975463966,94.35922903777205
0373-AIVNJ,39.55,40.01433284090352,40.013896073672036,40.01616339080603,40.79916851665072,41.78336541752149
8414-OOEEL,79.5,79.9463418641515,79.9460480816229,79.94660455391707,79.36776331519872,80.13020938234624
8541-QVFKM,73.5,74.96885349645204,74.96863282142513,74.96802652793434,75.06637339546899,74.93379341049946
2931-XIQBR,103.05,99.88422350805646,99.88454259596088,99.86893384755705,99.56716628286739,96.13824711736319
5652-MSDEY,75.75,74.96732146506831,74.9673269497006,74.9620727273608,75.07179738356318,74.10859519861663
2586-CWXVV,30.4,29.964851895636862,29.96529241831785,29.987298227254804,31.300262820413124,35.276071671781764
8058-INTPH,79.65,79.95569914309685,79.95456230526806,79.95014558242832,79.95635459087345,78.74842827967574
2798-NYLMZ,108.55,109.99848480993259,109.99734484608246,109.9857461451517,109.37892456111008,107.0202819784636
0880-TKATG,101.15,99.92741923903152,99.92644007450855,99.91527412735337,99.64240547110751,97.12209955118763
9342-VNIMQ,54.65,55.01508527273968,55.01647300521148,55.02734368840372,54.89137837422418,57.54210160779343
7779-LGOVN,86.65,84.90629389382315,84.90623722669051,84.90606233217765,84.91637063321171,84.39768305965737
2192-CKRLV,49.2,49.920979563608086,49.91978003726862,49.93689676083775,50.814597391266375,54.11480276049411
6982-UQZLY,20.85,19.952687119863114,19.95140193602556,19.958246954953502,20.343417902594886,21.18252055495037
8441-SHIPE,25.6,24.939705310729856,24.939104040779466,24.95209434680079,25.50601082137377,28.213744263494412
8212-CRQXP,80.0,79.98971395638124,79.99071712890878,79.98722597529044,80.01330646586248,78.83979941117128
3009-JWMPU,96.75,99.90025588734937,99.89948804045062,99.8984948998487,99.79970112583915,99.34440353132482
0623-IIHUG,41.9,39.984138053013,39.98498083764082,40.002191039961545,41.07225321816295,44.120439114005165
2632-IVXVF,111.75,109.97390902399768,109.97308053132333,109.95646103284864,109.3707885789688,106.10062685863862
0655-RBDUG,98.05,99.94230886403349,99.9418403143323,99.93252011760029,99.6505414532488,97.61945960147818
1867-TJHTS,79.8,80.01778792547006,80.01781273027842,80.01647850916356,79.97317818940704,79.56923299257167
0027-KWYKW,83.75,84.94046629437531,84.94138401247193,84.94007326437654,84.99961977158004,84.47738932471603
1131-QQZEB,23.95,24.946343268366903,24.944997844811617,24.957672952262005,25.51685879756216,27.772970979586738
5651-CRHKQ,86.2,84.96044210008145,84.961481473119,84.95435468079091,84.60790397707413,83.20659935004028
1371-DWPAZ,56.05,55.02388346730359,55.02302110505122,55.01908285737726,55.450937432895316,55.23472235706739
1194-BHJYC,62.15,59.952408115796004,59.95270831121349,59.95910323094703,60.65865696373303,61.872999100266895
0572-ZJKLT,99.65,99.94702159546421,99.94855694747574,99.92850739691241,99.41855824452806,95.85384453274364
2928-HLDBA,20.7,19.976873968216935,19.976277568281603,19.976963432012216,20.35697787283037,20.31122081925004
2645-QTLMB,94.25,94.89791791204397,94.8976790373329,94.88854968119529,94.6194851604883,92.51723292886736
0491-KAPQG,73.7,74.97911770927823,74.98008047363741,74.9805282498879,75.10162931808125,75.25155379117773
3793-MMFUH,95.05,94.88517905633552,94.88540188377894,94.88251982015328,94.81707308075761,93.72789604217397
0578-SKVMF,83.3,84.87846189770042,84.8794406675863,84.87101026350157,84.76759860579017,82.7806700568522
1025-FALIX,69.05,69.99232940725246,69.99357166555684,69.99168933913303,70.13158797664627,69.68032720139327
7880-XSOJX,42.4,40.03621532905656,40.035460603600086,40.03599377408189,40.71947860690533,41.0937684450805
5799-JRCZO,19.5,19.949062090192967,19.94895534975803,19.955176370934453,20.511561533514918,21.99831850083151
0495-ZBNGW,79.9,79.99287273219751,79.99216063803097,79.99039587554715,79.90797775010148,79.35347536106865
9970-QBCDA,19.7,20.013191306549707,20.012557909736948,20.015498519125032,20.35697787283037,20.76319065936225
7271-AJDTL,94.45,95.00407362010493,95.00444571774185,95.00261357757242,94.73842927354468,94.0400178811814
7833-PKIHD,76.4,74.96660374084547,74.96687513251851,74.96689092432989,74.44626280361791,74.51316610511297
5791-KAJFD,68.75,69.9741812429853,69.97396342721527,69.98080886479754,69.61698755962917,71.25856796060268
8499-BRXTD,20.1,19.959725558768945,19.960046472597675,19.960299487728374,20.38952180139554,20.562996598055143
0853-TWRVK,105.6,104.97442619640243,104.97315511545995,104.95829673514913,104.29135544543634,101.45625780189718
4456-RHSNB,49.6,50.00681704208743,50.00754651640503,50.01742533470386,49.91726412698439,52.10146947631479
9809-IMGCQ,96.7,94.89611748716993,94.89703732199308,94.89477663406149,94.84148102718147,93.94788399802815
2073-QBVBI,35.45,34.94021340439905,34.94112036853113,34.95166607310382,36.04861729506474,38.12140350843403
1257-SXUXQ,19.45,19.969360770280126,19.96852343758612,19.968515581014998,20.354265878783274,20.206662884919965
6169-PGNCD,74.3,75.06972498250184,75.07068538424437,75.0687895843595,74.26998721070949,74.63839693817523
2692-BUCFV,101.45,99.90283582201043,99.9041361876356,99.89603043345558,99.52888936629822,97.54781204923528
1644-IRKSF,93.8,94.8639388486487,94.86488517160726,94.85910705542021,94.73745198680287,93.28411108659428
1304-SEGFY,97.85,99.88417574555363,99.8828895038841,99.88345513466014,99.82682106631013,99.55272267560588
9777-WJJPR,88.65,90.04015138078724,90.04133433083074,90.03448513833183,89.87105606073061,88.25272549029684
5732-IKGQH,104.45,104.95000644983372,104.95025989155099,104.93879682455265,104.34379536254477,101.5481321206958
1757-TCATG,20.05,19.943119183116192,19.9438764196656,19.948773938284603,20.435625700196194,21.350384415545644
8314-HTWVE,19.85,19.92461584585012,19.924714549472938,19.922270802650058,20.35968986687747,20.177715198533946
2087-QAREY,54.7,55.01285052587182,55.014015168051465,55.02047016617872,54.727685464809426,56.23775162250545
4229-CZMLL,74.9,74.98164602680913,74.98117969047735,74.9799178867264,75.06094940737479,74.88490719808742
4940-KHCWD,37.7,39.9911967280639,39.991641091255865,40.000770540728084,40.871350273542774,42.83689881928356
1834-WULEG,20.25,19.938577057964732,19.939150070521855,19.939985157248845,20.405793765678123,20.629540407167212
6360-SVNWV,73.55,75.0261290114083,75.027477020761,75.02294157117356,74.91635303846495,73.8652458820248
5226-NOZFC,85.75,84.95430685819666,84.95564113101275,84.9511436721878,84.82643979773461,83.79413328903522
1062-LHZOD,69.9,69.95254417903233,69.95133257982428,69.94375839197698,70.06378812546885,68.53716487800651
1106-HRLKZ,19.6,19.93150896863508,19.933244740060132,19.934454176161463,20.449185670431678,20.984337703332617
7094-MSZAO,20.05,19.994892148524375,19.994696336887873,20.001099271150288,20.36782584901876,21.546878743793368
0613-WUXUM,19.2,19.904053724642054,19.90300600765979,19.91294721657863,20.5305454918446,22.483661377244314
8806-EAGWC,55.15,55.018988479537626,55.018083698647786,55.01856459302136,54.916698350861644,55.14191735217897
6769-DYBQN,85.0,84.95128540516356,84.95230330524916,84.94600158655261,84.80160619881994,83.07549522931319
2408-TZMJL,110.15,109.945720600855,109.94539763970539,109.93744338834482,109.36505559096479,107.54128090822138
1996-DBMUS,70.65,69.94361366126256,69.94451521671562,69.94910029949676,70.19125184568242,70.44556031692505
6323-AYBRX,19.35,19.94844360688776,19.948970341967584,19.95318215394811,20.500713557326527,21.528871549371054
1432-FPAXX,30.6,29.94423510738269,29.94557056246099,29.96689171982407,31.232462969235694,35.43084401901057
4160-AMJTL,19.65,19.960213306432017,19.959834910075863,19.96747799784603,20.362401860924567,21.46149574960451
3352-RICWQ,19.75,19.924278736846,19.924618366504873,19.922391470921955,20.365113854971664,20.22660141094598
2680-XKKNJ,58.2,60.04715587319535,60.046674497413306,60.04028380534857,59.39479270022335,58.76624142585919
8182-BJDSI,89.95,89.89625708101734,89.89759052147843,89.8944561181907,89.7674718817432,89.04480154657537
1389-WNUIB,76.0,74.96352740000603,74.96381697701207,74.96098006740888,74.56218190256448,74.18200872433461
4612-THJBS,104.75,104.86686077644123,104.86675102820232,104.86239012072697,104.58571451724032,103.43756195776257
1530-ZTDOZ,40.65,40.01451353386294,40.01516598277334,40.029633468206924,41.14818905148167,43.389577207564216
5842-POCOP,88.9,89.97549640734988,89.9749410023945,89.96074790148253,89.54015477966273,86.42579120437736
9492-TOKRI,90.0,89.98693481292898,89.9876921545081,89.98082197974509,89.7883451570283,88.4478013918363
0795-LAFGP,90.4,89.98352528108298,89.98234716573958,89.97953779344067,89.13612968868784,89.01541588776546
0611-DFXKO,89.0,89.90659766671371,89.90749640340064,89.8986578091035,89.85245572741681,87.52646201639357
8035-BUYVG,42.35,40.002791428015534,40.00380625300198,40.019620375510186,40.88324033211073,44.18139710728586
6620-JDYNW,60.6,60.0814999216494,60.082259597817554,60.08514008667318,59.66935853619095,60.81189775070637
8590-OHDIW,20.3,19.923761873582905,19.924542204949304,19.92766064158652,20.443761682337485,20.971743894051496
5897-ZYEKH,105.6,104.89345498644741,104.89204079534656,104.88893759632118,104.5370112065678,103.27648897714653
5084-OOVCJ,55.35,55.082694655443255,55.08331196450208,55.084861777781505,54.616915290963476,55.27905918277858
1740-CSDJP,35.25,34.91665371909768,34.91534611900616,34.93083790053606,36.19881502988176,39.0772137645969
2696-RZVZW,25.05,24.99428852069214,24.993485112661673,25.003396784629658,25.508722815420867,27.47233736732112
9450-TRJUU,83.15,84.98097942307362,84.98224167003934,84.9785761802704,85.03216370014522,84.08479093958124
4581-SSPWD,75.8,74.96969626896235,74.9688160296666,74.96768021348524,75.0528134252335,74.81157787946935
4813-HQMGZ,90.25,89.92609587737893,89.92584423405104,89.92025061951396,89.69455704238139,88.2002106908903
4903-CNOZC,70.9,69.98939441539441,69.9903384244003,69.99171537913173,69.57484398445811,70.5119169316882
0822-GAVAP,34.7,34.89882844094814,34.89772997010104,34.91599983955085,36.20152702392885,39.52377145498558
3055-OYMSE,73.8,74.96062611683475,74.96127280523353,74.9625618752099,75.00709717160164,75.00222271681235
