cliente,real,gradient_boosting,stacking,xgboost,catboost
1024-GUALD,24.8,25.251160683324283,29.766269337638086,24.933699,24.99214082527549
0484-JPBRU,25.25,24.851579799686185,24.54566032727048,24.942444,25.044591581811964
3620-EHIMZ,19.35,20.00985073346448,19.724889344921394,20.058022,19.879260738276045
6910-HADCM,76.35,75.3304753760336,72.61929743483033,75.133675,74.96791704543269
8587-XYZSF,50.55,49.405463668656395,55.075219423949086,50.244446,49.42327367799027
6818-WOBHJ,89.6,90.33702934646423,95.57076531489365,90.174835,89.9821854816177
3082-YVEKW,77.15,74.47190994104483,68.18010446964158,74.52318,75.10639684691948
4737-AQCPU,72.1,69.58831316447902,70.35979453336391,70.57377,70.32715119100554
4853-RULSV,104.0,104.98453810078041,97.77429317924843,104.53776,104.48410894087682
5766-ZJYBB,19.4,20.025420178216404,19.504245872213307,19.974436,19.964425236015487
2668-TZSPS,20.45,20.025420178216404,19.504245872213307,19.974436,19.964425236015487
3192-LNKRK,84.05,84.73024544280837,83.56634522011292,84.782295,85.18690272137147
5315-CKEQK,51.0,48.91407285447533,56.124947460772404,50.03503,49.92847537809401
5914-DVBWJ,85.45,85.56327587156665,79.34111443863692,84.903854,84.18140564372968
7998-ZLXWN,20.45,20.025420178216404,19.424011882137638,19.964428,20.019790918086905
6328-ZPBGN,95.15,94.60469836536502,96.31002286036747,94.70354,94.69898721406658
9530-EHPOH,53.75,53.59217910382489,56.66652689378317,54.91335,54.75876029956228
1853-UDXBW,70.0,70.32704304054172,72.99372272185012,69.887405,69.90695021929477
2672-TGEFF,88.8,89.77870740750014,93.94875213595463,90.344376,89.85460343896376
1902-XBTFB,89.4,89.65009430108994,91.31440279513686,89.62734,89.78292927410186
1640-PLFMP,70.25,70.32704304054172,71.5361385688088,69.95856,70.0439345656343
3679-XASPY,19.45,20.025420178216404,19.450756545496194,19.93412,19.880984561178742
7356-IWLFW,80.0,80.36438602187926,83.04525031379694,80.1696,80.01432239691864
9036-CSKBW,107.45,110.07559927826578,103.7389917015421,109.19912,109.76802257780477
8952-WCVCD,104.45,104.33279034204686,102.74275299143589,104.82896,105.05602641305649
2100-BDNSN,67.95,69.1456679510166,64.58963341375542,69.39955,69.54417183423999
2869-ADAWR,89.3,89.77870740750014,92.28389684188453,90.409485,90.05715477204103
5832-EXGTT,60.2,61.022187315953076,62.730069159829185,60.92298,59.46884199436469
9402-ORRAH,91.5,89.7612327766693,93.22770040829388,90.04398,89.79922555174441
4967-WPNCF,63.7,64.00231301443932,59.76829336943637,64.86007,64.92151134057494
8033-VCZGH,103.95,104.82881171308388,100.80312630460492,104.88467,104.6997841406685
9392-XBGTD,20.6,20.015181098124888,19.504245872213307,19.983818,20.03934223011759
0078-XZMHT,85.15,85.46109257848701,82.31384890413192,84.251785,84.56844902868392
0743-HNPFG,69.75,69.85338549692028,71.70958988246441,70.41187,70.00514398959038
5334-JLAXU,94.1,94.78134264646599,95.81146728512064,94.52404,94.79175538032331
5696-EXCYS,19.45,20.015181098124888,19.337091726222333,19.995754,20.028546532878906
2569-WGERO,21.15,20.04119103248886,19.498790071730802,19.929546,19.946493062596254
5219-YIPTK,104.4,105.23268325081266,105.44396399065006,104.74813,104.81041689164427
5553-AOINX,104.9,105.04145414005251,107.10881928472018,104.848495,104.85515403516304
5502-RLUYV,103.95,105.03793051342207,105.62449046832032,104.85352,104.65387171901095
2058-DCJBE,69.75,70.32704304054172,71.06142079419445,69.911934,70.04363605609137
2293-IJWPS,100.75,100.03050888478089,99.16501567389335,100.191055,100.0462389789149
7130-VTEWQ,75.75,75.45554520861164,74.1905464071455,74.90847,74.85708284199887
0080-EMYVY,51.45,49.855169302054854,52.22691277626285,49.037758,49.9421933026147
0148-DCDOS,94.7,94.60469836536502,97.90133033020159,94.743225,95.02211389918551
9170-ARBTB,19.6,20.00337565966752,19.109762087674603,19.967548,19.86271992571769
2070-FNEXE,76.45,75.10695020694654,74.31089739225901,75.04711,74.85399185085305
5364-EVNIB,79.8,80.2339027580823,79.97630019340262,80.14019,79.7213436163116
1112-CUNAO,89.85,89.69366531542504,88.10900423785647,89.720566,89.58021395322841
4576-CSAJH,55.15,54.892496620949146,55.30254906249681,54.38038,55.018964901086164
9967-ATRFS,19.9,20.025420178216404,19.30366089702413,19.965796,19.81567113482682
1360-RCYRT,30.35,30.667744638240418,32.146544376549585,30.469505,29.959197831188547
5038-ETMLM,113.65,115.1538469679578,104.80209207004472,115.17912,115.11653693440365
5663-QBGIS,98.35,100.07203751207112,100.67672774698744,99.793465,99.64261178542571
4194-WHFCB,96.65,95.40298491526914,95.15622303283602,94.25681,94.49828504933633
9481-WHGWY,75.35,75.54201394360064,84.04556585659843,75.47468,74.93440441256934
5453-YBTWV,101.1,99.32711838123123,100.89567844333959,99.84217,100.31284748911227
2018-PZKMU,103.1,99.1802545071248,93.8963169922578,100.159706,99.96413769846075
9277-JOOMO,24.6,24.907395385657825,21.676315883113855,25.069798,25.138960674126814
3629-ZNKXA,101.8,99.17802889949702,103.87271501833489,99.823395,100.5370801868405
0369-ZGOVK,70.4,70.31032888665325,77.04553922067137,70.02829,70.03822819538992
3604-WLABM,54.25,53.80779531832425,54.82783128788243,55.009,54.86487625745502
4063-EIKNQ,20.95,20.030013957519206,19.61791069148717,20.00177,19.988912697607226
2878-RMWXY,102.65,99.17360233433875,100.15078891504638,99.44882,100.0076425613019
9540-JYROE,70.1,70.32704304054172,71.49602157377096,69.98481,70.05769690048143
7515-LODFU,20.3,20.00985073346448,19.417325716298,19.906538,20.109335927196327
1839-FBNFR,19.85,20.01444451276728,20.126059295299736,19.980658,19.979592111559448
5397-NSKQG,50.9,49.24753570774247,51.704777366831706,50.22786,49.82892172067883
1755-FZQEC,19.9,20.00337565966752,19.397267218779085,19.984062,20.00445583022212
2160-GPFXD,65.65,64.19451764473237,64.97074486661485,64.4957,65.27288936382583
4415-IJZTP,74.5,75.45554520861164,75.11992345885533,74.90348,74.80270656514834
9880-TDQAC,60.0,59.2528007779989,56.171136147710584,59.238605,59.40512429895203
5138-WVKYJ,98.55,99.36427884662541,96.74462363994401,99.483246,99.94249104771426
8844-TONUD,96.65,94.78036272870543,95.52105529129007,95.27746,94.88734562568338
0080-OROZO,99.25,99.69406109110628,99.90049391625364,100.27759,99.65835245387935
0953-LGOVU,35.5,35.723251116694605,36.8268604642969,35.49215,35.18720625510214
5325-UWTWJ,90.55,90.29508513607092,83.61357441016627,90.50387,89.98477580848609
1074-AMIOH,108.25,104.55534440927752,101.84012060308463,104.82637,104.39351047539031
5906-BFOZT,19.5,20.025420178216404,19.47081504301511,19.925905,19.917695721029084
7026-YMSBE,19.7,20.008706024327928,19.39726721877908,19.984062,19.98991788574211
6572-ADKRS,74.8,75.15684855023514,71.86376069495113,74.73084,75.10051106302446
5922-ABDVO,89.65,89.22779888650012,86.25725520118723,90.289345,90.10333555491734
6475-VHUIZ,54.25,53.85773032729239,61.73464060022956,55.193676,54.72206257329682
1324-NLTJE,55.0,53.87097536628384,57.70288259892722,54.686405,54.59105156264424
4361-FEBGN,20.15,20.00985073346448,19.363836389580886,19.775059,19.830926027712913
8393-DLHGA,95.9,94.04717813038711,97.94877208441471,94.46516,94.91291067389206
6769-DCQLI,105.0,104.52105449507744,99.23920209146503,104.86999,104.52950068160811
3018-TFTSU,81.7,80.01951790052544,75.922263359612,80.19128,79.74600786500949
2324-AALNO,24.55,24.819019086198107,23.62965560723993,24.646679,24.733171320332424
2300-RQGOI,20.05,20.00985073346448,19.577793696449334,19.982445,20.04248118053269
6133-OZILE,35.2,35.43082277697471,32.19334753742706,35.240105,34.813134065144695
7605-SNLQG,50.25,49.143760095379356,60.00292364776305,49.842407,50.03271417371053
5348-CAGXB,89.55,90.21039196333008,86.34110404356312,89.586716,90.04644140248759
0201-MIBOL,102.4,99.9797821851036,102.61507724714708,99.20421,99.91161747225088
7083-MIOPC,20.25,20.03659725318606,19.45867307669297,20.01653,20.04849842149649
0562-KBDVM,44.6,46.10055675303623,44.06129190278634,46.0011,45.291097742361714
1173-NOEYG,90.15,89.22779888650012,90.66343848950936,90.386475,90.03579146865064
7698-YFGEZ,20.0,20.025420178216404,19.504245872213307,19.974436,19.964425236015487
9061-TIHDA,95.25,94.60469836536502,96.24984736781073,95.005196,94.79448042846393
0016-QLJIS,90.45,90.45755261216895,86.01129861345231,90.06557,89.92711680674009
7296-PIXQY,70.2,70.32704304054172,73.0940152094447,70.04547,70.10235787773499
9102-IAYHT,85.45,84.38086769177633,86.14359038191337,84.67312,85.27616873666987
6447-EGDIV,20.95,20.012231651915773,19.47081504301511,19.966211,19.972380879174395
3460-TJBWI,24.2,24.89715630556631,24.531308696639723,24.999006,24.897590091117657
3744-ZBHON,20.2,20.025420178216404,19.05627276095749,20.03039,20.03671494154063
1092-GANHU,76.65,75.28582824410329,74.12368474874911,75.00626,75.2112770234532
3948-KXDUF,68.75,69.63636578540107,65.30505315859679,70.28777,70.08225950010574
7284-ZZLOH,53.3,54.997223491457184,55.503134037685975,54.921787,55.19375459646055
6745-JEFZB,91.5,89.9900240364884,81.13926702032396,89.664955,90.10287790235807
2606-PKWJB,40.25,40.71972196474459,36.09138222193661,40.462246,40.41761162137542
1624-WOIWJ,84.7,84.54081845606306,82.95790412870576,84.9487,84.86180413269663
8777-PVYGU,64.3,64.84243737605946,64.35561760936805,65.18456,65.29861052299817
4770-QAZXN,19.45,20.025420178216404,19.47750120885475,19.94235,19.984603947627974
8012-SOUDQ,90.25,89.77870740750014,90.80625419132429,90.33591,90.14499870323488
5546-BYZSM,20.45,20.020089813555995,20.059197636903345,19.915592,19.948738285716644
0523-VNGTF,50.5,50.160903303984455,49.297757664561644,50.31826,49.68298490776952
3779-OSWCF,93.2,90.405719383572,85.40285752204515,90.315315,90.19479980976952
8535-SFUTN,106.45,104.8390507931754,103.84533176164068,104.99748,105.21193678318215
2320-SLKMB,44.45,45.20197475505629,46.99103044988618,44.877934,44.6044955419072
7169-YWAMK,68.4,69.95505781745592,73.16129802017267,69.306984,69.71469728562577
8434-PNQZX,78.45,81.00419812761344,84.64063461632631,78.6925,80.01408372429484
4981-FLTMF,65.2,64.24898775380494,59.554950536507235,64.37341,65.23151337317296
9424-CMPOG,19.6,20.015181098124888,19.310347062863773,19.874208,19.942630352867575
3627-FCRDW,71.0,70.32704304054172,71.06810696003407,69.9879,70.05771614359068
1518-OMDIK,44.55,44.373157188821274,48.54952156446138,44.843067,44.608056630801414
8393-JMVMB,19.45,20.025420178216404,19.504245872213307,19.974436,19.964425236015487
7638-QVMVY,79.0,79.69128233025951,81.68084645333471,79.74967,80.03940521281972
6140-QNRQQ,71.55,70.32704304054172,71.46927691041242,70.03756,70.16083971829536
7969-FFOWG,19.9,20.00985073346448,19.317033228703416,20.057777,19.99852725063142
1342-JPNKI,86.05,85.26344969910629,86.96960363248918,84.79537,84.83825137747888
7080-TNUWP,95.0,94.6524800123673,96.96421292963186,94.26563,94.60350017476
8949-JTMAY,98.6,99.53180746907609,99.96735557465004,100.291145,99.92314341202126
0654-HMSHN,104.4,104.56274280492482,99.55345188592807,104.688545,105.00816169038814
2725-KXXWT,90.75,89.7612327766693,93.00037076974616,89.94458,89.79372159874784
2439-QKJUL,20.25,20.025420178216404,19.39726721877908,20.054354,19.969803030130365
1935-IMVBB,89.7,90.44230731088598,90.41951075564549,89.903915,89.90202666689117
4628-WQCQQ,85.15,84.7135312889199,87.94578384507648,84.90822,85.11158739209299
3724-BSCVH,20.45,20.008706024327928,19.390581052939442,19.917562,19.91953090806785
7605-BDWDC,49.85,49.988886874101354,43.68018044992691,49.450993,49.87149693316992
7137-RYLPP,85.7,85.23687328425764,85.14428035826772,85.05017,85.0408063788974
3207-OYBWH,95.25,94.81020020746557,93.05008079334972,94.35113,94.7031603418479
4707-YNOQA,25.6,24.84559550104675,24.19129353776961,24.938648,24.94314303384259
6956-SMUCM,99.0,99.46940582524026,94.0367264748902,100.912346,100.58288128702658
8714-CTZJW,82.85,84.92001934690632,82.35253435083804,85.39265,84.9354433866631
3662-FXJFO,20.5,20.00985073346448,19.524304369732228,20.02893,19.97927214366284
7623-HKYRK,19.7,20.025420178216404,19.363836389580886,19.954245,19.975233012321205
1353-GHZOS,59.75,59.69682673635337,56.23861228004627,59.370968,60.30842983174494
3323-CPBWR,96.9,95.00850128526386,90.5333300250168,94.33858,94.92567914204307
6152-ONASV,58.25,59.396822077473935,59.22064224452527,60.333694,60.10171927163812
9251-AWQGT,20.0,20.00985073346448,19.363836389580886,19.809275,19.773744156319268
4803-LBYPN,20.8,20.02894580580425,19.357150223741247,20.041174,19.946167023089934
8879-ZKJOF,79.85,80.2929566659437,80.90975407780773,79.18917,80.24324527512489
7354-OIJLX,75.85,75.45554520861164,75.2870776048463,74.88899,74.86426842447324
9129-UXERG,103.6,104.26704543155478,102.32821070937828,105.00209,104.81279559030415
5302-BDJNT,95.5,94.85657483568473,86.92280047161171,94.189644,95.08097625554767
7148-XZPHA,79.4,80.95201812710991,83.47316492753384,80.594124,80.38712455185055
2651-ZCBXV,108.0,110.16719619639196,108.3257014675345,110.03314,109.97961469677753
1304-NECVQ,78.55,80.36695669577847,76.65105543613265,80.12427,79.83850114414
3374-TTZTK,106.3,109.50725724254549,106.67421850514366,110.054955,110.19220690861407
0229-LFJAF,69.65,69.58831316447902,69.39030048661624,70.42382,70.09668543215292
1304-BCCFO,70.05,72.06520852726865,75.94193285895594,69.46966,69.64356483465187
0455-XFASS,69.55,70.32704304054172,73.58210531573835,70.00857,70.09663928812196
0221-WMXNQ,75.35,75.10695020694654,72.09109033349885,75.16674,74.89287372556154
2882-WDTBA,75.75,75.59492478818227,67.88591317269747,75.59165,75.03558172619489
8069-RHUXK,35.7,36.10530188381491,39.40772047839758,34.793137,34.81049413918804
4806-KEXQR,79.9,79.98106730385747,82.53974699434794,80.06713,80.28310341211004
2817-NTQDO,45.55,44.673350516493876,48.08756164758698,44.572403,44.84321539873682
3230-IUALN,81.0,80.16601317502746,79.43879759308714,79.335625,80.02976004105514
6500-JVEGC,101.35,99.86649203761871,99.91281206491266,99.906136,99.70558920171183
7103-ZGVNT,73.7,74.54285298096684,66.96322228682727,74.32001,74.59583094845014
1837-YQUCE,58.35,58.868882026549336,59.193283107227415,60.668896,59.91803758619242
4800-VHZKI,19.9,20.025420178216404,19.230113072788104,19.932003,19.930250340267726
3887-PBQAO,25.9,24.819019086198107,24.431995507996614,24.918537,24.984671865444184
5177-RVZNU,20.3,20.00796943897032,19.47081504301511,19.939869,20.10116340858304
1729-VLAZJ,40.25,40.60704347467464,38.18415212974362,39.839127,40.38591464527842
4273-MBHYA,89.35,89.7612327766693,91.98407356212103,89.432274,89.69170100623481
8690-UPCZI,69.05,69.60157446806947,68.63476374673704,68.80544,70.43780681097728
6374-NTQLP,104.1,104.62927443478877,103.04299186088399,105.41262,105.23924075736534
1618-CFHME,75.9,75.45554520861164,75.11992345885533,74.95769,74.78134351660412
4104-PVRPS,53.6,54.8237964041162,54.54032615677796,55.3155,54.935346722491744
4210-QFJMF,79.15,79.98106730385747,82.4996299993101,79.97351,80.27593151806887
5787-KXGIY,19.3,20.03659725318606,20.301129972487487,19.999283,20.027356290344308
3088-LHEFH,79.0,80.15032604280391,80.08105851186748,79.957184,79.57911700297626
8896-RAZCR,19.9,20.00985073346448,19.497559706373668,19.924374,19.98359724288629
7268-WNTCP,20.45,20.01444451276728,19.537676701411502,19.972645,20.032349194754573
5854-KSRBJ,25.4,24.84134071959467,24.973574941007374,24.788317,24.832258227220727
9907-SWKKF,25.05,25.251160683324283,28.054610882690493,24.988525,25.08802973436449
3932-CMDTD,105.65,104.14108697225647,104.11341698856191,104.86808,105.15894068948597
5277-ZLOOR,85.55,85.26344969910629,82.6904574951202,84.96993,84.73775240544605
2746-DIJLO,56.3,53.88029317307461,56.99414901992548,54.621258,55.78215322578893
9174-FKWZE,19.45,20.025420178216404,19.330405560382694,19.761631,20.046065322654712
9919-FZDED,84.1,85.64157377003802,84.02550735907951,85.150734,84.8947251133095
9488-FYQAU,109.25,109.77077173596298,108.63995126199752,109.76225,109.80022401723268
6869-FGJJC,79.6,80.06821882974859,81.99552227697362,80.722755,79.98910716065123
3349-ANQNH,99.5,100.03050888478089,101.73250335631474,100.25618,100.1686256914926
0222-CNVPT,48.8,49.22391560286826,50.07335290195978,50.131413,49.97292613122375
6900-PXRMS,105.75,104.56274280492482,106.03234658453829,104.66932,105.006002223378
0230-WEQUW,56.6,55.14086547886515,53.884467430554025,54.988235,54.93198690675459
7629-WFGLW,95.65,94.7744703726798,85.30517436759493,94.932816,94.63547134238758
2235-EZAIK,79.2,80.25935601101804,77.06601887052184,80.53555,80.41129612076855
5119-NZPTV,70.1,70.32704304054172,72.1178349968574,70.07164,70.09957387785784
4282-MSACW,117.2,115.30179035607264,109.00769038317766,115.52528,115.03494025542534
7711-YIJWC,84.9,85.1273333400781,80.51527029326901,85.37269,85.01133644409344
8749-CLJXC,20.05,20.025420178216404,19.504245872213307,19.974436,19.964425236015487
7636-XUHWW,19.9,20.025420178216404,19.651341520685367,19.958841,19.881350165922115
0883-EIBTI,19.5,20.025420178216404,19.40395338461872,20.034748,19.982066972030935
4098-NAUKP,84.65,84.85739004339334,84.52289296435715,85.1773,85.53595898029758
0701-TJSEF,68.25,70.5294086275171,74.95238031468935,70.04574,70.09770940821623
0689-NKYLF,83.2,84.73024544280837,87.32397042199005,84.56806,85.11300661424482
9867-NNXLC,20.05,20.025420178216404,19.236799238627743,19.933434,19.871765269454748
9337-SRRNI,25.3,24.84134071959467,24.485484834713727,25.01107,25.008709021142913
1850-AKQEP,20.35,20.025420178216404,19.457442711335833,19.941257,20.022092844450363
5600-KTXFM,69.95,70.32704304054172,65.11741936275534,70.15682,70.25570182962431
7055-HNEOJ,55.8,53.871282965543,51.99289697187548,55.727776,55.439673519277946
2462-XIIJB,92.5,90.21039196333008,91.85719086126532,89.535965,90.08629968696948
7277-KAMWT,20.0,20.015181098124888,19.337091726222333,19.855345,19.984452192549902
7691-KGKGP,65.0,65.55138660058208,70.1525233923351,65.67365,65.23210813389652
7808-DVWEP,20.0,20.030013957519206,19.47750120885475,20.112028,20.07655994551134
2379-GYFLQ,94.9,94.70053263328936,96.5095536525364,94.58748,94.83478790989307
7325-ENZFI,40.3,41.05322210628141,38.02368414959229,40.415337,40.10466990884917
8800-ZKRFW,107.5,109.44892640570879,104.34743279294926,110.01392,110.09853967578553
9133-AYJZG,98.7,99.52391288413996,102.46193402617106,99.852646,99.74311881658716
6772-WFQRD,20.4,20.00796943897032,19.243485404467382,20.020315,20.10653609575519
9670-BPNXF,62.55,60.35144191817349,59.58838136570543,59.588387,60.1390627054114
2675-IJRGJ,19.65,20.01444451276728,19.698144681562837,20.040325,19.982480788653916
4829-ZLJTK,112.4,109.93526683960232,109.52921131866952,109.34578,109.9485688291723
9950-MTGYX,20.3,20.015181098124888,19.330405560382694,20.004482,19.97488259613467
9755-JHNMN,67.4,65.54864936772759,61.5875449517575,65.18943,65.04878161052054
3746-EUBYR,74.6,75.45554520861164,74.46467920657071,74.87304,74.89025400782157
7929-DMBCV,81.0,80.46040591581654,68.76806591119824,79.60228,79.74079834410455
9640-ZSLDC,60.6,60.84910335884639,67.56416706188821,58.68451,59.744306065463135
7197-VOJMM,69.2,69.81255914337214,77.88760711829087,70.64301,70.03496895026119
2696-NARTR,73.85,75.82640619344642,72.76639308330239,75.04933,75.17791992308713
0689-DSXGL,85.8,85.3907250766707,81.86179896018083,84.99366,84.65905729800734
7294-TMAOP,90.55,89.7612327766693,90.03839930278606,89.917175,89.8885065827736
6177-PEVRA,55.5,55.283141019099595,58.491850168004625,54.20459,54.658316107171856
7410-YTJIK,75.45,75.45554520861164,74.88590765446796,74.97548,74.7870695350032
1410-RSCMR,71.35,70.5294086275171,71.28167526872751,69.978,70.07563730667573
8800-JOOCF,84.05,85.26344969910629,83.7535578636228,84.95776,84.97495180347681
4526-EXKKN,24.6,24.84134071959467,24.050884055137185,24.927582,24.993683338911595
0813-TAXXS,77.8,76.78436325089962,85.57669783387577,74.82456,75.05063239269113
2320-TZRRH,19.5,20.008706024327928,19.290288565344856,19.95513,19.707992423574566
0841-NULXI,35.55,35.36833828403116,30.541864575036215,35.071003,35.10145671236465
2725-TTRIQ,84.2,85.39861029389434,85.96449545257482,84.55486,85.19749337544535
4778-IZARL,110.1,109.48588040280573,106.41345803739773,109.54599,109.82955994650386
2535-PBCGC,64.55,64.00231301443932,58.90577797612294,64.87772,64.91788767705032
3629-WEAAM,64.1,65.42095880421199,65.93274259701629,64.16171,64.62337697715293
6128-CZOMY,45.65,44.373157188821274,49.77977607895496,44.811752,44.788301247383544
9227-UAQFT,19.75,20.015181098124888,19.27691623366558,19.822952,19.939775094063236
0804-XBFBV,25.2,25.251160683324283,28.495897828106674,25.001165,25.059469354199862
4503-BDXBD,74.95,75.5567693797869,78.23121090925684,75.52642,74.88299927660844
9626-VFRGG,88.5,89.77870740750014,89.03442024381997,90.20774,90.0021804093652
4994-OBRSZ,76.1,74.73608831562123,73.90265227786603,74.46274,74.60409151325487
3654-ARMGP,88.65,85.53052203914882,83.26328445336067,84.827866,85.27308806698808
0829-XXPLX,89.4,89.57469691963664,80.9921713718519,90.188614,90.43449137916268
8938-UMKPI,106.4,105.08598313434412,105.97885725782119,104.53385,104.63428519514316
4854-SSLTN,59.5,60.118792025118225,55.13539491650583,59.58761,60.59464654391064
9720-JJJOR,60.3,60.71611457237525,58.91976478174152,60.097572,60.24938262093953
1926-QUZNN,25.25,24.826240135824584,24.124431879373216,24.99386,25.014004962944348
4900-MSOMT,80.2,80.25935601101804,75.35436041557428,80.51385,80.25790408023887
8910-ICHIU,95.65,93.92428607447201,96.89735127123545,95.175865,95.04664892090383
4892-VLANZ,19.8,20.025420178216404,19.504245872213307,19.974436,19.964425236015487
0076-LVEPS,45.0,45.62502140151654,39.915869082210136,46.15743,45.271358391167524
1666-JXLKU,100.05,100.0750378790725,100.06096189640499,100.30985,99.91120322714222
4003-FUSHP,61.55,59.93610012228225,57.181361663435375,59.57479,59.694887044565895
7696-AMHOD,78.0,75.99113841876147,81.27749319898787,75.34565,74.50365765504893
8082-GHXOP,44.0,44.373157188821274,48.4492290768668,44.85584,45.003115400856416
5445-GLVOT,49.8,49.87840410807796,55.2156289065815,49.78123,49.699486680096555
5195-KPUNQ,96.75,95.03700226624002,90.7700982420328,93.72618,94.75611379493652
3948-XHGNA,49.55,49.91093684408224,52.554534902405166,49.78657,49.75537275245706
9624-EGDEQ,19.8,20.00985073346448,19.577793696449334,19.982445,20.04248118053269
7551-DACSP,55.3,54.96560011902724,53.08942816957629,54.98323,54.78495648089106
8128-YVJRG,79.65,80.12116794691327,76.01586968136695,80.15249,79.55746505348803
1038-ZAGBI,19.8,20.01329980363073,19.55104903309078,19.8343,19.897884648658973
9153-BTBVV,25.0,24.826240135824584,24.144490376892133,24.93305,24.97667219059572
9470-RTWDV,82.0,80.98228842593744,81.73883864192298,78.56742,79.882162680858
7554-AKDQF,45.65,44.373157188821274,48.61638322285777,44.909927,44.926690253545125
7241-AJHFS,87.65,85.52830415493722,73.78937645676716,85.0722,84.9280338792047
9633-DENPU,58.6,61.017160940985214,68.17341830380194,61.289867,59.59971563361578
5480-XTFFL,21.0,20.018706725712732,19.35046405790161,20.02889,20.014538082075234
7803-XOCCZ,84.05,85.04199902840855,75.82197087201745,83.871185,85.28139438903682
6549-BTYPG,60.8,59.2311100875047,56.36503495706011,59.254124,60.029360047303726
9114-AAFQH,65.65,64.39634473308872,79.92688769938079,63.48635,64.29161825673432
3572-UUHRS,18.85,20.00796943897032,19.544362867251138,20.048674,20.002229046473182
7666-WKRON,80.45,80.18835576461751,82.34098256566548,79.507286,79.90752822500997
5192-EBGOV,85.7,85.26344969910629,82.6904574951202,84.64871,84.64666901424393
6502-MJQAE,69.6,70.32704304054172,71.31549509610072,69.95246,70.03137994639566
6400-BWQKW,79.05,80.15032604280391,73.36146184303027,79.8643,79.41432665497814
5928-QLDHB,76.25,75.45554520861164,75.2870776048463,74.88899,74.86426842447324
4376-KFVRS,114.05,115.1538469679578,110.85975832075769,115.03757,114.89156039892954
3528-HFRIQ,52.3,54.55259209893195,54.57314251203685,54.647236,54.2468382517853
2718-YSKCS,19.6,20.01444451276728,20.199607119535766,19.940203,19.89996321629493
2434-EEVDB,94.6,95.29723542776908,95.8956350284073,94.67042,95.36587809174895
6506-EYCNH,19.55,20.030013957519206,19.1431929168728,19.940676,19.97692480941484
3396-DKDEL,115.15,115.1538469679578,112.51792744898816,114.77183,114.71506130554864
3269-ATYWD,95.65,95.26805247698131,96.46380467467917,94.96379,95.13778203718533
1159-WFSGR,20.4,20.025420178216404,19.1431929168728,19.986258,19.980928373756427
9835-ZIITK,110.85,109.77342952385736,107.00852679712561,109.82892,109.78264627967582
9279-CJEOJ,95.4,94.60469836536502,96.32339519204677,94.80761,94.9919648104884
4720-VSTSI,84.8,84.85739004339334,85.67959965461472,85.06964,85.18541662268912
1360-JYXKQ,99.1,99.57393738948639,100.3217223641509,100.109695,99.6866902432233
8388-FYNPZ,56.75,54.99698703023663,52.22022661042321,54.87073,54.85904179111714
7868-TMWMZ,110.0,109.50725724254549,107.9512761805147,109.95436,109.91660355713768
3466-RITXD,92.4,94.97271485116435,92.63157746554575,95.25982,94.82374977362521
6427-FEFIG,78.6,80.72378538661357,80.68911060509964,79.259705,79.78172009465256
6518-PPLMZ,19.4,20.00985073346448,20.30658577296999,20.086994,19.994168312915946
6762-NSODU,19.4,20.00985073346448,19.424011882137638,19.941854,19.84569515780121
4355-CVPVS,88.9,90.39777831659437,93.64224269035151,89.7571,89.9548743485239
7629-WIXZF,59.1,61.03996226325984,63.22484543196248,60.79345,59.7846155220531
3049-NDXFL,85.8,84.38086769177633,77.94635106251592,84.70061,85.3083665453375
3566-HJGPK,45.55,44.373157188821274,48.58295239365958,44.884583,44.93258766463137
1460-UZPRJ,19.95,20.00985073346448,19.390581052939442,20.058048,20.00961311140081
3712-PKXZA,20.55,20.00337565966752,20.146117792818654,20.064447,20.056027204179365
1623-NLDOT,33.55,35.75530918310037,41.03245877742986,35.879936,35.551315979198435
5171-EPLKN,19.85,20.015181098124888,19.337091726222333,19.991842,20.02159815428415
5569-KGJHX,85.35,85.26344969910629,82.76400531935623,84.71749,84.77701554699529
7463-IFMQU,20.05,20.04119103248886,19.057503126314625,20.060944,19.856801021604078
3178-CIFOT,19.65,20.008706024327928,19.34377789206197,19.953594,19.92951568361788
1095-JUDTC,95.05,94.32206682570994,92.20366285180886,95.125534,94.68399472227458
3719-TDVQB,18.95,20.00985073346448,19.2969747311845,20.026995,19.998932072221223
4929-XIHVW,95.5,94.82500986063575,95.92222524166841,95.9448,95.37353194076701
8106-GWQOK,60.0,58.375102072589065,57.401390662204165,58.737877,59.5803104622023
4128-ETESU,99.7,100.0750378790725,100.39527018838693,100.34082,100.04120798073008
0661-WCQNQ,56.25,54.88202117661202,57.114500005038984,55.205063,54.906023601427044
4927-WWOOZ,91.45,90.2550390952604,86.18063606341178,90.041756,90.14689184007442
7564-GHCVB,79.05,80.095429972374,77.47345383440826,80.22369,79.8742377890941
3445-HXXGF,45.3,44.250803042199955,41.894974170743296,44.9984,44.72748952753402
6670-MFRPK,79.2,80.16537036728809,84.65439594618059,80.10883,80.22251721661601
6890-PFRQX,69.5,70.14708707910421,57.24822332183176,69.933876,69.88940832993879
1552-CZCLL,20.0,20.020089813555995,19.283602399505217,20.053082,19.77313375788534
2014-MKGMH,101.1,100.03050888478089,100.4220148517455,99.99557,100.07580499775484
0303-WMMRN,19.25,20.025420178216404,19.163251414391716,20.005823,19.92307351514396
3806-DXQOM,33.65,35.515342755858114,32.03287955727572,34.605595,34.920118365623296
1724-BQUHA,89.5,89.7612327766693,93.03380159894435,90.149086,89.96879242009635
2580-ATZSQ,61.35,60.79276580312239,56.99414901992548,60.209595,60.35709812870074
7945-PRBVF,21.45,20.023300505015534,19.771692505798868,20.036919,20.12854494636931
3898-GUYTS,97.05,99.97383294109945,94.31649125713479,100.61956,99.93316271686552
2832-SCUCO,19.9,20.025420178216404,19.05627276095749,20.03039,20.026222225682574
9779-DPNEJ,80.15,79.98106730385747,83.36883155846316,79.773705,80.01420998525275
4915-BFSXL,68.95,70.1972093834248,78.69075716955415,69.50143,69.96566121381768
5018-LXQQG,66.3,65.95509985707753,67.88510302219089,66.478935,65.3202939876999
1698-XFZCI,107.75,110.07559927826578,106.68759083682292,109.52423,110.17192872661782
1872-EBWSC,20.35,20.008706024327928,19.47081504301511,19.889118,19.810787169053548
4446-BZKHU,105.55,105.08598313434412,104.18027864695829,104.838135,105.05076717604294
4607-CHPCA,90.4,89.71670378237769,89.93142064935184,89.79249,89.97862704436352
9475-NNDGC,113.15,109.72537690293531,109.0812382074137,109.67873,109.51783880570753
3841-CONLJ,35.0,35.36833828403116,34.65385656641421,35.070484,35.01643981915255
2294-DMMUS,70.45,72.20266537555423,85.47640534628118,71.58297,70.538574221687
5921-NGYRH,73.55,74.99354413586344,72.86668557089698,75.00782,75.15718554422554
1897-OKVMW,90.6,90.45755261216895,86.01129861345231,90.06557,89.9197101862752
5117-IFGPS,84.3,84.38086769177633,85.32119198363777,84.65977,84.80560672394317
3866-MDTUB,70.75,70.87886305171828,74.8587739929344,70.920906,70.20982709380789
1194-SPVSP,19.65,20.030013957519206,19.63796918900609,20.030926,19.949892498250357
6905-NIQIN,50.65,49.93083515122865,50.2478076877297,49.625324,49.90722656166308
6813-GZQCG,24.65,24.84134071959467,24.512229498072283,24.996311,25.004978038896134
9896-UYMIE,114.3,115.30179035607264,106.78119715857787,115.103,114.94457305631389
8849-GYOKR,106.55,105.17018104885865,103.45817273627728,104.24599,104.65485588565309
5816-JMLGY,80.4,80.46282532317646,81.61848765680946,79.52541,79.71009149845105
3990-QYKBE,92.5,95.26805247698131,96.28996436284856,95.02491,94.97735026488016
6161-UUUTA,79.9,79.69128233025951,81.56718163406084,79.91292,79.92748543439018
0396-UKGAI,55.3,54.92990819686781,53.41036412987896,54.65055,55.136279706248914
0512-FLFDW,100.5,100.03050888478089,102.65519424218492,100.25453,100.29176097999621
2946-KIQSP,33.45,35.43082277697471,32.84859178971168,35.213253,34.83906676821053
0187-WZNAB,74.4,75.0024001281117,70.58670301958007,75.40657,75.25876234917737
6867-ACCZI,52.5,54.48208848732791,50.326229294528105,54.629658,54.76237327332743
7024-OHCCK,93.85,94.60469836536502,96.40362918212242,95.13374,94.71978358507758
6481-OGDOO,90.6,89.89163379889459,89.0918706162834,89.9632,89.96300187311905
7377-DMMRI,47.8,49.84819336298042,53.8115340802573,49.8871,49.70138590971418
1963-VAUKV,20.4,20.025420178216404,19.243485404467382,19.980534,19.97697985525413
5919-TMRGD,79.35,79.69128233025951,82.14887806210945,79.42784,79.6077226951177
6994-ORCWG,54.25,53.926859668500356,57.402005136143465,54.364357,55.48334610970106
5144-TVGLP,94.75,95.26805247698131,95.84199125159275,95.091125,95.07375311197752
0328-GRPMV,70.1,70.32704304054172,71.5361385688088,69.95856,70.0439345656343
2905-KFQUV,70.4,70.32704304054172,70.03175125489003,69.914795,70.06172260097811
8637-XJIVR,78.95,80.15032604280391,76.79146491876509,80.100784,79.64322493737066
5150-LJNSR,98.05,95.46356189469014,85.49196098192895,95.18445,95.2226949036469
4826-DXMUP,72.1,71.58939195653898,73.19391869886428,69.88571,69.87900729976324
3518-FSTWG,109.55,109.93526683960232,111.21412511025855,109.20067,109.9650566190866
2929-ERCFZ,94.2,94.78036272870543,95.9890869000648,95.23085,94.85275861745068
1455-UGQVH,98.5,99.53180746907609,100.23480220823559,100.18785,100.0490374077192
8485-GJCDN,69.05,70.32704304054172,71.77015437319618,70.12391,70.14641789942124
0459-SPZHJ,83.5,85.6820154415087,85.41622985372443,85.014145,84.44426624284148
2169-RRLFW,25.6,24.826240135824584,24.759617634138927,24.949049,25.023803668761005
8818-DOPVL,104.45,105.08598313434412,105.93874026278336,104.806564,104.66554891738355
1207-BLKSA,23.05,24.84134071959467,24.47211250303445,25.048069,24.861537195397744
7593-XFKDI,46.3,44.373157188821274,48.45591524270644,44.92231,44.9433097630752
5393-RXQSZ,79.6,79.98106730385747,79.65800951746351,80.17329,80.5593618746346
5183-KLYEM,112.75,115.1538469679578,111.8559970308639,115.21576,115.17352806905483
0923-PNFUB,83.75,84.52742556463092,86.57391121483279,85.208954,85.24093253352444
4134-BSXLX,60.9,60.28067449025049,56.51943124531112,60.03004,60.34242141203236
1452-XRSJV,51.05,49.90208085183398,53.67781076346452,50.10648,50.02649231681475
4213-HKBJO,25.7,24.86791713444331,23.68983109979668,25.071873,24.99951432011722
7750-EYXWZ,60.65,59.12748956102182,54.84727531146205,58.192745,59.14637896801941
7180-PISOG,74.5,75.45554520861164,70.05180975240894,74.83233,74.5987197464802
1356-MKYSK,78.65,80.18027817587374,75.03930047060466,79.317726,79.90412309182727
1212-GLHMD,86.05,84.45636887920368,81.91124740542186,84.468666,85.77915585438684
7228-OMTPN,88.45,89.7612327766693,93.25444507165246,90.17165,90.1112287870272
7682-AZNDK,89.85,89.63010422051285,91.66876958463774,89.805275,89.9214958612408
6286-SUUWT,19.95,20.025420178216404,19.504245872213307,19.974436,19.964425236015487
3500-RMZLT,96.3,94.09089995166886,87.8953658318988,94.13546,94.57372400910957
4729-XKASR,24.75,25.251160683324283,27.720302590708542,24.94374,24.917320635779497
8364-TRMMK,50.65,48.961723510485506,54.62724631269326,50.244576,50.41064740952707
1000-AJSLD,20.1,20.025420178216404,19.47081504301511,19.925905,19.917695721029084
4393-OBCRR,20.25,20.008706024327928,19.383894887099803,20.024082,19.95177148144348
0942-KOWSM,80.8,80.48726924035472,80.26119599136274,79.54435,79.77425271044392
0870-VEMYL,53.85,54.801875422546345,53.39699179819968,55.264725,54.89043027437417
3454-JFUBC,20.0,20.00985073346448,20.019080641865514,19.973944,20.004017548278433
2592-YKDIF,20.35,20.025420178216404,19.243485404467382,19.980534,19.97697985525413
6941-PMGEP,80.0,79.98106730385747,82.4996299993101,79.939026,80.27593151806887
0511-JTEOY,71.1,70.32704304054172,71.7768405390358,70.08139,70.18411643597783
4323-ELYYB,20.0,20.008706024327928,19.357150223741247,19.917562,19.921076632487967
9500-LTVBP,80.05,80.68032509070989,80.91682924182237,79.92849,79.88673997842957
8120-JDCAM,69.55,70.32704304054172,68.2465449757064,70.03195,70.08998507071306
1335-NTIUC,24.95,25.251160683324283,27.72698875654818,24.913599,25.062621536306523
6563-VNPMN,85.7,85.42831801317668,83.60020207848699,85.10237,84.44361003220592
0668-OGMHD,28.5,30.605982071210914,29.45201954317505,29.530064,29.926032685277903
0311-UNPFF,88.8,89.7612327766693,91.02126568121301,89.97194,90.20694464028688
9282-IZGQK,85.0,84.38086769177633,85.18746866684499,84.80467,85.29856228131044
4695-WJZUE,88.55,89.27244601843044,85.86277141664853,90.653854,89.9037516708687
5527-ACHSO,70.5,71.60468336389263,71.48226024391668,69.73149,69.70756151220516
5140-FOMCQ,109.15,110.07559927826578,107.22917026983369,109.49233,109.91123757523118
0410-IPFTY,83.85,84.66059576244905,85.87582484741704,84.875374,84.98929769794195
1333-PBMXB,24.75,24.819019086198107,23.368895139494008,24.867023,24.861903148247578
1915-OAKWD,19.3,20.01329980363073,19.45075654549619,19.879425,20.017052831356125
5707-ORNDZ,54.55,54.35880505091565,53.76473091937983,55.12051,54.720566470449256
7969-AULMZ,97.35,94.60469836536502,96.43037384548099,94.94106,94.98484501542913
2700-LUEVA,20.75,20.025420178216404,19.33709172622233,19.993582,19.910375762464852
9099-FTUHS,54.4,54.38901579601319,54.553698488457236,55.071217,54.92743267639965
8699-ASUFO,74.4,75.45554520861164,75.73505071610212,74.932,74.95648002447565
7181-OQCUT,103.85,104.22334557264259,98.7972765527132,105.107445,105.2053887646597
3096-YXENJ,107.65,109.77077173596298,108.7870469104696,109.76225,109.89688453843002
2495-INZWQ,44.55,45.28606883592598,45.84100992546826,45.347015,45.14524090827369
2193-SFWQW,111.95,109.44543873133506,105.57100114160322,109.63536,109.70231264212723
3908-MKIMJ,41.95,40.31705656272689,36.23847787040867,40.688942,40.57793855863257
6736-DHUQI,84.8,84.4436262058029,79.321055941118,86.22879,84.99768302197899
2868-MZAGQ,79.25,79.98106730385747,82.53974699434792,80.10707,80.54863977619077
8905-IAZPF,95.65,94.61568096881304,101.50581231110269,94.95951,95.21913722513149
1215-FIGMP,89.9,89.77870740750014,88.96087241958392,90.25961,90.0233742519323
0772-GYEQQ,88.35,89.70192280079581,86.36116254108204,89.403435,90.08777139474222
9995-HOTOH,59.0,58.98596364487075,61.219191356638056,59.443336,59.472953110802294
7579-KKLOE,91.25,90.41711094069828,85.6502456581118,90.07499,89.83676502078796
3594-UVONA,85.95,85.3986680185339,81.17720071139328,84.65355,85.22436589411083
6641-XRPSU,70.0,70.32704304054172,72.91348873177445,70.01516,70.00546708294203
5707-ZMDJP,69.7,69.91729044637182,68.94901354120007,69.743385,69.99354762752318
3307-TLCUD,34.4,35.202925959552495,32.11311354735139,34.574165,35.23248302544372
4797-AXPXK,60.0,60.28676870184425,60.243625617990055,59.72266,60.50962781585741
4869-EPIUS,80.9,80.61761284378254,86.13021805023409,79.82179,80.12438830202522
8563-IIOXK,49.75,49.8379542828889,50.85624877913685,49.660168,49.45902531100315
2773-OVBPK,111.3,109.77077173596298,108.97425955397948,109.717865,109.82999237904761
1353-LJWEM,60.9,59.774861689014884,58.124111046824474,60.486423,60.27614902379331
5868-YTYKS,20.25,20.025420178216404,19.32371939454305,19.880135,19.817699385189506
8713-IGZSO,24.85,24.907395385657825,22.237953813643536,25.0637,25.073895070207598
6050-FFXES,105.35,104.53744104126741,101.73250335631474,105.07642,104.88592369905862
9300-RENDD,79.95,79.69128233025951,81.58055396574014,79.57978,79.6371641471758
4183-MYFRB,90.05,89.34591117339532,92.90298514487766,90.05152,89.68826665923011
3339-EAQNV,97.25,99.99916404735018,103.29770475612594,99.8071,100.02326959094991
2545-EBUPK,84.05,84.38086769177633,84.22466078593696,84.91166,84.89704512002011
4990-ALDGW,20.75,20.00985073346448,19.490873540534025,19.951187,19.980416450989352
0970-ETWGE,89.55,89.7612327766693,92.76635496535879,89.94458,89.86555867645697
3671-SHRSP,80.6,80.45031349452078,77.16589020578486,79.431145,79.89316597708407
2308-STERM,19.4,20.025420178216404,19.40395338461872,20.034748,19.982066972030935
1219-NNDDO,76.85,75.45554520861164,74.85247682526976,74.89509,74.87487254748613
3508-CFVZL,111.3,115.15144595474933,109.50246665531095,114.838135,114.83414939112083
3387-PLKUI,18.8,20.025420178216404,19.25017157030702,19.961214,19.982808882920594
9702-AIUJO,44.8,44.31665054056284,54.948182272995936,44.82295,44.5027802626379
8337-UPOAQ,89.8,89.22779888650012,94.74199965168917,90.21379,89.93590070639901
1728-CXQBE,94.25,94.81020020746557,97.41614708663401,94.647766,94.77768353706843
5134-IKDAY,69.8,70.32704304054172,71.42915991537458,69.8935,69.95423235024688
9638-JIQYA,24.9,25.251160683324283,27.72698875654818,24.965284,24.995173844297447
6647-ZEDXT,110.45,109.4146364915087,105.02942170859244,110.03106,110.06302763725535
1579-KLYDT,90.45,90.21039196333008,87.63822021645309,89.473274,90.0248308695483
3985-HOYPM,19.4,20.008706024327928,19.39726721877908,20.005459,19.959042917117827
6705-LNMDD,50.0,49.409126778496564,52.84872619934929,50.412857,49.903970142419396
6917-FIJHC,26.0,24.826240135824584,24.23141053280744,24.995966,25.00524283021189
4640-UHDOS,55.95,56.253137475309536,67.49730540349182,55.33421,54.802594622626174
1414-YADCW,84.6,85.32974312279327,76.02477618217596,84.77177,84.52007459212668
5960-MVTUK,29.75,30.617809629272283,30.755821881904662,30.437279,30.388291519305895
0637-KVDLV,76.5,75.45554520861164,75.29376377068594,74.95159,74.89223092618278
5451-YHYPW,115.75,115.1538469679578,111.68884288487293,115.232155,115.08681577343964
5813-UECBU,83.85,85.00409015986187,84.2554463307716,85.054085,85.00067205530306
9947-OTFQU,74.4,75.52875418662327,78.11085992414333,75.32707,74.75746610574176
1816-FLZDK,29.15,30.617809629272283,30.615412399272245,30.443157,30.32051561713571
3005-NFMTA,98.8,100.04535338084207,97.76760701340879,99.40312,100.13625255663405
4710-NKCAW,64.4,64.18431453747569,59.59506753154507,64.99093,65.90042575804691
4290-BSXUX,79.65,80.82215911899327,75.78854004281924,79.65647,79.91615163849558
6266-QHOJZ,89.85,90.11950549607454,85.39209452351024,90.22009,89.87899633233894
6047-SUHPR,59.8,60.71611457237525,58.8127861283073,60.029205,60.44748899299974
6010-DDPPW,25.15,24.84134071959467,24.565718824789396,24.710688,24.91414832851563
4374-YMUSQ,116.25,115.41008365593551,113.0528207161593,115.5201,115.07511319164948
1958-RNRKS,49.9,48.961723510485506,51.21730173447736,50.188778,50.27553501364061
7176-WIONM,49.85,50.19444761079145,48.38843911037074,49.637463,49.20925871536123
9483-GCPWE,20.1,20.008706024327928,19.290288565344856,19.917562,19.9775510991635
1264-FUHCX,56.3,53.89395040286685,57.94965626105456,53.894115,55.149306245959366
8887-IPQNC,44.25,44.373157188821274,48.62975555453705,44.834232,44.90976772299845
2921-XWDJH,83.45,85.24199349225519,85.56189395386478,84.52917,84.90984476032644
5574-NXZIU,109.2,109.48588040280573,108.54634494024259,109.46243,109.73918640366264
8644-XLFBW,71.65,70.32704304054172,71.4826492420917,69.95281,70.12871477084737
4811-JBUVU,89.9,89.55143262459775,85.7892235924125,90.193405,89.9536944193489
8970-ANWXO,73.75,76.4729036211341,75.7680925471253,74.26828,75.0766953817831
0602-DDUML,69.75,70.8742778591549,69.18971551142708,71.09924,69.85862911914862
5671-RQRLP,75.65,75.41872971367147,77.57374632200286,74.72213,74.7260742714709
9959-WOFKT,106.7,104.77347959743693,101.2109824208229,104.94643,104.76126497398428
1208-NBVFH,49.6,49.178212379673006,50.49519582379634,49.87699,49.825393504434565
6976-BWGLQ,25.2,24.826240135824584,24.211352035288527,25.014086,24.895389241994387
2178-PMGCJ,69.7,70.32704304054172,71.49602157377096,70.01024,69.98008972138318
7610-TVOPG,26.35,24.907395385657825,23.087096875277695,24.880724,25.031566601964364
7240-ETPTR,48.75,50.19444761079145,48.56227942220136,49.57646,49.05584586253413
6518-LGAOV,105.0,104.55881788100717,101.7258171904751,105.42782,104.73345534394787
2826-DXLQO,29.8,30.575771326113372,33.27650640344857,29.63451,29.73139945748818
5949-HGVJL,73.05,75.36059791109665,75.32680560170914,75.587204,74.71906082318924
3489-VSFRD,60.25,59.74796171208713,60.99916235786926,60.057568,60.054542458962686
2812-REYAT,20.05,20.00796943897032,19.992335978506954,19.871119,19.974823781536188
9633-XQABV,70.25,70.32704304054172,71.62305872472412,70.012764,70.08504799400798
4102-OQUPX,74.4,75.45554520861164,74.77224283519409,74.897736,74.90923697901859
2900-PHPLN,19.55,20.00985073346448,21.543526453303212,19.833273,19.88555258634755
9894-QMIMJ,55.8,54.88993426985345,58.632259650637046,54.68664,54.96008008603351
7596-ZYWBB,59.6,60.26489372991942,60.29042877886753,59.592743,59.93414344510939
5440-FLBQG,108.4,109.72271911504093,110.61237018469104,109.67039,109.65808824000908
3063-QFSZL,55.4,56.253137475309536,66.09989674300726,55.443653,55.147286225331925
4873-ILOLJ,90.35,89.7612327766693,93.91637548977671,89.90713,90.22214012850182
3003-CMDUU,95.15,94.47121234268394,95.83530508575312,95.138275,95.01954473906021
7279-NMVJC,19.9,20.01329980363073,19.457442711335833,19.92505,19.97885900016191
6478-HRRCZ,70.5,69.78261806899728,68.4868579477584,70.507614,69.97862388409578
3678-MNGZX,19.95,20.01444451276728,19.537676701411502,19.96307,20.050249742628516
5902-WBLSE,20.15,20.00985073346448,19.310347062863773,19.850204,19.801061475043795
7722-CVFXN,105.2,104.73304909106301,100.50288743515682,105.0393,105.23170993221052
2223-KAGMX,19.4,20.030013957519206,19.317033228703416,19.89553,19.9605242109524
9803-FTJCG,66.85,64.24046842897071,66.1274515568724,64.68771,65.58862527312995
6060-QBMGV,19.85,20.00985073346448,19.383894887099803,19.820318,19.893670630494398
2858-EIMXH,95.85,95.2235234826897,95.19343316514777,95.033035,95.42422410046845
4741-WWJQZ,80.15,80.70067067517473,74.60508868920313,79.68745,80.23720066193432
9845-PEEKO,79.2,80.34308878025666,80.62485827984761,80.253,79.77229183348497
9167-APMXZ,84.15,85.26344969910629,85.09747719739026,84.78643,84.98902696336064
9800-ONTFE,75.8,75.45554520861164,73.48181282814377,74.78117,74.76253909499167
3621-CHYVB,49.9,49.70433251570722,46.836050726236536,50.00739,50.02873588496082
3177-LASXD,71.35,70.32704304054172,71.22188877434577,69.99629,70.05465666407812
1465-VINDH,102.1,104.59075799808845,105.59105963912211,104.49472,105.27960403933082
2055-SIFSS,51.65,48.93514709563686,58.84621695750549,50.003796,49.91606923616733
0804-YGEQV,24.45,24.819019086198107,23.897102240825493,24.955542,24.923847762870494
3346-BRMIS,48.35,50.19444761079145,46.91079645981051,49.831654,48.50889399358144
3130-ICDUP,80.55,80.15032604280391,73.42163733558701,80.45456,80.05356102920467
0732-OCQOC,25.05,24.84134071959467,24.20466586944889,24.967472,24.895461028987548
4012-YCFAI,61.35,60.26855683975959,62.16255521396645,59.497353,60.206446306762786
7346-MEDWM,83.25,84.85739004339334,88.02644386432803,84.87133,85.00285550154688
7036-TYDEC,104.0,104.53744104126741,105.64391037250358,105.12039,104.87455822005191
6615-NGGZJ,100.55,99.52391288413996,102.95671029830434,99.99767,100.10245158510978
3441-CGZJH,60.4,58.7825054569104,56.45195511297542,60.56572,60.40062118120011
0208-BPQEJ,19.4,20.030013957519206,19.076331258476408,19.923615,19.942426393945837
2229-DPMBI,19.5,20.015181098124888,19.2635439019863,19.893335,19.959820858013337
7159-FVYPK,69.15,70.96463742162874,79.58001722622613,72.34346,70.75425649358438
7544-ZVIKX,105.05,104.52452796680709,102.22059346260839,105.08635,104.69257839097241
6366-XIVKZ,63.15,65.968000201229,66.55455602010272,64.41648,64.70896234149244
7137-NAXML,20.15,20.01329980363073,19.54436286725114,19.983265,19.997033790707306
7126-RBHSD,78.9,80.15032604280391,74.6719503475995,80.31282,80.12184884389524
1428-IEDPR,109.3,109.74649247456237,107.46923364672503,110.869156,110.10349123143656
9465-RWMXL,78.9,80.32230956384815,78.7973146706568,79.95486,79.93198341904726
2908-ZTPNF,34.85,35.77318612566274,34.613739571376385,36.018944,35.42049739227165
4176-RELJR,25.1,24.84134071959467,24.66601131238398,25.090279,25.194582471385218
3001-UNBTL,103.95,99.53180746907609,99.45252080499783,100.0958,100.09751737565759
6067-NGCEU,111.05,110.08583835835731,108.35244613089304,109.41651,109.64388394900493
2479-BRAMR,83.75,84.93823993224188,82.220631580552,85.21361,85.26163971792167
3161-ONRWK,65.85,65.63870493327677,63.13204926071412,65.351944,65.39902045392051
6349-JDHQP,19.85,20.00985073346448,19.41063955045836,20.094116,19.907024776299636
1619-YWUBB,24.95,24.84134071959467,24.45205400551553,25.08279,25.129453323375706
2761-OCIAX,74.7,75.5567693797869,75.86430820202462,75.48089,74.87292100113575
2683-JXWQQ,33.6,35.69904538017334,35.87742491506817,34.711975,35.14465805866456
9585-KKMFD,20.0,20.00985073346448,19.584479862288973,19.956957,20.03618427116467
7524-VRLPL,74.1,75.16873749174405,80.06061101617357,75.72598,75.33256530584836
3780-DDGSE,76.05,75.34060783051956,92.93816642331836,75.55108,74.83767117187922
2207-OBZNX,51.0,49.75743585448032,52.35394992721599,49.826694,49.60611406265647
0023-UYUPN,25.2,24.819019086198107,24.686069809902897,24.688168,24.619410389058466
5975-BAICR,63.7,66.10240611849115,70.23194723190419,64.64523,65.0975874499911
2669-OIDSD,100.05,99.60822730368648,99.16501567389334,100.14483,99.75480017037835
8146-QQKZH,81.85,80.29289894130414,82.01965760718781,80.02556,80.67896575479506
2307-FYNNL,109.05,109.72511563482261,107.2619625056962,110.2791,109.69849554709063
2985-FMWYF,93.5,94.60469836536502,96.43037384548099,94.86899,94.97872776695277
5387-ASZNZ,63.85,64.28852104989276,62.36314018915563,64.71155,65.20051740723018
5349-AZPEW,25.05,25.251160683324283,37.21465808299597,25.089788,25.095544319627322
9481-IEBZY,112.9,115.2537377351506,113.12636854039532,114.952065,114.26836651322526
9818-XQCUV,20.35,20.025420178216404,19.40395338461872,20.034748,19.982066972030935
3750-RNQKR,19.45,20.025420178216404,19.34377789206197,19.914768,19.940809159493483
5442-UTCVD,91.85,89.27244601843044,90.65006615783008,90.59195,90.71011845189057
3649-JPUGY,88.6,85.46109257848701,82.67490185947243,84.251785,84.55128294654676
2195-VVRJF,59.1,61.080412088448895,73.3677590106949,61.151367,59.451271077328904
1271-UODNO,53.85,53.853254943683446,60.32385960806572,54.987934,55.04180321926832
0118-JPNOY,85.8,84.6453685348979,81.19944251288071,85.17933,85.5451248249777
9499-XPZXM,64.75,64.18599831989816,61.42707697160616,64.523094,65.098426481709
7343-EOBEU,23.6,24.907395385657825,23.02692138272094,24.99749,25.236727084725217
3877-JRJIP,59.85,60.466392692497344,55.46301704264814,60.68794,59.93128788651069
5498-TXHLF,87.45,90.21039196333008,89.24958618380609,89.8656,90.20301603811517
3969-GYXEL,76.4,75.10695020694654,76.94524673307679,75.170135,74.92291893706754
5730-DBDSI,19.7,20.01444451276728,19.517618203892585,19.922775,20.051737954183025
2868-SNELZ,80.6,80.36695669577847,75.36062542908233,80.24675,80.03692988162597
7797-EJMDP,66.05,65.84242136700756,69.67699546721416,66.29049,64.9146706836565
4067-HLYQI,70.4,70.32704304054172,72.93354722929337,69.969,69.97553032061852
4231-LZUYM,25.65,24.826240135824584,24.16454887441105,25.0177,24.97544591164327
3638-WEABW,59.9,58.51600429086964,66.15419622023096,58.693752,60.51243251030245
5060-TQUQN,83.55,85.56327587156665,84.1685261748563,84.95352,85.04163290496166
7802-EFKNY,24.95,25.251160683324283,29.806386332675917,24.881468,25.012914357553598
7576-JMYWV,110.2,110.26708696358475,105.945426428623,110.00413,109.88729224638286
3496-LFSZU,70.5,70.32704304054172,71.34223975945928,70.01104,70.02554597140548
4795-WRNVT,65.1,65.12925493734781,59.10029125941178,65.22609,65.02390841351136
3938-YFPXD,84.3,85.39861029389434,83.59090657950298,84.51975,85.12864239760137
6651-AZVTJ,99.8,100.0750378790725,96.58415565979269,100.04195,99.57899449889956
3658-KIBGF,54.9,55.34196799315084,54.03886371880503,54.594727,55.38517240090796
4143-HHPMK,85.35,85.32168021608864,92.40820887274438,85.00483,85.04247725039235
4821-WQOYN,20.1,20.03659725318606,19.391811418296577,19.908405,19.986957783519955
4291-HYEBC,39.1,39.99474066357177,36.773371137579794,40.18346,40.36691432412548
8849-AYPTR,91.25,90.45116330313424,91.4826111241481,90.20888,90.27987617090652
3898-BSJYF,73.55,75.01887187885723,74.53783803263173,75.349655,74.91764046765982
7562-GSUHK,93.2,89.34591117339532,91.19132668993007,89.92203,89.65612574176261
3523-QRQLL,69.5,70.65838071251437,73.58840248340299,71.137054,69.25155661390431
9661-JALZV,24.7,24.84134071959467,24.478798668874088,25.007328,24.890617389261593
4670-TABXH,109.75,109.72271911504093,106.46694736411483,109.57027,109.5205050984382
7966-YOTQW,54.5,54.35880505091565,51.99289697187548,55.206352,54.750495576062875
3694-GLTJM,19.65,20.025420178216404,19.504245872213307,20.04719,19.963463022601942
8835-VSDSE,70.7,70.32704304054172,71.2620057693836,70.012764,70.0457430950202
3721-CNEYS,70.95,70.32704304054172,71.64311722224303,70.012764,70.07455527814992
9667-TKTVZ,54.35,53.8210403573157,54.98829926803377,54.773262,55.22715527990454
2927-CVULT,104.05,104.58648793811008,101.26069244442647,104.3324,104.84478875243289
6595-YGXIT,88.95,89.82527390292587,90.14432377320001,89.895966,89.91191011206995
0864-FVJNJ,113.35,115.29417940662127,110.72603500396491,115.03818,114.905950465178
4537-DKTAL,45.55,44.373157188821274,48.32887809175329,44.898075,44.82964405834299
3466-WAESX,69.1,69.40982938666049,71.98372268188962,70.93097,69.49966786319611
2483-XSSMZ,47.85,49.89184177174246,52.955704852783505,49.94032,49.957528962615804
4163-KIUHY,25.6,24.878156214534826,22.914235862398552,24.927544,24.968123453306305
8486-AYEQH,76.05,75.45554520861164,74.76555666935447,75.02252,74.87980440793804
0516-WJVXC,54.2,54.801875422546345,54.50689532757976,55.083164,54.85847837728656
5304-EFJLP,111.65,109.72271911504093,110.61237018469104,109.494064,109.72921453103572
4137-BTIKL,90.75,88.5037776180835,85.74910659737466,89.50639,90.77133114465296
2863-IMQDR,89.65,90.46753789478244,84.14585834419302,90.56817,90.61978296619714
2930-UOTMB,65.25,64.30026809254068,58.06393555426772,65.93957,65.59365887451574
5673-TIYIB,40.4,40.39083707882343,35.80387709083213,41.260063,40.29573519963097
3645-DEYGF,20.75,20.025420178216404,19.1431929168728,19.928665,19.86442890017591
1099-GODLO,20.35,20.015181098124888,19.243485404467382,19.934015,19.919366128523272
1955-IBMMB,20.2,20.01444451276728,19.383894887099803,19.989344,20.062870413662836
6857-VWJDT,95.65,94.60469836536502,96.19635804109363,94.61856,94.6836238758626
6410-LEFEN,45.15,44.373157188821274,48.30213342839473,44.835487,44.836374954277474
6692-UDPJC,91.65,90.13185806477179,84.027690663048,89.43045,90.0508769604104
7858-GTZSP,86.55,84.38086769177633,85.18746866684499,84.68914,84.99685946735447
5232-NXPAY,74.45,76.09958581994184,78.56290986809442,73.50515,74.5043205390419
1355-KUSBG,48.8,48.961723510485506,51.47806220222328,49.98031,50.133482641238196
1174-FGIFN,90.45,89.51714271039766,87.02616427274572,89.90428,89.76802720000522
8750-QWZAJ,19.8,20.01444451276728,19.383894887099803,19.878365,19.697983293086764
7850-THJMU,19.65,20.015181098124888,19.47750120885475,20.054697,19.987428474344547
0310-MVLET,99.15,100.16727691517916,102.33489687521792,100.25541,100.25428789097224
2623-DRYAM,101.75,100.03050888478089,100.72957848036889,99.96534,99.57743816776411
1905-OEILC,19.5,20.025420178216404,19.243485404467382,19.980534,19.97697985525413
6899-PPEEA,96.55,95.26805247698131,96.40362918212243,95.04026,94.9915275890447
3104-OWCGK,90.95,89.48441037275623,92.57808813882863,89.9118,89.82932134305142
5287-QWLKY,105.1,105.1399784574795,103.49828973131511,103.92981,104.5132981129695
2603-HVKCG,101.4,99.17802889949702,103.15729527349352,99.85665,100.01515493677496
9845-QOMAD,19.75,20.008706024327928,19.40395338461872,19.912752,19.921076632487967
4816-OKWNX,103.4,104.52105449507744,105.06285253779063,104.75221,104.42128680151704
9103-CXVOK,19.75,20.025420178216404,19.20336840942955,19.928022,19.833702430226623
2845-AFFTX,99.8,100.0750378790725,99.45252080499782,100.19712,100.06877361805411
7776-QWNFX,50.4,49.90281995806503,59.2407007420442,49.489452,50.12233302820773
1468-DEFNC,24.4,24.84134071959467,24.371820015439862,24.823503,24.829096905342574
7905-NJMXS,64.2,64.18431453747569,60.4575829248585,64.6071,64.9526188998694
1866-OBPNR,74.6,75.5567693797869,76.02477618217596,75.4391,74.63142435123109
3720-DBRWL,83.85,84.9918571164087,83.00921015145438,85.359566,85.07314795312499
5073-RZGBK,80.05,79.82355551150316,80.9030679119681,79.92873,80.16425187750276
0129-QMPDR,20.5,20.00796943897032,19.33709172622233,20.109053,20.098240742785748
2560-PPCHE,105.05,104.71167225132325,106.3064793839635,104.64714,104.91442349297036
1496-GGSUK,25.7,25.251160683324283,27.94094606341663,24.950794,25.11890073523037
4671-LXRDQ,45.0,44.373157188821274,48.58295239365958,44.933178,44.95059157548012
9432-RUVSL,102.5,104.64304032507715,99.23187733228974,105.16956,105.07091587809373
3992-YWPKO,109.9,109.46684917757666,106.74108016354005,109.93537,110.2676962379965
8980-WQFWL,62.1,60.91795536528282,64.35480745886149,58.93708,59.83705547375746
0212-ISBBF,50.35,49.55749088636551,48.60239641723919,48.78422,49.57271259558005
7722-VJRQD,60.95,58.868882026549336,56.37840728873938,60.74666,59.914186809128765
4135-FRWKJ,76.25,74.60845151641797,68.25365229387761,74.36328,74.85632012288049
5161-UBZXI,106.35,104.63018548370033,103.78579486241959,104.418335,105.28329745191255
5327-XOKKY,73.45,76.78436325089962,87.26161162546481,74.71042,74.9634436050659
3988-RQIXO,91.3,89.7612327766693,91.62970677262015,89.86288,89.5009427924954
0479-HMSWA,105.45,104.07100027065871,105.59105963912211,104.82413,104.574193320013
6923-AQONU,20.9,20.015181098124888,19.61122452564753,19.994677,19.90546654709849
5562-YJQGT,20.35,20.025420178216404,19.363836389580886,20.01347,19.94063430014716
7598-UAASY,76.4,75.3304753760336,74.30421122641937,75.20867,74.98782347201386
7251-LJBQN,103.75,104.52452796680709,102.75548672977952,105.65931,104.9804135278584
4910-GMJOT,94.6,94.60469836536502,96.43037384548099,94.74818,94.68522370265023
0257-ZESQC,75.2,75.10695020694654,74.16380174378695,75.13692,75.24990678817828
4765-OXPPD,65.0,65.40662297770028,58.324696022013654,65.51686,65.47165318440791
6583-QGCSI,88.05,89.77870740750014,93.90194897507718,90.202805,89.5616848959019
9805-FILKB,20.2,20.00796943897032,19.33709172622233,19.97106,20.021377467724655
2706-QZIHY,25.2,24.89715630556631,23.414719001420004,24.845985,25.097276064324063
7673-LPRNY,78.55,80.75419571570761,79.88677070434295,79.14881,79.68520457328867
6778-YSNIH,59.0,61.074022206974185,64.77015989142568,61.310047,59.99058636702327
9050-QLROH,90.7,89.22779888650012,88.96515236624104,90.56176,89.97262142002313
0707-HOVVN,75.5,74.68479425497162,79.8474638598117,75.3117,74.6854475949192
7102-JJVTX,48.6,49.747196774388804,52.08650329363043,49.917027,49.71778635001843
1810-MVMAI,67.6,69.63022690469236,71.20893759499806,70.6241,70.70222873076347
7993-NQLJE,75.1,75.0024001281117,72.71290375658528,75.28162,74.89961849456593
9281-OFDMF,90.7,90.33702934646423,91.92680493229037,89.90156,90.13101619355908
6789-HJBWG,49.4,49.93083515122865,52.39406692225383,49.500774,50.09084666308965
2139-FQHLM,89.95,89.66736809016125,85.33817916761726,89.131805,89.84325913601387
3723-BFBGR,54.8,53.97451032451053,60.11658846703691,54.653786,55.52800609520786
0639-TSIQW,102.95,99.87673111771024,100.02647688418652,99.8412,99.66979953913233
8626-PTQGE,60.05,58.439989169011255,61.185760527439854,58.958958,59.47480982359184
3541-ZNUHK,85.1,84.96071747894887,84.65661628114995,85.63695,85.31651679913983
4568-KNYWR,63.25,65.13577213912698,63.27245874334652,64.99256,64.83681990257422
9658-WYUFB,94.4,94.97271485116435,92.74524228481962,94.973854,95.44302936275558
0997-YTLNY,48.8,49.409126778496564,51.638530182374616,50.39576,49.933688668567086
3208-YPIOE,75.25,75.42896879376299,73.52192982318161,75.04491,75.11459916475141
7707-PYBBH,61.9,60.260684409673395,56.559548240348946,59.894352,60.21953361588677
9313-QOLTZ,20.9,20.025420178216404,19.21674074110883,20.016125,19.997037852215563
6654-QGBZZ,19.9,20.025420178216404,19.243485404467382,19.980534,19.97697985525413
6877-LGWXO,78.55,79.98106730385747,84.74618172142881,80.13176,79.6519382078358
8020-BWHYL,75.3,75.52875418662327,74.55381969745537,75.22668,74.72057866561258
3594-IVHJZ,20.45,20.025420178216404,19.544362867251138,19.986217,19.935337457044533
9507-EXLTT,79.35,79.69128233025951,80.30349629036905,79.45173,79.48717299965324
9793-WECQC,95.3,94.04717813038711,98.38337286399124,94.47132,94.71535083030662
1266-NZYUI,66.85,64.33745521535755,68.04638115284881,65.96848,65.33573743528089
2342-CKIAO,20.3,20.025420178216404,19.40395338461872,20.034748,19.982066972030935
6963-EZQEE,88.55,90.405719383572,85.86420296498025,90.0205,89.95767196174322
2796-NNUFI,19.95,20.00985073346448,19.383894887099803,19.98433,19.942072945819746
3486-NPGST,19.55,20.00337565966752,19.591166028128615,19.966211,20.02217500708074
9070-BCKQP,110.15,109.73272658427399,107.45586131504575,110.77351,110.17195028914807
7742-MYPGI,48.8,49.35919176952843,51.27079106119447,50.19824,50.199200482004976
9929-PLVPA,20.4,20.025420178216404,19.577793696449337,20.045145,20.06441783788629
9124-LHCJQ,85.45,84.38086769177633,83.9371556548325,84.63439,85.29764444689367
2792-LSHWX,83.4,85.51360723636594,78.77947650810725,85.21668,85.41765860211835
9330-IJWIO,100.35,99.36427884662541,98.2490109538628,99.2543,99.79044047688723
0617-AQNWT,47.85,49.779277209080675,48.072991406569756,50.134823,49.91879752000683
0895-UADGO,44.55,44.28487551310969,37.42861538986442,44.123787,44.36867675676336
7255-SSFBC,112.25,109.72271911504093,110.79289666236129,109.429535,109.306409981
5834-ASPWA,75.45,75.45554520861164,75.29376377068594,74.897385,74.91359397472701
4132-KALRO,100.85,99.26696533217458,98.65686707008079,99.79499,99.94513130278105
8064-RAVOH,49.85,49.241700026891756,51.8926044842809,50.214676,49.93226035456051
8028-PNXHQ,24.25,24.84134071959467,23.66308643643812,24.93438,24.8541687319722
9508-ILZDG,96.35,94.33978724831033,96.9374682662733,95.104675,95.09589961606729
4361-JEIVL,44.4,44.373157188821274,48.98412234403792,44.78407,44.71553987562372
2430-USGXP,101.05,99.53180746907609,100.12113738896174,100.11538,99.99622129606472
5965-GGPRW,105.25,104.77347959743693,103.18340134351642,104.916214,104.96842848295637
2542-HYGIQ,19.95,20.025420178216404,19.363836389580886,19.99968,19.922930381703495
1035-IPQPU,103.5,105.08598313434412,106.68759083682292,104.81427,104.92950024027994
3617-XLSGQ,109.25,109.98331946052437,107.08207462136163,109.431946,109.8352607127224
9107-UKCKY,79.8,81.07661577973366,91.10615698325726,80.71022,80.00950686247435
5146-YYFRZ,19.95,20.01444451276728,19.517618203892585,19.939796,20.094097489985792
5649-VUKMC,95.5,94.73583373441382,89.86455899095546,95.21015,94.7361485459976
3472-OAOOR,34.95,35.21205335941884,33.18958624753327,34.576397,34.97891489328096
0397-ZXWQF,20.5,20.01444451276728,19.517618203892585,19.939796,20.094097489985792
1346-UFHAX,80.0,80.15032604280391,77.9749162723812,80.22579,79.70062509774591
7252-NTGSS,45.15,44.373157188821274,48.49603223774427,44.928406,44.9377025671385
3198-VELRD,84.75,84.38086769177633,87.87530733437988,84.52664,85.22083457609398
3407-QGWLG,20.05,20.025420178216404,19.32371939454305,19.995205,19.934572727325772
9874-QLCLH,104.2,104.25250366853322,102.45460926699576,104.909454,104.98771265182486
8668-KNZTI,53.75,55.081701213269206,64.85039388150135,55.003693,54.83826242955199
8249-THVEC,19.4,20.00337565966752,19.377208721260164,19.910723,19.809222056335315
6060-DRTNL,84.85,84.73024544280837,83.33232941572555,84.7153,85.13608804013401
6773-LQTVT,35.65,34.547400837183446,32.42067717597478,35.344498,34.97503407476492
7853-GVUDZ,20.15,20.025420178216404,19.464128877175472,19.882206,19.771112466417982
4897-QSUYC,20.15,20.025420178216404,19.230113072788104,19.932003,19.930250340267726
5197-PYEPU,94.45,94.93362969824749,95.1054588262122,95.11099,94.5055174396454
3785-NRHYR,19.65,20.025420178216404,19.504245872213307,19.974436,19.964425236015487
6087-MVHJH,88.45,89.22779888650012,87.69478085670963,90.23515,89.97497410832815
1685-VAYJF,45.2,44.373157188821274,48.950691514839725,44.716732,44.880102280640905
9912-GVSEQ,93.85,94.28695987804628,93.17043177846323,94.72133,94.72371785583397
4636-OLWOE,61.0,59.75484933054878,64.37567610688697,60.571426,60.15629607644912
9600-UDOPK,94.05,94.60469836536502,97.07224576608634,95.10659,95.120813056605
8631-NBHFZ,79.4,80.30740863194009,76.45089161327506,80.408615,79.92788000203996
1053-MXTTK,108.65,109.44543873133506,110.95336464251264,109.70688,109.81356020044475
3549-ZTMNH,24.0,24.89715630556631,24.70514900847034,24.927599,24.97598519952787
7825-ECJRF,106.6,104.26250672286415,99.0714093521384,105.4731,105.65748624624277
6439-LAJXL,68.95,69.8998613739898,66.94316378930836,69.67637,70.13198226544128
4075-WKNIU,73.35,74.93000241033431,64.87045237902026,76.90831,76.1622091047366
8042-RNLKO,25.45,24.819019086198107,24.224724366967802,24.854256,25.067552959441564
4881-JVQOD,34.55,35.36833828403116,32.80178862883421,34.967266,34.700589989042484
9593-CVZKR,24.45,24.84134071959467,24.131118045212858,25.048454,25.004015146416705
9972-EWRJS,19.25,20.01444451276728,19.571107530609698,20.052536,19.95553636040964
9888-ZCUMM,60.05,58.86127107709796,56.953417550948345,60.26464,59.66371741432541
1265-ZFOSD,81.3,79.78650976562992,79.90682920186187,79.65929,79.85731416018479
6078-VESFR,70.45,70.32704304054172,73.90972744188066,69.95926,70.18039599838443
0306-JAELE,96.1,94.46111992138819,93.1808972474164,95.42056,95.11498426373217
7075-BNDVQ,35.0,35.17271521445495,33.95180915325212,34.45845,34.866106444667345
2208-MPXIO,20.0,20.01444451276728,20.199607119535766,20.084723,20.028324557701758
3096-GKWEB,94.75,94.60469836536502,96.7579959716233,95.0708,94.127253576501
7404-JLKQG,57.55,60.3889531888776,57.45549446286058,61.319202,60.188283829844735
5049-GLYVG,20.6,20.025420178216404,19.504245872213307,19.974436,19.964425236015487
6704-UTUKK,45.9,45.28606883592598,46.83056246973484,45.290607,44.93413571203166
9397-TZSHA,24.6,24.84134071959467,24.51891566391192,24.912592,25.108100595962057
4686-UXDML,99.85,99.52391288413996,102.48199252368998,99.990105,99.74923606506351
3808-HFKDE,44.35,44.373157188821274,49.880068566549554,44.821346,44.73655172483976
3580-HYCSP,110.3,109.93526683960232,108.57308960360112,109.13788,109.85378255514438
9795-VOWON,24.35,25.23328374076192,29.899992654430868,25.124327,25.147739117326317
2159-TURXX,20.05,20.025420178216404,19.33709172622233,20.089622,19.997637918349703
0096-BXERS,50.35,48.961723510485506,56.419138757716524,49.856995,49.928914883279226
6507-DTJZV,66.4,67.31414145654452,66.07983824548835,66.04708,64.84925657601809
9962-BFPDU,20.05,20.025420178216404,19.337091726222326,19.96165,19.853690840032378
4587-NUKOX,79.1,79.93871195053016,81.2734163662926,80.760956,80.1647030882782
4060-LDNLU,96.2,94.60469836536502,97.12573509280345,94.94605,94.87250045328551
2379-ENZGV,84.85,84.52742556463092,84.94248674996086,84.88466,85.06495132714136
4877-EVATK,20.0,20.025420178216404,19.504245872213307,19.974436,19.964425236015487
9442-JTWDL,20.05,20.008706024327928,19.457442711335833,19.879923,19.9357726117455
2748-MYRVK,99.9,100.12274792088755,99.96799416798571,99.952805,99.70844745634363
3966-HRMZA,75.05,75.3304753760336,74.08356775371128,75.27333,75.10343327169242
2862-JVEOY,19.15,20.008706024327928,19.55773519893042,19.92402,19.870698127486527
9489-DEDVP,69.2,70.28344507439375,76.6113595934264,69.49422,69.23474954126378
9469-WEJBT,90.35,89.98533894624771,86.85232396091511,90.51518,89.66997620448988
2384-OVPSA,20.2,20.00985073346448,19.577793696449334,19.980864,20.018603025548465
2186-QZEYA,58.55,59.65222680974403,59.809024838413514,59.71011,60.5065503940671
6202-JVYEU,19.9,20.008706024327928,19.48418737469439,19.905745,19.899540925266614
6419-ZTTLE,20.75,20.008706024327928,19.724889344921394,19.762878,19.819254571606095
1891-UAWWU,90.8,90.21039196333008,90.14553240631773,89.821526,90.5536666310096
6963-KQYQB,24.05,24.84134071959467,24.378506181279498,24.83245,24.843014380714777
2521-NPUZR,101.0,99.4502230214266,97.3091684331998,98.67027,99.38935046812239
8242-SOQUO,84.7,84.52742556463092,88.5128993083281,85.017654,85.16097165537997
9823-EALYC,80.85,80.25935601101804,73.43543081959785,80.439384,80.15866783478904
2314-TNDJQ,55.65,54.962004288610395,49.48377239873359,55.63048,55.172975517043895
9714-EDSUC,94.9,94.53691104179919,79.64431828487346,93.75204,95.05635255103955
1383-EZRWL,20.05,20.025420178216404,19.390581052939442,19.929707,19.9678200458009
6617-WLBQC,81.85,80.14008696271239,76.5039597876606,80.420296,79.93029900208921
6652-YFFJO,64.9,67.31414145654452,70.84038832331136,66.03046,64.83555855498935
1401-FTHFQ,20.0,20.008706024327928,19.47750120885475,19.943882,19.89569250510023
1803-BGNBD,54.3,54.90798838106329,55.275804399138245,54.71309,55.367457726484346
1470-PSXNM,93.65,94.70053263328936,97.35201054833091,94.39426,94.32427111629679
9185-TQCVP,85.15,84.38086769177633,81.30280631401472,84.78163,84.98521280392865
6481-LXPWL,36.1,34.59842868917882,38.150721300545435,35.261074,34.835131872728454
5066-GFJMM,19.9,20.025420178216404,19.651341520685367,19.986217,19.979438688908736
7519-JTWQH,110.5,109.72271911504093,109.84346111313256,109.789604,109.7010945404739
9957-YODKZ,80.8,80.32230956384815,75.54115190675259,79.586365,79.74549418674358
8430-TWCBX,20.7,20.00337565966752,19.33709172622233,19.849134,19.849450553751467
5955-ERIHD,94.7,94.60469836536502,96.7579959716233,95.0708,94.127253576501
5186-SAMNZ,69.5,70.32704304054172,71.5495109004881,69.92847,70.07979446580799
5759-RCVCB,35.2,35.16889123521913,38.96763144231934,35.434895,35.235963591630636
0220-EBGCE,85.85,84.96466647883663,84.55228291207928,85.978386,85.4990673949451
7427-AUFPY,19.65,20.00985073346448,19.350464057901608,20.024906,19.951368917003997
3221-CJMSG,51.1,49.409126778496564,55.16213957986439,50.1734,49.651240641351066
4194-FJARJ,60.0,59.31387683384462,53.497284285794265,60.0515,59.65183550796209
8138-EALND,19.75,20.025420178216404,19.37052255542053,19.90386,19.9614703449341
8345-MVDYC,81.65,80.23001360084538,79.25158494957725,79.34371,80.0734710179948
6119-SPUDB,38.25,40.78023725923462,37.50216321410045,39.77495,40.05095716947245
1202-KKGFU,54.2,54.801875422546345,56.49268658195256,55.01104,54.726668760795334
6556-DBKZF,76.05,75.14660947014362,80.58920711568005,75.98992,75.47598485982937
6339-DKLMK,31.65,30.265697735200046,31.598278777699186,30.04506,29.8522222694373
1977-STDKI,73.0,75.5567693797869,76.47943545927141,75.43278,74.9617131105853
4001-TSBTV,91.55,89.5011245266447,95.82087857105357,89.703964,89.86229434271885
7912-SYRQT,75.1,75.45554520861164,75.38737009244089,74.74405,74.6877678012782
4779-ZGICK,23.55,24.84134071959467,24.24478286448672,24.78397,24.745264459946917
0670-ANMUU,97.65,94.39865079332763,91.53932621450207,94.78986,95.14854492560015
8735-NBLWT,20.4,20.025420178216404,19.457442711335833,19.928228,20.022092844450363
8930-XOTDP,55.95,55.43416117005626,50.02047804918197,55.854137,54.65032908148376
6380-ARCEH,20.2,20.025420178216404,19.504245872213307,19.974436,19.964425236015487
1167-OYZJF,20.05,20.01444451276728,19.2969747311845,20.035604,20.00386449145367
1628-BIZYP,85.0,84.68861095561267,83.9836399147992,85.13076,85.23255402008947
6284-KMNUF,98.0,100.03511430075055,98.77053188935464,99.348236,100.06957268448556
4676-WLUHT,46.2,45.20838987439836,39.454523639275045,45.431133,44.83533707582432
2138-VFAPZ,19.7,20.015181098124888,19.083017424316044,19.864862,19.96601120936934
8648-PFRMP,46.35,45.28606883592598,45.660483447798015,45.268635,44.951773884755504
8097-VBQTZ,69.9,69.96453459031905,65.31173932443643,70.02311,69.87688474095152
6087-YPWHO,68.15,69.59970472160529,70.8880016346954,70.58951,70.53542748023514
8109-YUOHE,56.1,55.24316695649315,57.66945176972902,54.442966,55.91937358865671
3807-XHCJH,20.0,20.025420178216404,19.450756545496194,19.93412,19.880984561178742
0524-IAVZO,85.0,84.38086769177633,84.07087897162528,84.78707,84.91459536382573
8957-THMOA,20.15,20.00985073346448,19.444070379656555,19.956976,19.89724803623764
7521-YXVZY,19.95,20.025420178216404,19.424011882137638,20.043736,19.981302242312175
7077-XJMET,74.15,76.03418132874857,82.24698724573554,73.59525,74.73679410508419
9625-QSTYE,81.15,80.2339027580823,80.18357133443143,80.146286,79.66023729923802
7924-GJZFI,69.3,70.32704304054172,71.42915991537458,69.93877,70.04841968552574
2034-GDRCN,90.4,89.7612327766693,89.29623489458614,90.22461,90.21109620492837
4186-ZBUEW,70.7,69.3870990874488,72.14419066204096,69.274895,70.21148797084801
4026-SKKHW,50.25,49.35919176952843,52.119934122828624,50.344025,50.182362765199834
8548-AWOFC,63.85,65.80685848080854,76.98497472993961,65.139595,64.89526069829718
0680-DFNNY,101.1,99.53180746907609,100.77638164124636,100.33394,100.115580857944
7501-IWUNG,73.8,76.09958581994184,77.21230436848734,73.86162,74.9248280787489
7176-WRTNX,114.95,115.1538469679578,112.45106579059177,114.69812,114.76201154102353
8450-UYIBU,39.85,40.21750731096305,47.17824309339608,39.611427,39.8845511381855
1794-HBQTJ,48.6,49.84819336298042,50.75595629154227,49.88961,49.61959131786654
1862-QRWPE,20.65,20.01444451276728,19.430698047977277,19.771675,19.748851332918044
2996-XAUVF,40.05,39.96978517316058,39.57487462438855,39.400837,38.98662216142793
7145-FEJWU,105.3,104.59075799808845,105.20994818626271,104.6319,105.44918070954176
6710-HSJRD,114.1,109.8290962777972,108.2588398091381,110.1895,110.23912839357956
7530-HDYDS,84.25,85.3907250766707,78.09748759246406,85.037254,84.77436405403179
8042-JVNFH,71.35,70.32704304054172,71.46927691041242,70.03756,70.16083971829536
5127-BZENZ,65.2,65.10811378965049,67.01002544770475,64.563675,65.1066032215096
0876-WDUUZ,85.4,84.9184094729367,83.47581021189741,85.44025,85.3989455751227
0356-ERHVT,45.9,44.373157188821274,53.65106610010597,44.7171,44.891398113556065
9912-OMZDS,106.15,105.04145414005251,105.53757031240502,104.780945,104.85957276975057
2275-RBYQS,45.4,44.373157188821274,48.5695800619803,44.89068,44.92698046869468
0917-EZOLA,104.15,104.99074373123608,106.19281456468964,104.40265,104.8728724502142
2749-CTKAJ,20.15,20.008706024327928,19.310347062863773,19.984758,19.887282517270748
5160-UXJED,44.6,44.3255065328111,49.204765816746004,44.928394,45.43570579532094
7244-QWYHG,44.45,44.78602900656383,42.93921395106493,45.339947,45.03808972376842
4226-KKDON,66.65,65.54945686535466,60.86543904107648,65.355965,64.94019687830023
7018-FPXHH,59.8,60.7027102375732,59.153780586128896,59.912354,60.20411493695724
9897-KXHCM,80.3,79.98106730385747,82.53974699434794,79.85524,80.42410091303222
1222-KJNZD,20.4,20.024683592858796,19.410639550458363,19.984276,20.024040805959586
2452-KDRRH,101.4,100.0750378790725,99.48595163419601,100.295975,99.90321643356407
6892-EZDTG,91.65,89.8532890960895,90.43851507014415,90.28837,89.92996057487188
6980-CDGFC,20.85,20.00796943897032,19.437384213816916,20.12432,19.935377816530412
5071-FBJFS,50.3,49.84819336298042,53.577518275869934,49.91915,49.78213405049975
4018-PPNDW,24.1,24.84134071959467,24.131118045212858,25.164711,24.910394000504574
9066-QRSDU,26.3,24.819019086198107,24.45205400551553,24.827702,24.928649684713854
0318-ZOPWS,20.15,20.01444451276728,19.60453835980789,19.948893,19.985969381345903
0419-YAAPX,85.3,84.47056429864195,93.42054503462316,84.98008,85.01985526536012
9786-IJYDL,113.2,115.30779187553425,111.58855039727834,115.33816,114.99705927281059
4195-PNGZS,24.45,24.84134071959467,24.358447683760584,24.819767,25.027723307223482
9372-TXXPS,59.85,60.332557265577535,57.91683990579567,59.39563,59.94309771416919
7734-DBOAI,40.1,39.96958843962647,42.31071436213885,39.938454,40.569338314285446
2858-MOFSQ,55.85,53.54452844781471,54.98161310219414,55.274498,55.48939324202655
8180-AKMJV,44.55,44.373157188821274,48.275388765036176,44.748047,44.729969336944094
2690-DVRVK,20.55,20.008706024327928,19.290288565344856,19.85905,19.833715104808114
1790-NESIO,20.4,20.015181098124888,19.377208721260164,19.850115,19.9293107492037
8083-YTZES,74.35,75.45554520861164,75.29376377068594,74.89134,74.90412670895513
0661-KBKPA,78.75,80.98003748556218,77.10532571505313,78.67454,79.77118071923891
4139-DETXS,64.45,64.00231301443932,59.74823487191747,65.01164,64.90073683969874
1395-WSWXR,20.75,20.015181098124888,19.40395338461872,19.962513,19.91834302936308
9546-KDTRB,24.7,24.907395385657825,23.006862885202022,24.941416,24.623021877353892
4291-HPAXL,19.85,20.025420178216404,19.1431929168728,19.928665,19.86442890017591
6198-ZFIOJ,75.6,75.45554520861164,74.83910449359048,74.90069,74.8039613978203
7472-EQOAV,86.7,84.39557358488085,82.87141000196632,85.78809,85.10664601961615
5997-OPVFA,89.05,90.405719383572,88.05057919454221,90.2569,90.27028696100813
5236-XMZJY,59.65,60.72635365246676,59.44128571723337,60.19549,60.30850365610094
3873-NFTGI,55.5,53.97451032451053,52.928960189424956,54.658752,55.41647897368857
8695-WDYEA,51.25,49.75743585448032,49.853323903191,50.07055,49.953783253636935
4342-HENTK,70.65,70.32704304054172,71.75009587567725,70.013115,70.06503189987511
8580-QVLOC,92.45,90.405719383572,85.28250653693165,90.271194,90.02516863378544
3143-JQEGI,88.35,89.7612327766693,91.52941428502557,90.03275,89.93275638898392
4465-VDKIQ,77.8,80.2339027580823,78.53208837204059,80.33788,79.61347449107232
0824-VWDPO,96.75,94.77110356637446,89.33257258651042,94.34907,94.57952713684713
3162-KKZXO,100.15,100.03050888478089,101.73250335631474,100.217636,100.19290169735292
8445-DNBAE,50.05,48.961723510485506,55.24237356994006,49.996555,49.96248468002661
2111-DWYHN,21.1,20.025420178216404,19.504245872213307,19.974436,19.964425236015487
2662-NNTDK,24.8,24.819019086198107,23.74332042651379,25.018753,25.005237872689946
7502-BNYGS,69.1,70.70500013610234,74.18347124313085,71.86394,69.67747323273613
5372-FBKBN,20.75,20.025420178216404,19.457442711335833,19.985353,20.02308622302015
4597-NUCQV,101.25,99.52391288413996,101.74651428132968,99.72565,99.81161204874707
0020-JDNXP,61.25,58.44900531537358,55.883631016606095,60.66527,59.75141946938779
6599-GZWCM,74.65,75.5120400327348,80.4175871388188,75.44194,74.78701076097903
4342-HFXWS,69.7,69.3988312604438,63.49978838189426,69.05626,70.08726445797274
5035-PGZXH,106.8,105.04145414005251,107.37626591830575,104.80519,105.07155338136377
8216-AZUUZ,100.4,99.60822730368648,100.86330179716165,100.16225,99.50716599745884
5542-DHSXL,54.7,55.25121048465074,54.513581493419395,54.78006,55.48701335129084
8498-XXGWA,55.15,55.03676824133724,62.23610303820249,55.138588,55.13482001914015
6542-LWGXJ,25.0,25.251160683324283,28.830206120088622,25.057554,25.28040095113512
6248-TKCQV,80.6,80.49708801023657,81.6586046518473,79.575356,79.46320229578856
3068-OMWZA,88.8,90.2550390952604,88.1731134836242,89.73245,90.24542275273468
2430-RRYUW,54.8,55.29005002560007,55.59005419360128,54.762558,55.47345980579303
8292-TYSPY,55.0,53.85773032729239,54.36648584494734,55.25554,54.9451963482155
4589-IUAJB,24.25,24.84134071959467,24.565718824789396,24.710688,24.91414832851563
5693-PIPCS,99.65,99.61910502378363,103.15060910765388,99.79881,100.06502154493015
7446-KQISO,109.75,109.79214857570274,104.80209207004472,110.01681,109.88619996655996
0048-PIHNL,20.45,20.00796943897032,19.337091726222333,19.807125,19.840399472401913
6284-AHOOQ,90.5,90.14195048606754,87.23705026607475,89.35575,89.71771868981072
2805-EDJPQ,99.75,99.98491691543956,102.9121754068173,99.84764,99.81309954694957
9103-TCIHJ,55.7,54.343439525359756,54.04554988464467,55.154613,54.69566345841856
9402-ROUMJ,100.25,99.13007858566137,98.19874739078254,100.3304,99.97246788020583
5562-BETPV,19.65,20.008706024327928,19.34377789206197,19.918,19.814801544024633
3167-SNQPL,101.15,100.16727691517916,102.51542335288818,100.09879,99.94535651132543
0810-DHDBD,74.0,74.60845151641797,68.26033845971725,74.68635,75.2721018710289
1776-SPBWV,20.1,20.016825431218574,19.330405560382694,19.902884,19.975650126290446
9537-JALFH,19.9,20.01444451276728,19.537676701411502,19.911919,19.985282608789568
0702-PGIBZ,101.7,99.55192807730359,100.43602577676045,100.04136,100.23174190321673
3055-VTCGS,58.55,60.84910335884639,65.87256710445953,58.644817,59.68405686395726
9548-LERKT,19.75,20.015181098124888,19.330405560382694,19.9894,19.937102114652475
6794-HKIAJ,90.7,89.50385072853253,80.87224641591426,90.26435,89.62184636935467
9531-NSBMR,19.25,20.00796943897032,19.303660897024137,19.906498,20.04951555638265
6368-NWMCE,68.15,69.4346050811702,79.10448930110519,69.8409,70.55168296714335
0643-OKLRP,80.35,80.14147005055565,75.38068392660125,80.22946,79.77502305689119
9948-YPTDG,79.45,79.88185068454119,81.29347486381151,80.80758,79.87967353236374
4879-GZLFH,92.15,95.3413135613022,97.52021887734215,95.359665,94.78708569018002
8098-TDCBU,25.25,24.84134071959467,24.418623176317336,24.836552,24.760432066596486
5122-CYFXA,75.3,75.33867809529214,76.00210835151266,75.79019,74.97120432036121
9889-TMAHG,100.3,99.64291444364187,95.20680549682704,100.12532,100.24680094674667
5357-TZHPP,84.4,84.38086769177633,81.49670512336425,84.85062,84.80850969980942
1474-JUWSM,68.4,70.32951127893999,72.02383967692745,71.20565,70.09558039263317
8399-YNDCH,60.05,60.32546554165885,68.58796058585956,60.86624,60.237937776672624
3847-BAERP,20.9,20.025420178216404,19.564421364770055,19.866238,19.89407964450708
9402-CXWPL,98.9,100.0746952999655,102.73606682559627,99.80248,99.67200920308578
5049-MUBWG,75.0,75.58313744251073,73.95614160458312,75.35423,75.1604333594566
4039-HEUNW,96.5,100.18499733777955,102.38170003609538,100.09696,99.8978020097392
5803-NQJZO,67.8,69.58831316447902,74.68574383161035,70.511856,70.39430430857843
4116-TZAQJ,74.25,75.10695020694654,73.40826500390774,75.046906,74.8029196112375
9094-AZPHK,100.15,99.52391288413996,102.42850319697287,99.90405,100.0281640437956
6121-TNHBO,83.0,80.37379890911811,73.53572330719244,80.46233,79.94041419167306
1564-HJUVY,63.75,65.54945686535466,60.14333313039546,65.349495,64.76433148596078
7407-SUJIZ,20.6,20.025420178216404,19.21674074110883,19.990149,19.936031791008865
5468-BPMMO,19.6,20.020089813555995,20.152803958658293,19.8448,19.842722589228565
9168-INPSZ,104.15,104.55881788100717,103.2168321727146,105.21851,104.97867118537013
8942-DBMHZ,20.45,20.025420178216404,19.510932038052943,19.90867,19.958346166061197
8705-WZCYL,44.8,44.373157188821274,48.4492290768668,44.805656,44.79390844332024
0322-YINQP,48.55,49.75743585448032,51.01003059344855,49.945095,49.82220964555382
7000-WCEVQ,61.6,60.724572608390986,69.20896385843942,60.276745,60.25362349869899
9739-JLPQJ,117.5,115.1538469679578,110.79958282820094,115.05607,114.959918971568
2794-XIMMO,60.45,59.19289405221509,55.22838676432148,59.35829,59.91514604080494
9565-AXSMR,19.2,20.00985073346448,19.557735198930416,20.04267,19.8966457143626
2880-FPNAE,74.2,75.3304753760336,71.58294172968628,75.1444,74.9840461161327
3316-UWXUY,93.5,95.14155234507486,97.52312574006824,93.67179,94.88097175045014
9824-BEMCV,69.0,70.32704304054172,72.09777649933848,70.02265,70.33291866065852
3256-EZDBI,29.45,30.31913304753265,30.4883752483191,30.652973,30.484674459428277
1226-IENZN,78.75,79.98106730385747,83.08801259319833,79.99076,80.02824987848633
2823-LKABH,95.05,94.35285489048178,91.55269854618135,95.65719,94.84938355594234
6161-ERDGD,85.45,85.46155335899266,83.01589631729402,84.2036,84.60541638031198
2137-DQMEV,44.8,43.89769114892265,48.88990154834367,44.15277,44.707697633179635
2424-WVHPL,74.7,75.82640619344642,72.050973338461,75.02394,74.63504730291022
9945-PSVIP,18.7,20.015181098124888,19.25685773614666,20.004423,19.92730167918014
2840-XANRC,93.15,94.78036272870543,98.18214929546642,95.313675,95.12959922005996
8008-HAWED,50.75,50.19444761079145,49.966374248525554,49.767597,49.35877083080083
0412-UCCNP,59.2,59.70454976454564,60.417465929820665,60.083393,59.971466916778944
6402-SSEJG,61.05,58.88292915052067,54.01819074734681,58.586693,59.39672296306042
8049-WJCLQ,60.2,60.32546554165885,55.14876724818511,60.677147,59.97554321111492
2830-LEWOA,103.9,104.52105449507744,100.56306292771357,104.75431,104.6252281270387
9780-FKVVF,59.15,61.050201343351354,61.794005942279725,61.02991,59.69885598780368
5014-GSOUQ,19.95,20.015181098124888,19.276916233665577,19.827763,19.94220312883553
0396-HUJBP,19.3,20.025420178216404,19.40395338461872,20.034748,19.982066972030935
8356-WUAOJ,45.0,44.373157188821274,48.46260140854607,44.811752,44.75948906425383
5442-BHQNG,70.35,70.32704304054172,71.22188877434577,70.0505,70.08527737659375
5655-JSMZM,96.2,95.26805247698131,96.89171928841607,94.94009,94.8380699559907
7065-YUNRY,45.3,44.373157188821274,48.5695800619803,44.89068,44.92698046869468
5161-XEUVX,94.3,94.71873071146445,95.34736942955689,94.21699,95.12469070792594
9068-FHQHD,20.15,20.01444451276728,19.33709172622233,19.963158,19.985449544622355
8017-LXHFA,94.75,94.04717813038711,99.88107401207039,94.4903,94.84933901075792
0786-IVLAW,108.1,105.04145414005251,105.73146912175454,104.88451,104.98090667398375
6100-QQHEB,92.55,94.60469836536502,93.19426957909569,95.00801,94.78421474666581
2642-DTVCO,85.05,84.38086769177633,83.25516673918932,84.764496,84.82661345183817
0147-ESWWR,101.25,99.79734140775572,98.48971292408982,99.9347,100.26434782068824
2335-GSODA,40.1,40.74770452323034,38.585322080121976,39.96758,40.282383542539336
9602-WCXPI,20.15,20.00337565966752,19.169937580231355,19.866985,19.860682327000987
0329-GTIAJ,97.9,99.15596150143726,100.41596727924151,100.14362,100.49810131284713
8241-JUIQO,19.45,20.00796943897032,19.377208721260164,20.08643,19.946888225898043
0581-MDMPW,88.95,90.21039196333008,89.0623735402962,89.64376,90.02543961215747
9314-IJWSQ,84.8,85.26344969910629,84.5558977643795,84.956856,84.87728007407904
8532-UEFWH,25.75,24.84134071959467,24.24478286448672,25.032717,24.850781041903694
7861-UVUFT,84.3,84.73024544280837,85.1375941924281,84.714554,85.03856354024995
8383-SGHJU,59.4,59.35728878138611,56.512745079471465,60.18062,59.92429415442097
8755-IWJHN,95.35,94.76214758654352,96.40653604484854,94.94349,95.00082681360018
0123-CRBRT,88.1,90.47892945190871,86.17176659360364,90.45569,90.33499563777045
2223-GDSHL,116.05,115.1538469679578,112.61153377074311,114.93822,114.7036133135492
8189-HBVRW,90.8,89.50385072853253,87.43806127043979,90.32258,89.96514255812374
8495-PRWFH,55.65,53.54000639693085,59.46134421475229,54.986084,54.91205999229551
6092-QZVPP,79.2,80.2929566659437,82.64147103027425,79.45161,80.12526601452927
5129-JLPIS,105.5,104.26250672286415,100.4755041784626,105.40617,105.17854491162768
1614-JBEBI,20.7,20.025420178216404,19.63128302316645,19.879267,19.89407964450708
0637-YLETY,95.6,94.28695987804628,88.80436548517892,94.71756,94.82905632522125
0135-NMXAP,89.75,89.8532890960895,87.82422422684529,90.126434,89.87666165274787
7892-POOKP,104.8,104.15865792834164,102.55490175459035,105.38977,104.77574309207148
8161-QYMTT,94.1,94.60469836536502,96.3835706846035,94.87984,94.84238065292772
3001-CBHLQ,104.9,104.0067314787625,100.62928599277431,105.325035,105.02021561642584
8945-GRKHX,78.65,79.98106730385747,80.89495019779673,79.79742,80.38385921972613
4625-EWPTF,30.45,30.575771326113372,28.27525435539858,29.408005,29.454027870489817
1343-EHPYB,103.4,105.08598313434412,103.93957667673128,104.73462,104.69988813938431
0375-HVGXO,34.7,35.16889123521913,40.53888041463451,35.09247,35.518809199742066
0330-BGYZE,102.5,105.04145414005251,104.46109761222313,104.71455,104.99517251084112
5989-PGKJB,86.25,84.66059576244905,88.04214257946009,84.79885,84.8048700366069
8752-GHJFU,92.0,94.73036559136897,88.65494345325409,95.12101,95.05498624710704
4851-BQDNX,85.05,84.58455159505175,89.95831976280783,84.83663,85.17767787599564
7240-FQLHE,99.75,99.27705775347033,100.69614765117069,99.92926,99.50005204231678
6175-IRFIT,78.75,79.98106730385747,76.36841592436112,80.04901,80.26925265592689
6538-POCHL,79.0,80.2139126775052,81.0862037227827,80.30372,79.90671128580647
3078-ZKNTS,19.75,20.01977487742769,20.219665617054684,19.832073,19.958792436411457
5777-KJIRB,50.25,49.09610943936918,52.65482738999975,50.0589,49.79601147639909
7923-IYJWY,116.1,115.20189958887985,111.29435910033422,115.26231,115.00362791478642
2810-FTLEM,50.15,49.84819336298042,54.22607636231492,49.780453,49.65462973639361
1265-HVPZB,66.4,71.0531174528063,62.409943350033096,70.83681,69.98309309955863
9796-BPKIW,69.95,70.32704304054172,73.36146184303027,69.85096,70.03963150582518
9178-JHUVJ,24.1,24.89715630556631,24.51125019912081,25.017347,24.899692211538365
4732-RRJZC,20.25,20.025420178216404,19.236799238627746,19.970055,19.889564850926213
7010-BRBUU,24.1,24.826240135824584,24.431995507996618,24.93554,24.942211095968652
9688-YGXVR,88.15,89.5011245266447,89.97048346136943,89.74777,89.99276734393864
9286-DOJGF,74.95,75.42896879376299,75.95569418881021,74.914276,74.9156660943125
6994-KERXL,55.9,56.253137475309536,58.183476388874645,55.491726,54.94137569940526
2181-UAESM,53.45,55.06047467745538,50.15420136597475,55.459923,55.10706061076123
4312-GVYNH,49.85,49.78688815853205,43.285696665388215,50.544914,50.4392446304567
2495-KZNFB,90.65,89.22286624043907,82.09846004893176,89.412605,89.7114114233089
4367-NHWMM,24.9,25.251160683324283,27.81390891246349,24.95044,25.15963222971633
8898-KASCD,35.55,35.38734954236695,36.7399403083816,35.442425,35.11728279572782
8016-NCFVO,116.5,115.31555624636103,109.3018816801218,115.515594,115.23152079904146
4578-PHJYZ,68.75,70.84792444476732,66.68908948740207,71.28131,69.97466324875373
2091-MJTFX,51.2,49.28215956312098,48.69600273899414,49.684414,50.33521342983709
2277-DJJDL,99.0,99.79734140775572,99.33885598572397,99.90519,100.24953336259264
2511-MORQY,54.9,53.5334215151912,59.98955131608378,55.152386,54.80268107986167
2731-GJRDG,109.55,109.21403242277026,97.1859105853602,110.89028,109.97147784292017
1784-EZDKJ,106.8,105.04145414005251,105.43727782481044,104.604935,104.88094944008132
2468-SJFLM,74.3,75.82640619344642,71.45590457873314,75.17754,75.39947934569454
5115-SQAAU,25.6,24.84134071959467,24.351761517920945,24.891554,24.96115105458521
8708-XPXHZ,94.2,95.26805247698131,97.57370820405924,94.89178,94.76428982702005
0601-WZHJF,46.35,45.28606883592598,46.19537671496914,45.443424,44.994792334155484
0463-TXOAK,25.6,24.84134071959467,24.498857166393,25.075087,24.92741602460969
4683-WYDOU,107.6,104.53744104126741,103.9857412442731,105.05898,105.05498602213265
1166-PQLGG,19.55,20.04119103248886,19.431928413334415,20.05733,19.831668952936674
0963-ZBDRN,96.2,94.3192858931048,97.07893193192598,95.41935,95.16477255383812
4871-JTKJF,69.65,70.32704304054172,71.73003737815834,69.95891,70.14126939008601
7173-TETGO,78.5,80.095429972374,82.50145054581681,80.22341,79.84761399718325
4193-ORFCL,45.1,44.373157188821274,49.31843063601987,44.92876,45.03503739159021
2692-PFYTJ,25.75,24.907395385657825,22.157719823567867,24.949373,24.963174789925574
2369-UAPKZ,104.1,104.59075799808845,103.926204345052,104.88122,105.72916116149904
5193-QLVZB,104.75,105.03879635215813,105.31692683969693,104.59614,104.8754959209686
0379-DJQHR,81.35,80.22116187811288,84.06562435411735,80.67884,80.04871325918947
4657-FWVFY,96.35,94.71724678717783,93.86183198003934,94.658195,94.9012859627066
0623-EJQEG,93.55,94.39103984387626,92.76958072899565,94.3615,94.62229590993982
1699-TLDLZ,19.7,20.015181098124888,19.163251414391716,19.875496,19.958938547661162
4501-UYKBC,69.1,70.14283450633397,80.85626475109062,69.414474,69.75167120024528
8158-WPEZG,35.65,35.723251116694605,34.19919728931877,35.44862,35.308848640576144
9732-EQMWY,99.4,99.71898965151671,103.88608735001417,99.69199,99.26282055122613
1099-BTKWT,54.4,54.45434046196668,51.343724411491195,55.981133,55.007853440406386
4815-TUMEQ,19.3,20.008706024327928,19.250171570307025,19.910578,19.904665579983856
6407-UTSLV,83.8,84.52742556463092,85.22999188106535,84.97824,85.20895335696875
0018-NYROU,68.95,70.32704304054172,71.26869193522326,69.91803,70.02737849220028
4632-XJMEX,62.85,60.35144191817349,57.1345585025579,59.824738,60.37010028230374
1409-PHXTF,110.45,109.79214857570274,109.15478603164972,110.06502,110.12455544577591
8229-TNIQA,45.3,44.373157188821274,48.83702669556586,44.879032,44.9580047606178
0529-ONKER,75.65,75.45554520861164,73.84286578348429,74.95749,74.88606452492898
3675-YDUPJ,19.85,20.025420178216404,19.036214263438573,19.86014,19.911616651074795
4484-CGXFK,55.3,56.253137475309536,61.32597433350499,55.54468,55.13503423650974
4443-EMBNA,24.75,24.826240135824584,24.144490376892133,24.93305,24.97667219059572
4280-DLSHD,54.75,54.96560011902724,57.36188814110563,54.965336,54.89167230153983
9300-AGZNL,94.0,94.60469836536502,96.03589006094228,94.853714,94.65310570938908
2789-CZANW,110.3,110.1458193566522,103.03025812254039,109.37283,109.39682967064114
8464-EETCQ,18.8,20.00985073346448,19.35046405790161,19.931555,20.022665514703725
7216-EWTRS,100.8,99.5764546010064,99.69990894106448,100.425896,99.9060828497839
4468-KAZHE,60.0,59.590659153182145,75.57419373777577,59.921783,59.65945082252341
8623-ULFNQ,66.05,65.8282420132491,83.04932714649222,65.08907,64.68251035632596
9317-WZPGV,79.75,79.98106730385747,80.82808853940034,80.00062,80.31071481400788
8947-YRTDV,94.8,93.7574862179324,89.64682238097346,94.792984,94.67024127247697
1814-DKOLC,25.45,24.907395385657825,21.890273189982306,25.0955,24.993558723559282
8071-SBTRN,111.15,109.93286582639385,107.34952125494719,108.84847,109.35494967940195
4701-MLJPN,55.25,53.85773032729239,54.62724631269326,55.257534,54.86070777392281
1205-WNWPJ,59.5,59.886165113314114,62.41662951587274,59.4707,60.0427146891555
6158-HDPXZ,25.35,25.251160683324283,28.295312852917498,24.982073,25.134368424787148
6683-VLCTZ,98.55,99.53180746907609,99.96735557465003,100.357635,100.20409186311285
3727-OWVYD,61.2,60.63421305612341,58.05056322258845,60.173943,60.44039885164025
0856-NAOES,60.9,60.32546554165885,58.56539799224066,60.67136,59.940928661176486
0562-FGDCR,74.55,74.48024331146372,72.35227195357633,74.30834,74.89311778550857
0956-SYCWG,19.65,20.008706024327928,19.28360239950522,19.905367,19.885402421199977
2277-VWCNI,48.75,48.961723510485506,51.39114204630797,50.222416,50.3302983249983
3498-LZGQZ,19.15,20.00985073346448,19.47750120885475,19.939735,19.873615357699087
9135-MGVPY,84.7,84.90162363585695,81.71209397856441,85.17917,85.33863398905092
3815-SLMEF,34.25,35.57656760938331,33.416915886081,34.880894,35.07388553563811
4513-CXYIX,80.7,80.095429972374,81.25782369964396,80.32429,80.15780428698346
8944-AILEF,19.45,20.025420178216404,19.591166028128615,19.882912,19.990598409668216
1270-XKUCC,19.7,20.015181098124888,19.35046405790161,20.02889,20.014538082075234
6633-SYEUS,83.2,85.68276530844682,76.13175483561018,84.835205,84.36015757077986
8075-GXIUB,19.85,20.008706024327928,19.317033228703416,19.872244,19.970029331892853
6016-NXBNJ,19.15,20.012231651915773,19.417325716298,19.990538,19.980385962102574
9332-GYWLO,54.85,55.43416117005626,53.43710879323751,55.475594,54.86628691156956
3276-HDUEG,75.05,75.45554520861164,74.87253532278868,74.98858,74.95070696212382
5884-FBCTL,25.1,24.826240135824584,24.211352035288527,25.014086,24.895389241994387
8999-YPYBV,84.35,84.88679091632024,82.52112004516073,85.23858,85.05822878591316
1522-VVDMG,89.75,89.90737065561281,92.0231363741386,90.18823,89.95895913428909
0848-SOMKO,48.4,49.78688815853205,48.03956057737157,50.35422,50.20771001757559
1657-DYMBM,19.9,20.00985073346448,19.390581052939442,20.105652,19.95577472012795
6923-EFPNL,51.75,48.961723510485506,51.110323081043134,50.293285,50.36201048525894
2167-FQSTQ,92.4,90.405719383572,86.78689385085043,90.351166,90.31511143639332
9286-BHDQG,45.25,46.10055675303623,43.32581366042604,45.918625,45.06750883331777
7225-CBZPL,94.8,94.60469836536502,96.24984736781074,95.08272,94.8058464565274
5605-IYGFG,69.85,70.32704304054172,72.7864515808213,69.799126,70.02627011456087
6861-OKBCE,20.1,20.025420178216404,19.537676701411502,19.982197,20.036551305472877
7571-YXDAD,74.9,75.45554520861164,75.01294480542111,75.10129,74.74305488027284
0254-FNMCI,109.9,109.44543873133506,112.37083180051611,110.0411,110.43564105920206
8981-FJGLA,78.0,80.32230956384815,77.5135708294461,79.836494,80.09049149411675
8414-MYSHR,91.4,89.7612327766693,93.03380159894435,90.149086,89.96879242009635
9274-CNFMO,74.95,75.45554520861164,76.00918351552733,74.956314,74.93343360068923
3794-NFNCH,50.0,49.178212379673006,55.15545341402475,49.973675,49.80175057776956
5158-RIVOP,20.9,20.015181098124888,20.921713030216782,19.884716,19.95708881389009
1100-DDVRV,49.8,49.55749088636551,48.13436480846446,48.91374,49.73339525911829
9522-BNTHX,56.25,54.483687304374214,51.77832519106773,54.14918,54.594572218217905
3677-IYRBF,30.4,29.943891238559576,30.528492243356936,29.898617,29.85717145511847
7009-PCARS,19.1,20.00796943897032,19.2969747311845,19.971905,20.005343511141128
8250-ZNGGW,59.9,60.28676870184425,59.100291259411776,59.8398,60.16524141283556
0967-BMLBD,20.0,20.008706024327928,19.383894887099803,19.930136,19.941366040149497
7594-RQHXR,79.6,79.98106730385747,81.23594465561833,79.7312,80.37313712128231
8966-SNIZF,19.45,20.01444451276728,19.009469600080017,19.881979,19.723115361754168
7235-NXZCP,74.85,75.45554520861164,74.82573216191122,75.03704,75.02401003882763
0122-OAHPZ,73.85,75.45554520861164,74.85247682526976,74.80026,74.76464096271673
7815-PDTHL,20.2,20.018706725712732,19.337091726222333,19.983347,20.000692135554523
8331-ZXFOE,71.1,69.68688805486242,68.41412027402895,70.48152,70.45593066689702
8901-UPRHR,109.2,109.72271911504093,111.03359863258831,109.56515,109.36130462675365
3563-SVYLG,62.65,65.58818266381542,63.486416050214984,65.510284,65.14478954886935
3205-MXZRA,59.45,59.89868854636359,58.04387705674881,59.563755,59.975150928224224
5392-AKEMH,45.05,44.373157188821274,48.32219192591366,44.79776,44.82565285583365
8201-AAXCB,60.35,60.466392692497344,66.4350151854958,60.874584,60.19569061710544
6919-ELBGL,114.95,115.1538469679578,112.83886340929082,114.997116,114.766755083893
0530-IJVDB,114.6,115.1538469679578,111.95628951845849,114.82026,115.0392098822224
5047-LHVLY,50.15,49.241700026891756,50.70246696482515,50.255123,50.25476595394129
8404-FYDIB,86.65,84.98956355177421,87.11043914429749,85.84989,84.87746510915058
3415-TAILE,65.7,67.31414145654452,64.02049916687953,65.85431,65.15430997515206
2819-GWENI,19.9,20.008706024327928,19.39726721877908,19.982937,19.963356939999002
6164-HXUGH,19.85,20.025420178216404,19.537676701411502,19.98723,20.035922015107232
6762-QVYJO,59.75,58.5328373277491,56.04409899675744,60.52681,59.99443712942278
5046-NUHWD,45.0,44.9648590269368,41.48043188868567,45.46446,44.789536826675985
0106-GHRQR,71.4,69.14471940289796,85.57001166803613,68.753494,69.86394534542028
8374-XGEJJ,101.0,100.16727691517916,102.44187552865213,100.07685,100.04861126582459
2546-KZAAT,75.4,74.5195774011827,77.68033597726208,76.29508,74.69097511009824
7569-NMZYQ,118.75,115.1538469679578,113.03944838448001,115.13099,114.92552810739897
3279-DYZQM,19.45,20.00985073346448,19.310347062863773,20.03208,20.017820196462473
0374-FIUCA,20.4,20.00985073346448,19.27023006782594,20.007954,19.981651275794434
3714-NTNFO,84.5,85.04422180339262,85.16072400348644,84.56557,84.59166748707514
8705-DWKTI,83.8,85.48097017950309,88.24304645556003,85.21872,84.81080373333192
4195-SMMNX,20.35,20.025420178216404,19.2635439019863,20.02865,19.969512352792293
2599-CIPQE,109.3,109.44543873133506,103.87940118417454,109.77998,110.23963820268237
5136-GFPMB,89.4,89.77102929649651,86.46452634221605,90.31353,89.67891853046015
6476-YHMGA,76.5,80.5737230842847,78.81029800416107,79.530945,79.82115707904066
3055-MJDSB,24.6,25.251160683324283,29.104338919513822,24.872955,25.065006834484805
7516-GMHUV,105.05,104.76586864798556,103.15665668015785,105.156624,105.05253786040697
5940-NFXKV,83.65,84.38086769177633,84.77961255062701,84.73062,85.17688132967507
3597-YASZG,104.45,104.66096184250682,107.19573944063549,104.150475,104.2281771280368
3786-WOVKF,106.85,105.12973937738798,104.74191657748797,104.20998,104.77237355460983
2806-MLNTI,105.1,105.04145414005251,104.86226756260146,104.74057,105.06480336059158
0799-DDIHE,46.3,44.373157188821274,48.63644172037669,44.874454,44.88259514287458
9926-PJHDQ,76.8,76.78436325089962,80.3748608106366,74.78148,74.85514482064272
0334-GDDSO,81.35,80.43896771046862,80.51787962641339,80.38342,80.00407514992612
2371-KFUOG,99.15,99.40610171032155,98.10924006456605,99.23296,99.84776914808467
4634-JLRJT,20.35,20.025420178216404,19.230113072788104,19.932003,19.930250340267726
5886-VLQVU,89.85,90.08943670148354,88.99189702959961,89.97275,89.79042696334236
3194-ORPIK,84.4,85.23687328425764,86.73558782810183,84.85983,85.19357388552012
6048-NJXHX,19.75,20.00985073346448,19.571107530609698,19.878036,19.964407194920632
7860-KSUGX,64.45,64.86953539972865,62.864602627128555,64.870735,65.43126153217612
2925-MXLSX,68.95,70.82548392523617,72.04470832495294,71.81153,69.82236315584876
2933-FILNV,24.4,25.251160683324283,29.291551563023713,24.999466,25.26805082801586
7758-XKCBS,29.7,30.667744638240418,30.755821881904662,30.304815,30.321171818742982
2027-DNKIV,58.75,59.61613842931651,59.809024838413514,60.445084,60.257996103797055
4751-ERMAN,75.4,75.97136451206674,81.73215247608333,75.3086,74.2821918493955
8224-KDLKN,25.0,24.826240135824584,24.358447683760584,24.913986,24.94830989730749
7929-SKFGK,114.3,115.1538469679578,112.85892190680977,114.73405,114.79165579784578
8329-IBCTI,19.65,20.025420178216404,19.243485404467382,19.980534,19.97697985525413
5016-IBERQ,84.25,85.02408024043896,87.58515691891185,84.71998,84.88031224252138
5405-ZMYXQ,74.6,75.45554520861164,75.02631713710039,75.00546,74.89222222777084
7841-TZDMQ,46.0,44.373157188821274,52.89552936022675,44.750122,44.7661972453964
9754-CLVZW,38.85,41.05322210628141,34.921303199999784,40.051006,40.066418285069176
9503-XJUME,19.65,20.00337565966752,19.39726721877908,20.02886,19.952974523616646
3298-QEICA,34.6,35.68342526263418,35.13526050686823,34.64216,34.88169244555292
9420-LOJKX,99.1,98.75525633677348,96.4911879313734,99.12129,99.83698477435999
3391-JSQEW,50.15,49.87397388523968,52.554534902405166,49.62781,50.2834814666039
4939-KYYPY,59.45,58.39946575502705,54.30631035239058,60.044758,59.609467035840254
2061-VVFST,19.5,20.024683592858796,19.156565248552074,20.022541,20.11212700983269
6480-YAGIY,112.2,109.60714800973828,111.76239070910896,109.824036,109.93322360076453
0330-IVZHA,69.95,70.32704304054172,71.52945240296917,69.98265,70.03810059064412
7161-DFHUF,23.85,24.826240135824584,24.605835819827227,24.935156,25.002191218085407
1260-TTRXI,54.3,56.253137475309536,56.89973254766396,55.557934,54.95209779784909
8577-QSOCG,20.2,20.00985073346448,19.33709172622233,20.018257,20.02419361669653
8963-JLGJT,55.9,54.969717168955285,53.490598119954626,55.56695,55.35781403825544
3266-FTKHB,19.15,20.015181098124888,19.27691623366558,19.968172,19.986297469164533
6122-LJADA,90.15,90.405719383572,86.05141560849013,89.90556,89.7837797061329
8710-YGLWG,44.9,44.373157188821274,48.58295239365958,44.884583,44.93258766463137
6463-HHXJR,100.5,99.74443819006727,100.59480098055585,99.67728,99.9469317944569
9576-SYUHJ,91.15,90.55688700011287,88.67457592159714,89.94638,90.12709683047667
9289-LBQVU,70.15,69.36571555500825,75.98204985399377,69.06157,70.15987669764543
2207-QPJED,90.0,89.39531793896222,85.66580129375957,88.938866,89.5074694390145
6990-YNRIO,108.65,109.72511563482261,104.654357828237,110.18255,109.60127931496422
0489-WMEMG,49.45,49.3717152025779,51.564982358138586,50.271072,49.46651907575761
2189-UXTKY,79.2,80.50567877314238,81.07690822379871,80.03162,79.93314643904753
7105-MXJLL,60.7,60.842489868869514,75.56750757193613,58.82717,59.712539511908
7133-VBDCG,79.85,79.91069675736654,72.80873041330959,80.393486,79.66784918339509
9933-QRGTX,97.2,100.12806787672511,98.59000541168439,100.03036,100.17347288975901
6356-ELRKD,95.6,94.51526346908393,95.81524658823419,94.45529,94.99486680708084
2194-IIQOF,89.3,90.405719383572,85.40285752204515,90.315315,90.19479980976952
8063-GBATB,85.25,84.38086769177633,84.11768213250274,84.749374,84.77224967235732
9611-CTWIH,89.45,89.7612327766693,92.96025377470832,90.22461,90.22158892078643
3571-DPYUH,94.7,94.31559175191299,94.2496295987384,95.12406,95.05760954462883
8519-QJGJD,75.35,75.28582824410329,74.78561516687338,74.90435,74.88393176275667
5846-NEQVZ,70.85,70.67927424040393,78.97745215015205,70.71124,70.08290886677855
6022-KOUQO,29.05,30.617809629272283,32.7148684729189,30.493061,30.146382169331567
7205-BAIAD,20.6,20.01444451276728,19.34377789206197,19.956139,20.006671314234367
9574-BOSMD,25.4,24.84134071959467,24.358447683760584,24.953117,25.056430759452205
4884-TVUQF,101.3,99.08271879850865,90.54308750439586,99.88806,99.67955982413845
6439-GTPCA,87.25,85.32885385669864,79.93396286339542,84.56086,84.82793964902581
3795-CAWEX,116.55,115.1538469679578,111.67547055319365,114.69218,114.59648985098785
7821-DPRQE,107.7,110.25332107329636,107.53673389845707,109.95706,110.18557224188501
4983-CLMLV,102.7,104.7673390052631,100.22875463573162,105.02061,105.02880096566017
2380-DAMQP,115.15,115.1538469679578,108.14517498986423,115.18883,115.20638999402968
7534-BFESC,76.1,75.45554520861164,75.3205084340445,74.877594,74.72600860561168
6695-FRVEC,60.4,59.744083060633464,59.16715291780817,60.254623,60.1843650826037
0361-HJRDX,64.35,64.00231301443932,62.69014784135864,64.84597,65.21452686728497
0354-VXMJC,19.6,20.015181098124888,19.169937580231355,19.999086,19.909231907992087
6559-ILWKJ,49.35,49.603450451022226,51.54430938668037,50.46848,49.80283462902189
9895-VFOXH,24.4,25.251160683324283,29.33166855806155,24.98817,25.12876122885045
8229-BUJHX,20.5,20.01444451276728,19.450756545496194,20.050936,19.832553028726394
4476-OSWTN,110.55,109.76651155348168,107.0346328671485,110.228355,109.36222002176211
2995-UPRYS,99.2,99.62176281167801,106.13932523797253,100.05092,99.96597635579766
9208-OLGAQ,84.95,84.92001934690632,84.31826710769191,85.51466,84.33094055308908
4124-MMETB,94.65,94.60469836536502,96.45711850883954,95.056206,94.9779025263375
8882-TLVRW,39.1,40.90390385982693,39.55481612686963,39.974285,39.95951755763841
2957-JIRMN,84.45,85.22015913036917,87.37745974870717,85.12959,85.43882953499379
3646-ITDGM,19.7,20.01444451276728,19.430698047977277,19.963947,19.933768473773462
2673-ZALNP,19.9,20.008706024327928,19.383894887099803,19.91904,19.927031839355386
9975-SKRNR,18.9,20.025420178216404,19.504245872213307,19.974436,19.964425236015487
3724-UCSHY,19.55,20.025420178216404,19.156565248552077,19.981133,19.917212821225554
0259-GBZSH,85.65,85.26344969910629,84.68293491533264,84.95192,84.74377938294342
7130-CTCUS,54.55,55.31395279998722,60.785205051000816,54.28556,55.39156460708294
8150-QUDFX,19.85,20.025420178216404,19.2635439019863,20.02865,19.969512352792293
8218-FFJDS,86.4,84.72056989158214,82.83536983962378,85.544716,84.69234544527006
8259-NFJTV,34.65,35.57656760938331,33.43697438359992,34.725624,34.91521037495558
7909-FIOIY,24.85,25.251160683324283,29.378471718939025,24.904654,25.045840751578943
3317-VLGQT,78.1,79.98106730385747,83.62290586036946,79.89679,80.14988951167564
2722-VOJQL,105.65,104.71167225132325,105.86519243854733,104.8201,104.94279929415
0584-BJQGZ,78.35,80.33851459868781,75.68198254171658,80.53781,79.85518159002515
6732-VAILE,85.95,85.46109257848701,83.25659828752103,84.06912,84.38174515324764
1302-TPUBN,19.35,20.01444451276728,19.517618203892585,19.922775,20.051737954183025
8380-PEFPE,71.65,70.32704304054172,71.98411168006461,69.93086,69.95301137869914
7402-PWYJJ,91.15,90.03742636468306,90.60994916279225,89.963905,90.1254745781123
4250-FDVOU,56.25,55.34196799315084,55.70371901287515,54.426365,55.61745245697867
9128-CPXKI,95.8,95.33107448121068,100.58248283189683,95.49998,95.04386733440504
4183-WCSEP,78.45,81.12393465726613,79.62193340390175,80.586914,80.2057778657018
0404-SWRVG,74.4,75.45554520861164,75.29376377068594,74.95159,75.06818393968065
6227-HWPWX,69.0,70.32704304054172,71.46927691041242,69.90939,70.16222715371417
1899-VXWXM,106.1,105.04145414005251,105.16314502538522,104.556816,104.55514558791019
8450-JOVAH,56.7,54.343439525359756,51.94609381099801,55.47143,55.20518244671172
4550-VBOFE,102.95,105.03793051342207,105.44396399065006,105.05579,104.6798447254658
9546-CQJSU,91.4,90.2550390952604,86.5416890187523,90.04785,90.06427219769903
4789-KWMXN,110.85,109.8094355396607,106.74044157020437,110.837616,110.02068181644425
0835-DUUIQ,21.05,20.01329980363073,19.517618203892585,19.959238,19.961610394469922
1855-AGAWH,93.8,94.73583373441382,94.47801342030638,95.46538,95.1511387987227
9079-YEXQJ,111.1,109.8290962777972,107.44312757670212,110.09087,110.11002839152437
3577-AMVUX,55.05,53.871282965543,54.513581493419395,55.640297,55.43573800352098
2316-ESMLS,33.15,35.91006775092013,33.92506448989357,34.852066,34.89745842475248
9426-SXNHE,18.75,20.030013957519206,19.497559706373668,20.006985,20.15377056867184
8550-XSXUQ,70.55,69.03815689328404,76.01548068319197,68.51806,69.82038739961679
0723-DRCLG,74.45,75.45554520861164,73.34808951135099,74.90383,74.79834956943992
2176-OSJUV,65.15,64.18599831989816,64.34893144352841,64.3642,65.00114999777817
0107-WESLM,19.85,20.025420178216404,19.490873540534025,19.921547,19.949234173013863
8626-XHBIE,24.8,24.84134071959467,23.54942161716426,25.033102,25.066128614735057
0188-GWFLE,20.05,20.025420178216404,19.2635439019863,20.02865,19.969512352792293
8166-ZZTFS,80.55,81.10489449396098,87.20143613290804,80.840645,80.18147425219945
5774-QPLTF,20.35,20.00337565966752,19.98564981266732,19.974716,19.91783500507838
0929-PECLO,89.6,89.77102929649651,92.68934673891998,90.19954,89.87682693743113
5696-QURRL,45.05,44.373157188821274,48.58295239365958,44.884583,44.93258766463137
8124-NZVGJ,49.25,49.186532771187345,51.79169752274701,49.448616,49.86062675705529
4130-MZLCC,50.55,49.93083515122865,51.13038157856205,49.512028,50.003610413541274
4489-SNOJF,72.25,74.56738574214744,75.56163155660306,74.512344,75.36668108384536
8984-HPEMB,118.65,115.1538469679578,111.16063578354145,115.19282,115.14107330684797
4615-PIVVU,66.5,65.44529752113472,67.75137970539811,64.18958,64.93667942961247
6848-HJTXY,19.45,20.00985073346448,19.230113072788104,19.8938,19.91314528068453
8757-TFHHJ,49.8,49.84819336298042,51.08357841768458,49.883514,49.625198513803234
4603-JANFB,69.85,70.32704304054172,71.31549509610072,69.95246,70.03137994639566
8565-HBFNN,107.2,104.62274280643521,96.42659454236743,104.740524,105.11538059090776
7422-WNBTY,93.35,94.95690032393411,95.323377178827,94.71179,94.86319686408757
4712-UYOOI,20.0,20.025420178216404,19.32371939454305,19.998047,20.051731605024933
3372-CDXFJ,24.5,24.874834672169747,22.63912376402188,24.923729,24.931163670649312
5353-WILCI,56.05,55.37669628108904,53.383619466520415,54.762165,55.23857830701628
0988-AADSA,80.85,79.73467653703297,83.22316745832283,80.140594,79.94638827421753
8270-RKSAP,70.5,70.32704304054172,71.06810696003407,69.94407,70.06453105171457
5954-BDFSG,107.5,104.53744104126741,105.54361788490898,105.11203,104.63164451752935
5792-JALQC,59.85,59.44505180215745,62.45006034507093,60.18459,60.16883767863387
2202-OUTMO,60.85,59.35728878138611,58.88633395254333,60.21886,59.93215151234152
9028-LIHRP,100.2,99.32711838123123,97.76655283038855,100.07373,100.44941499145582
9150-KPBJQ,19.65,20.015181098124888,19.490873540534025,19.895145,19.994338323577033
4003-OCTMP,64.0,65.95509985707753,71.98372268188962,66.43509,64.71397011314123
8775-LHDJH,90.6,89.8532890960895,91.96296088158185,90.039314,90.02661632803932
6770-UAYGJ,25.25,24.84134071959467,24.47211250303445,24.92604,24.802889510653344
7596-IIWYC,20.25,20.01977487742769,19.310347062863773,19.98144,20.024775279882675
0887-WBJVH,93.45,94.97492650536964,98.83739354775105,95.39715,95.34273738327573
8840-DQLGN,100.5,99.97383294109945,98.56220656530557,100.60551,99.81147553598174
8413-VONUO,95.65,94.07519332355074,99.17234043306865,95.15109,95.63141750917845
9281-PKKZE,43.95,45.339504148258584,49.07042802601392,45.313114,44.96158762406394
5186-PEIZU,19.25,20.03353958510705,19.283602399505217,19.995653,20.055446807750798
6339-YPSAH,73.8,75.28582824410329,72.98703655601048,74.83011,74.85831216727024
2324-EFHVG,104.4,105.03879635215813,105.31692683969692,104.53462,104.83533438882151
1918-ZBFQJ,79.25,80.2339027580823,80.18357133443143,80.146286,79.66023729923802
6968-GMKPR,81.55,80.08493298363706,77.38875401346232,80.3222,80.01932083674701
3062-ICYZQ,93.8,94.78134264646599,95.70448863168642,94.13275,94.27153234410994
2233-FAGXV,24.3,24.907395385657825,22.3516186329174,25.044376,24.964566098960745
6017-PPLPX,70.45,70.32704304054172,72.25155831365018,69.986534,70.06987280480558
1982-FEBTD,25.6,24.89715630556631,24.644973515913588,24.988306,24.951331713673504
9705-IOVQQ,99.0,100.12274792088755,103.29770475612594,100.13866,100.23888109152125
6288-CHQJB,69.95,70.6397409443161,74.99918347556681,70.01041,70.06709303074592
3315-TOTBP,76.0,75.45554520861164,75.46091791667692,74.94711,74.83434367927607
6096-EGVTU,24.9,24.819019086198107,23.937219235863324,24.856142,24.806762178722572
2937-FTHUR,64.8,65.13123528803071,68.9482033906935,66.26918,64.65026429973983
4062-HBMOS,103.05,105.08598313434412,105.16314502538522,104.789505,104.86872269399632
2387-KDZQY,20.1,20.008706024327928,19.497559706373668,19.991617,19.967842651300693
4609-KNNWG,19.9,20.015181098124888,19.35046405790161,20.026058,19.98366311345095
0409-WTMPL,110.65,110.07559927826578,107.556792395976,109.428856,109.73680663457256
3766-EJLFL,109.05,109.73272658427399,107.49597831008359,110.56411,109.91419999597488
4232-JGKIY,19.2,20.025420178216404,19.41063955045836,19.970078,19.995963688000266
0334-ZFJSR,66.05,64.24898775380494,62.8044271345718,64.631645,65.29438608117015
6582-OIVSP,45.3,44.373157188821274,48.49603223774427,44.928406,44.9377025671385
8661-BOYNW,84.4,85.39861029389434,83.74468839381468,84.65896,85.28382511859394
4257-GAESD,45.0,45.28606883592598,47.41225889778344,45.280544,45.004423025812095
8785-CJSHH,99.8,100.16727691517916,103.9930660034484,100.260826,100.19147984102506
5469-CTCWN,106.0,105.17018104885865,107.19573944063549,104.496124,105.0739920731449
2839-RFSQE,20.65,20.025420178216404,19.40395338461872,20.034748,19.982066972030935
4890-VMUAV,71.5,69.68322494502226,66.20768554694807,70.07947,70.03015261266437
3365-SAIGS,83.55,84.49941037146729,88.92075542454609,85.0653,85.09786860795214
0946-CLJTI,98.7,100.0750378790725,99.69990894106448,99.95933,99.68606944252707
3920-HIHMQ,49.5,48.961723510485506,51.892604484280895,50.289013,50.32448318600692
5307-UVGNB,48.7,49.69964350280855,45.59242388006368,51.076416,50.188295742070196
8780-RSYYU,19.2,20.025420178216404,19.32371939454305,19.975298,19.91401433316912
0742-NXBGR,82.3,80.30656508317624,78.53877453788024,80.505356,79.876886354787
8067-NIOYM,21.1,20.015181098124888,19.89872965675201,20.008833,19.931067040073735
5916-QEWPT,69.0,72.12869617448742,78.32220789786741,70.36374,70.29133839048569
1029-QFBEN,19.55,20.025420178216404,19.504245872213307,19.974436,19.964425236015487
9251-WNSOD,75.1,74.63680136130716,72.94653056279763,74.7816,75.3737662555778
6576-FBXOJ,54.6,54.313564321926435,52.12600581472896,54.843735,54.52122409327078
2501-XWWTZ,70.2,70.32704304054172,71.67654805144123,69.981804,70.07525315015839
6080-LNESI,24.75,24.84134071959467,24.405250844638054,24.864243,24.839329565430205
7245-NIIWQ,69.85,70.32704304054172,71.62305872472412,70.012764,70.08504799400798
6567-HOOPW,79.2,79.69128233025951,79.49447022377275,79.59779,79.62344241985558
4550-EVXNY,69.65,70.32704304054172,71.64311722224303,69.93696,70.00029350965126
6437-UDQJM,84.1,85.64157377003802,87.87673888271159,85.230385,84.98252887024262
0297-RBCSG,65.35,64.65390301048346,70.47933536797083,64.90197,65.5544752225053
2097-YVPKN,25.75,24.84134071959467,24.405250844638054,25.001379,25.017439995164438
0853-NWIFK,100.3,99.40610171032155,104.92912922099786,99.35767,99.99507687216862
4853-OITSN,89.15,88.53293571397414,85.28776115443956,89.341675,90.11508014408936
6128-DAFVY,44.85,45.339504148258584,50.36085803306426,45.637596,45.018909439179495
1197-BVMVG,74.45,75.45554520861164,74.1905464071455,74.89779,74.7754495938892
7508-DQAKK,86.4,90.44616105504268,81.71878014440405,90.32119,90.07345815043226
9938-PRCVK,19.7,20.01444451276728,19.33709172622233,19.887825,19.885122882329227
0289-IVARM,60.55,60.73520964471502,56.88048420065162,60.28617,60.382571076343496
8260-NGFNY,25.2,25.251160683324283,29.33166855806155,24.98817,25.12876122885045
7074-IEVOJ,79.4,80.43896771046862,78.43848205028566,80.38952,79.89318774034746
6614-YWYSC,25.0,24.84134071959467,24.72618680494073,25.140068,24.96394651067248
8473-VUVJN,73.65,75.45554520861164,75.07312029797785,74.897736,74.87286248024105
6693-DJWTY,55.6,55.34646712042043,56.78687787889667,54.537388,55.408812926133386
3655-SNQYZ,113.25,115.1538469679578,112.08332666941162,115.0682,114.92329660306166
2845-KDHVX,68.3,69.43551655977947,76.24949648757932,68.86177,69.69210560218076
5027-YOCXN,110.05,110.26708696358475,109.97049826408569,109.83025,109.8490697248505
8884-MRNSU,19.9,20.01329980363073,19.457442711335833,19.999592,20.013115531865132
0567-XRHCU,43.95,45.102511335970966,48.43404436191027,46.085007,45.441175533266176
5868-CZJDR,31.35,30.265697735200046,29.706093845081334,30.038977,29.78479674389729
4223-BKEOR,64.85,65.98797186623503,66.1065829088469,64.65037,65.16895146702011
6035-RIIOM,97.2,100.12009013299317,105.82507544350949,99.87514,99.74040512171894
3797-VTIDR,23.45,25.251160683324283,29.05084959279671,24.9276,24.99774802121219
2568-BRGYX,70.2,70.32704304054172,71.06142079419445,69.94642,70.04363605609137
2775-SEFEE,61.9,64.9933490437219,61.995401067975486,65.13987,66.15728597736164
4291-SHSBH,69.55,70.32704304054172,71.36229825697819,69.84924,69.99002324928607
4635-EJYPD,18.95,20.018706725712732,19.55773519893042,20.013538,19.974593435754848
2607-DHDAK,19.8,20.03659725318606,19.94007701714698,19.864271,20.00434275960651
5204-QZXPU,39.65,40.21750731096305,43.79504317853872,39.618465,39.95762939358306
0221-NAUXK,19.95,20.01329980363073,19.290288565344856,19.96239,20.04131693057404
3398-ZOUAA,69.1,70.32704304054172,72.16463815773487,69.98661,70.3729977239988
1768-HNVGJ,70.05,70.29392582246338,71.69621755078514,71.300995,69.7783546463873
5917-RYRMG,19.8,20.012231651915773,19.223426906948465,19.958302,19.985534653297634
3858-XHYJO,105.75,104.82881171308388,99.3455421515636,105.36856,105.07514519809902
4837-PZTIC,41.9,40.821303033505146,37.65594502841215,39.783066,40.16922103726817
2773-MADBQ,53.1,54.531594629163415,51.075079868567684,55.516968,55.074965833423505
1090-PYKCI,105.1,104.94543433699029,102.00558197271968,105.217674,104.76292127101354
9479-HYNYL,80.7,80.46282532317646,79.53909008068173,79.76321,80.0511904576048
4565-NLZBV,24.65,24.826240135824584,24.478798668874084,24.904737,24.96302059327055
8318-LCNBW,53.15,54.316642969435556,54.59320100955576,55.711536,55.2501397858087
9261-WDCAF,54.65,56.253137475309536,59.1529704356223,55.52806,55.35161705493654
4909-JOUPP,109.7,109.72271911504093,106.40008570571845,109.86975,110.195238323376
1951-IEYXM,90.6,90.405719383572,86.05141560849013,90.25095,90.07885025407462
4227-OJHAL,73.0,76.10940840101306,76.14332798465166,75.72368,74.75290446734306
1708-PBBOA,54.75,54.84585861919092,46.53517326345278,55.41829,55.249715961812896
8746-BFOAJ,20.5,20.01329980363073,19.63128302316645,19.965515,19.97927288419944
4145-UQXUQ,92.1,94.78036272870543,94.50475808366494,95.30556,94.81451273161622
9518-XXBXE,75.3,75.10695020694654,73.56204681821943,75.19128,74.95014321996229
9558-IHEZX,106.75,109.93526683960232,110.33823738526584,109.27192,109.65735637578928
1707-HABPF,91.3,89.48441037275623,92.20366285180886,89.938934,89.99698548709745
9643-AVVWI,80.0,81.141857429134,78.19778008005865,80.544014,80.33359866773438
3398-FSHON,91.3,89.8532890960895,88.94750008790466,90.31655,90.14440188107405
9139-TWBAS,47.85,49.43877719512046,46.970971952367265,48.646233,50.187650182529765
0929-HYQEW,50.15,49.75743585448032,53.44379495907715,49.99369,49.84272284178556
0487-CRLZF,74.45,76.09958581994184,84.26620932930652,73.79549,74.88103845637538
0454-OKRCT,80.6,80.94095996557884,81.21992703957548,80.54221,79.8047711043908
2347-WKKAE,94.4,93.9909469693643,89.55353496012928,94.757225,95.04453701107212
6663-JOCQO,75.25,74.54658551219015,74.09655108721556,75.72215,75.08923300633165
1297-VQDRP,107.15,104.50315112706733,102.78891755897772,105.06114,104.50354840688678
4868-AADLV,116.25,115.30179035607264,109.53589748450915,115.18342,114.90783642108106
0788-DXBFY,19.55,20.00337565966752,19.611224525647533,19.951233,19.786416756316306
5845-BZZIB,20.1,20.018706725712732,19.597852193968254,20.013538,20.027954246574986
7310-EGVHZ,20.2,20.030013957519206,19.63796918900609,20.030926,19.949892498250357
4826-TZEVA,74.8,75.49990811379793,76.339025976639,75.54504,75.24219542304972
4080-IIARD,76.2,74.47639762620778,70.23275738241077,74.35315,74.99231841332961
7672-VFMXZ,55.7,54.9145539126163,54.7007941369293,54.970913,54.63215552425134
9940-RHLFB,75.3,75.3304753760336,72.61929743483033,75.133675,74.96791704543269
9117-SHLZX,45.7,44.373157188821274,48.58295239365958,44.884583,44.93258766463137
7253-UVNDW,54.35,53.832134035246995,55.89761782222468,54.884342,54.78957546351689
9898-KZQDZ,94.55,95.26805247698131,96.7780544691422,95.29207,95.0945726739466
8559-CIZFV,77.5,74.54117785471757,67.87254084101818,74.61327,74.83246149673417
2506-CLAKW,98.15,99.16912363750703,95.29663251546845,98.671844,99.16894128453508
8591-TKMZH,111.1,110.16479518318349,107.36957975246612,109.49178,109.81958691460795
4925-LMHOK,58.6,58.564772955578206,56.21186761668772,59.07442,60.3768314821191
4971-PUYQO,94.55,94.60469836536502,94.23062528423975,94.78113,94.83188425456208
0186-CAERR,116.3,115.2537377351506,106.78119715857787,115.096016,114.76509282477679
6233-HXJMX,89.3,89.77102929649651,85.57526628554405,90.44183,90.06188960416019
9367-OIUXP,20.7,20.025420178216404,19.096389755995325,19.968405,19.969803030130365
4588-YBNIB,19.6,20.025420178216404,19.230113072788104,19.932003,19.930250340267726
6467-CHFZW,99.35,100.16727691517916,100.92411588305407,99.807976,99.62907713906417
8148-BPLZQ,49.8,49.882829877487936,52.340577595536715,49.590355,50.116973285448054
0557-ASKVU,54.4,53.820318751373726,56.62640989874534,55.31385,55.15485418086698
3354-OADJP,54.25,54.801875422546345,54.567070820136514,54.963787,54.63064242906834
2259-OUUSZ,35.5,35.363010825444206,32.4073048442955,35.33059,35.02996196146646
4919-IKATY,84.5,85.04162333406462,79.40575576206395,84.91308,84.63932452144286
4328-VUFWD,59.3,61.06241861275326,63.579212221463365,60.72511,59.975599734333194
8681-ICONS,20.65,20.025420178216404,19.21674074110883,19.888662,19.81046665230936
2232-DMLXU,55.2,55.43416117005626,51.07020608600529,55.51909,54.725566403107955
6447-GORXK,25.0,25.251160683324283,27.94094606341663,25.095419,25.31076322731002
1777-JYQPJ,24.3,25.251160683324283,28.295312852917498,25.030666,25.141923409336826
6685-GBWJZ,70.8,70.06950071555599,66.59548316564714,69.3959,69.92664741649645
3955-JBZZM,78.8,79.69128233025951,80.71803857242668,79.94908,80.10453054882322
5197-LQXXH,83.3,85.46109257848701,90.27038625330238,84.535545,84.79076749018031
5993-JSUWV,61.15,60.74590664350119,65.79982943073009,60.393486,60.47176789647848
2219-MVUSO,45.15,44.373157188821274,48.50940456942355,44.82623,44.863736975755
3158-MOERK,96.0,94.60469836536502,96.43037384548099,95.121826,94.94609079635784
3594-KADLU,35.1,35.57656760938331,34.48001625458361,34.944443,35.14534186044488
0932-YIXYU,20.25,20.00985073346448,19.437384213816916,19.918581,19.869120809762343
8348-HFYIV,49.25,50.2579352580102,50.247193213790396,50.579124,49.88135155737508
8687-BAFGU,74.0,75.82640619344642,74.48473770408962,75.13018,75.26958350681556
7353-YOWFP,20.25,20.008706024327928,19.383894887099803,19.91904,19.927031839355386
6837-HAEVO,105.0,104.99074373123608,106.46694736411483,104.70085,104.55406161855271
6734-GMPVK,105.3,104.59075799808845,104.85558139676183,104.82369,105.80463168609141
7602-DBTOU,19.6,20.00985073346448,19.096389755995325,20.056656,19.976637056919515
9894-EZEWG,74.3,75.5567693797869,73.39711300719783,75.44563,74.78393657717254
1670-SVOWZ,89.65,89.94650689870079,85.94937267165307,89.54078,90.05279743211014
9142-XMYJH,19.35,20.025420178216404,19.47750120885475,19.96057,19.891031167865656
5893-PYOLZ,81.8,80.53225478383827,80.05392485033393,79.72291,79.71834785995587
3319-DWOEP,95.75,94.78036272870543,96.37688451876387,95.16828,94.81957078170798
9514-JDSKI,40.2,39.782756175028275,37.26934531905103,39.126194,40.534474549772995
7432-FFVAR,90.95,89.95104903204762,93.40476648376136,90.10891,89.53581911351964
4329-YPDDQ,108.2,109.18366142300404,105.69803829255636,110.04789,110.17362908318026
2860-RANUS,85.8,84.38086769177633,83.58278886533162,84.88523,84.96816291542461
8696-JKZNU,76.25,75.42896879376299,74.7388120059959,75.02287,74.63646965276138
1089-XZWHH,19.7,20.015181098124888,19.20336840942955,20.004423,19.92730167918014
4831-EOBFE,94.65,94.51526346908393,92.02419055715886,94.7478,95.20082100680838
4423-YLHDV,104.4,104.25250366853322,100.70283381701033,104.93731,105.13405841471695
5449-FIBXJ,103.3,104.15865792834164,101.38482273265352,105.57279,105.76883352986042
8144-DGHXP,80.6,80.27107937511592,80.04723868449429,79.52484,79.9820151949268
6598-RFFVI,19.3,20.008706024327928,19.34377789206197,19.944944,19.887291474463005
3096-JRDSO,104.3,104.52324297928133,102.37437527692009,104.96137,104.9237449984631
5862-BRIXZ,60.75,58.76292915585662,59.193283107227415,60.778385,60.04839764456263
1057-FOGLZ,19.65,20.025420178216404,19.390581052939446,20.001905,19.92949542543945
9371-BITHB,19.85,20.00985073346448,19.724889344921394,20.058022,19.879260738276045
4580-TMHJU,56.15,55.425305177808,59.895944994328815,55.748024,54.81497013576904
0178-CIIKR,19.95,20.025420178216404,19.283602399505217,20.034748,19.992559687888992
9348-YVOMK,44.8,44.373157188821274,48.42917057934788,44.746426,44.84848518657388
8417-FMLZI,83.55,84.68861095561267,84.86621380563155,84.849815,84.66509617532401
6851-WEFYX,100.8,100.22173799554103,99.45252080499783,100.2709,100.08467327885887
8181-YHCMF,60.3,59.2528007779989,53.510042143534235,59.00778,59.752311531684164
7548-SEPYI,96.25,94.07519332355074,97.94877208441471,94.83868,95.30849377209032
0374-IOEGQ,44.6,44.373157188821274,48.46928757438571,44.898075,44.83215334372597
0581-BXBUB,72.75,75.5567693797869,77.91027494895417,75.46447,74.87011624867952
9350-ZXYJC,25.3,24.89715630556631,23.361229674702894,24.979364,25.043741496182953
8642-GVWRF,79.7,80.30656508317624,80.46439029969628,80.66214,80.1860044796847
2931-SVLTV,110.1,110.26708696358475,104.83552289924292,110.3133,110.11613881095091
5183-SNMJQ,95.1,94.46111992138819,97.23939991207732,95.217575,94.98351493242798
7278-CKDNC,80.5,80.41095251730499,82.39669222735196,80.07706,79.83019498145012
8024-XNAFQ,107.4,104.54238315679925,107.0041089006764,104.59609,104.93151114770643
5480-TBGPH,99.3,99.17802889949702,102.76281148895481,99.35755,99.49638381336098
7301-ABVAD,86.6,85.46109257848701,84.56040062625064,84.6436,85.08506833538243
4678-DVQEO,52.2,49.35919176952843,50.501881989635976,50.179844,50.016474342056476
9415-DPEWS,88.35,90.14195048606754,87.86554985500081,89.58159,89.56376880540647
3748-FVMZZ,40.05,39.88044574379865,34.145707962601655,39.684067,39.86807754930841
5281-BUZGT,90.85,90.55688700011287,86.07365740997756,89.9583,90.22768215854586
5879-SESNB,75.25,75.45554520861164,74.83910449359048,74.93282,74.88559464592996
1820-TQVEV,69.55,70.32704304054172,71.31549509610072,69.95246,70.03137994639566
9003-CPATH,79.9,80.17560944737961,77.07897004986957,79.8613,80.0226772108432
1268-ASBGA,85.35,84.38086769177633,85.18746866684499,84.8294,84.9249077687935
6655-LHBYW,114.35,115.31555624636103,113.0528207161593,115.28045,114.93302661105218
9227-LUNBG,24.6,25.251160683324283,27.767105751586016,24.97143,24.99008200753933
9418-RUKPH,19.95,20.00985073346448,19.33709172622233,20.018257,20.02419361669653
0537-QYZZN,79.85,80.15032604280391,76.92518823555787,80.10172,79.93399883501681
8734-FNWVH,59.7,60.724572608390986,67.75806587123775,60.547104,60.54381096858132
4801-KFYKL,19.45,20.030013957519206,19.417325716297995,20.031372,20.046932888702877
8327-LZKAS,107.55,104.52452796680709,103.90550725419743,105.22259,104.97452719229433
4188-PCPIG,70.35,69.98129087218975,62.811113300411435,69.496056,69.51975007882184
1843-TLSGD,20.85,20.015181098124888,19.149879082712435,19.880306,19.961366582433456
6906-MPARY,89.6,90.44032340210516,92.40152270690474,90.190994,89.85512185059898
6082-OQFBA,19.65,20.008706024327928,19.310347062863773,19.984758,19.887282517270748
3544-FBCAS,83.6,85.64157377003802,84.84790575735511,85.11719,84.89430721805579
8034-RYTVV,84.25,84.92800085215036,84.1061303473302,85.334755,85.23916510763527
7130-YXBRO,111.45,110.08583835835731,102.64914666968095,109.47412,110.17529578206084
1157-BQCUW,74.95,75.45554520861164,75.29376377068594,74.897385,74.91359397472701
9445-SZLCH,97.35,94.73496720977822,96.60984614013098,94.66364,94.99490669264299
1399-UBQIU,69.35,72.06520852726865,81.60511532513019,69.570564,69.89637650935188
4912-PIGUY,84.6,85.26344969910629,85.52539181112715,84.636795,84.478233287002
1323-OOEPC,98.4,100.16727691517916,104.77534740668617,100.29981,100.13283647978766
3181-VTHOE,51.05,49.46414909142237,49.998607168385796,50.17748,49.67478562084495
8272-ONJLV,95.7,94.73583373441382,94.33091777183432,95.424065,95.12224136901632
3647-GMGDH,94.7,94.78036272870543,96.56409716227375,95.36081,95.13958095731606
1303-SRDOK,69.05,70.30794796820194,69.83116627970085,69.540695,69.92379093618254
7361-YPXFS,64.45,63.51153310347719,60.14333313039546,65.08239,64.41533527542373
3359-DSRKA,19.85,20.00985073346448,19.497559706373668,20.002352,19.82303174277604
6746-WAUWT,19.7,20.008706024327928,19.537676701411502,19.931328,19.844229040571264
4659-NZRUF,95.15,94.1202581928264,92.86286814983983,94.21207,95.08750033619027
9518-IMLHK,72.45,75.67408337585204,72.85373439154925,76.026085,75.17575104678996
3374-LXDEV,89.4,90.27447969058628,82.64408036341861,89.49793,89.95980080503918
5356-RHIPP,20.2,20.025420178216404,19.47081504301511,19.925905,19.917695721029084
1122-JWTJW,70.65,70.32704304054172,68.15293865395145,69.977135,69.99195939822609
0650-BWOZN,73.55,75.52875418662327,77.66957297872716,75.381065,74.56494096041851
5546-QUERU,19.95,20.008706024327928,19.45075654549619,19.90448,19.92374831097169
8610-ZIKJJ,20.3,20.008706024327928,19.53099053557186,20.039167,20.049252633627965
8590-YFFQO,64.95,65.54013004289337,66.70246181908135,65.190605,64.9423182167964
2428-HYUNX,19.35,20.00985073346448,19.2969747311845,19.989237,20.090877115300962
7219-TLZHO,20.85,20.025420178216404,19.370522555420525,20.016476,19.96036214364866
2649-HWLYB,76.15,75.16112654229268,78.79023950664215,75.264824,74.9605396445943
8065-QBYTO,99.65,99.91201442988901,103.07536850706191,100.43464,99.95041784530817
8259-DZLIZ,53.85,53.88029317307461,67.43794006144165,54.38924,55.97887465978279
3348-CFRNX,92.35,94.4107133902491,97.18591058536019,94.59597,95.05869520621404
8245-UMPYT,96.4,94.60469836536502,96.40362918212243,94.9412,94.72283679372656
1555-DJEQW,114.2,115.1538469679578,113.03944838448001,114.7856,114.63045755945728
7776-QGYJC,81.5,80.18835576461751,79.55953757637565,79.479774,79.69745246445302
2828-SLQPF,45.0,44.373157188821274,48.516090735263184,44.784737,44.820603081122684
3170-GWYKC,104.95,104.70598339017548,104.72790565247303,105.358696,104.93546791915195
1710-RCXUS,90.35,90.29250035217262,95.40361116890267,89.87094,89.90696574314133
2673-CXQEU,110.5,110.07559927826578,107.69051571276879,109.45748,109.97648060146837
3838-OZURD,105.0,105.08598313434412,105.01604937691317,104.803566,104.56050463111781
4859-ZSRDZ,55.5,54.37472558711707,55.95049267500249,54.844624,54.995659397416404
5795-BKOYE,59.1,59.70313359978656,59.635184526582904,60.4607,60.38248308720105
2851-MMUTZ,56.15,54.92990819686781,58.8997062842226,54.900963,55.23252934332952
9752-ZNQUT,48.6,49.93083515122865,54.83451745372207,49.514767,50.071461788349
6972-SNKKW,20.0,20.025420178216404,19.60453835980789,19.940784,19.99546801610024
1329-VHWNP,25.05,25.251160683324283,28.415663838031,24.932346,25.197778623633035
3999-QGRJH,69.7,70.32704304054172,71.4826492420917,69.95745,70.04082245061625
3466-BYAVD,69.5,69.48064797006606,67.00252913135854,69.19006,70.00162042940508
4568-TTZRT,20.4,20.025420178216404,19.624596857326807,19.90867,19.958346166061197
4672-FOTSD,67.25,64.18431453747569,56.90722886401017,64.53284,65.47326651823067
8851-RAGOV,71.05,69.78261806899728,69.55664448210064,70.28839,69.59803829462942
0256-LTHVJ,81.05,79.98106730385747,83.36883155846316,79.89501,80.07521604645945
5278-PNYOX,100.65,99.60822730368648,98.16877696378714,100.0108,99.68693539452957
3132-TVFDZ,44.85,45.339504148258584,49.3913639863166,45.346134,44.85689941163633
6924-TDGMT,20.55,20.008706024327928,19.21674074110883,19.90448,19.955811102557718
2824-MYYBN,95.25,95.26805247698131,98.26238328554209,94.96555,94.87568721143917
4289-DTDKW,101.3,100.16727691517916,102.68257749887914,100.35645,100.12798543164138
0017-DINOC,45.2,44.76645270551005,50.54138451073451,45.19799,44.76432395708369
4536-PLEQY,85.05,84.68861095561267,88.04214257946009,84.897514,84.8737844122093
6402-EJMWF,55.3,56.253137475309536,58.20353488639356,55.31528,54.92602229418971
1442-OKRJE,103.15,104.34040129149824,107.13556394807874,104.87722,104.98040029733227
1459-QNFQT,59.5,58.868882026549336,61.45989332686505,60.456955,59.76810378125393
6996-KNSML,74.9,75.3304753760336,73.07395671192579,75.09594,74.90847638591907
2239-JALAW,103.25,105.04145414005251,105.8986232677455,104.64832,104.79096474105964
3452-ABWRL,86.05,85.23687328425764,86.84925264737569,85.2328,85.24392874263447
9231-ZJYAM,78.85,79.69128233025951,80.55757059227535,79.858765,80.04073329006057
7153-CHRBV,59.3,59.657204203587035,59.89594499432883,60.15552,60.09535791730582
6833-JMZYP,94.0,94.78036272870543,95.42744896953512,95.28343,94.95604637893871
5666-CYCYZ,89.55,89.55143262459775,87.80844567598349,89.87935,89.71620700460996
4425-OWHWB,19.35,20.008706024327928,19.33709172622233,19.937426,19.754886114224824
1543-LLLFT,98.3,99.36229964877211,97.40549987504802,99.87103,99.9360552887355
6581-NQCBA,49.95,49.28215956312098,46.91079645981051,49.38771,49.71975520701802
8152-VETUR,97.7,100.07203751207112,103.77910869657995,99.56189,99.3231818275648
9796-MVYXX,39.7,40.667558769164664,38.71235923107511,39.479652,39.36497498360379
2842-JTCCU,46.05,44.373157188821274,48.85039902724513,44.861465,44.948731891951034
0595-ITUDF,91.8,89.50385072853253,88.01307153264874,89.94362,90.42621135065505
0219-QAERP,19.8,20.008706024327928,19.236799238627746,19.959883,20.050926034745878
8226-BXGES,89.45,89.493611648441,82.18273492048351,90.03051,90.13980338865746
3090-HAWSU,111.6,109.74649247456237,106.42619177574134,110.9615,110.19529224878272
1136-XGEQU,84.15,85.5022433249215,87.89679738023052,84.70534,84.99580534060848
6732-FZUGP,94.9,95.3601784928674,95.1066674593299,94.94662,95.218869000768
3401-URHDA,59.9,59.35728878138611,58.53196716304247,60.33547,59.81552510751972
0365-TRTPY,91.2,89.50385072853253,84.20195700405449,90.32717,90.25352623819238
4654-DLAMQ,97.0,94.42859334083235,89.60001922009597,94.63951,94.48489199926146
8847-GEOOQ,60.2,59.23858583518059,55.261817593519666,59.105953,59.67544738872766
3030-ZKIWL,20.05,20.025420178216404,19.504245872213307,19.974436,19.964425236015487
6727-IOTLZ,81.95,80.43733423138659,77.5131818312711,79.1972,79.87465024723747
6960-HVYXR,76.0,75.45554520861164,74.83910449359048,74.941216,74.81342866359218
0378-NHQXU,88.25,90.21039196333008,88.34026762961518,89.846,90.2344693682198
0565-JUPYD,104.5,104.98587600846096,104.35242618243298,105.18499,105.01516264747409
4625-XMOYM,26.25,24.826240135824584,24.03751172345791,24.990246,24.933948293295465
7663-ZTEGJ,100.55,99.60474704335111,89.99450300463468,99.91744,99.74915553714939
1402-PTHGN,61.5,60.24814175424621,59.13372208860998,59.686165,60.65676132543659
7657-DYEPJ,70.15,70.80685867049678,69.12285385303069,70.965836,69.68782984366666
3523-BRGUW,19.3,20.008706024327928,19.243485404467382,19.979698,19.977413825847975
0100-DUVFC,104.8,104.99340151913046,105.27680984465908,104.500145,104.37482955984714
2026-TGDHM,79.3,79.98106730385747,82.49962999931009,79.78448,80.19766945167581
9746-UGFAC,20.85,20.01329980363073,19.510932038052946,19.90511,19.91581997533244
1042-HFUCW,54.75,54.892496620949146,55.27580439913825,54.4164,55.0486085643727
1153-GNOLC,39.1,39.76487923246591,45.219196502381834,40.018032,40.12435821145063
0576-WNXXC,95.55,94.28695987804628,97.06846646297278,94.70931,94.90045967219861
6906-ANDWJ,74.9,75.45554520861164,75.21352978061027,74.85128,74.86560063748493
1022-RKXDR,24.85,24.819019086198107,22.57324140457696,24.875332,25.01326816073974
7123-WQUHX,95.0,94.7122556376675,90.74728733188523,94.279465,95.15136896202739
5857-TYBCJ,89.2,90.06369184686154,94.89271015246143,89.713806,90.13853016009169
7729-XBTWX,19.75,20.00985073346448,19.47750120885475,20.016659,20.10686345975953
3978-YNKDD,20.85,20.015181098124888,19.22342690694847,19.99949,19.87927788019016
9170-CCKOU,90.2,89.62722421093235,87.63864624562895,90.35428,90.50961725820402
1475-VWVDO,74.9,75.28582824410329,73.20099386287893,74.73528,74.78380436484176
7108-DGVUU,71.7,69.06925390648465,73.02007838703368,68.439384,70.17736270626241
2533-QVMSK,94.1,94.31100866417887,97.47236153344441,95.01613,95.2752318124694
7339-POGZN,50.7,48.961723510485506,65.21144683684184,50.05032,50.10499210069181
6848-YLDFR,75.2,75.27538141419777,79.41205292972859,75.42986,74.95194407073296
2898-LSJGD,55.95,54.28411023343128,54.58651484371613,55.3105,54.698336098759555
3507-GASNP,19.95,20.00985073346448,19.544362867251138,20.050718,20.06298224080345
7799-LGRDP,25.7,24.84134071959467,24.431995507996614,25.050337,25.083328291838747
5373-SFODM,85.25,85.06194222599301,85.60869711474224,84.95716,84.98387604874105
7733-UDMTP,55.0,54.55259209893195,52.12600581472896,54.089535,54.34128828729561
2801-NISEI,54.95,54.9145539126163,53.59757677338886,55.195354,54.876255500050284
4378-MYPGO,105.25,104.24051052430545,108.78704691046958,104.92944,105.06805044568165
0129-KPTWJ,94.65,95.3413135613022,100.73626464620853,95.60975,94.44129081160874
0373-AIVNJ,39.55,39.76474683816657,35.850680251709605,39.83856,39.92649880028209
8414-OOEEL,79.5,80.51087794409851,77.64690514806388,79.4122,79.91069731042424
8541-QVFKM,73.5,75.45554520861164,74.85247682526976,74.90812,74.87487254748613
2931-XIQBR,103.05,99.57393738948639,96.7579959716233,100.03089,99.56489682476743
5652-MSDEY,75.75,75.45554520861164,74.53822703080674,74.9228,74.88657902132877
2586-CWXVV,30.4,30.31913304753265,31.765432923690163,30.778103,30.397843056683612
8058-INTPH,79.65,79.69128233025951,81.934920755241,79.58588,79.64971876641444
2798-NYLMZ,108.55,109.73272658427399,107.8436589337448,110.6367,109.8989645689435
0880-TKATG,101.15,99.53180746907609,98.81064888439248,100.132034,100.15030308912611
9342-VNIMQ,54.65,53.95452024393344,64.5361440870383,54.706978,55.68384333306382
7779-LGOVN,86.65,84.38086769177633,85.30113348611886,84.764496,84.8629879506157
2192-CKRLV,49.2,49.7353189775637,46.38139144914108,51.211468,50.369273625361586
6982-UQZLY,20.85,20.025420178216404,19.74494784244031,19.930422,20.068013479397386
8441-SHIPE,25.6,24.84134071959467,24.605835819827227,25.028519,25.076024972700324
8212-CRQXP,80.0,79.69128233025951,81.27967650295638,79.78167,80.23690159069655
3009-JWMPU,96.75,100.03050888478089,102.0133223215796,100.267105,100.2864042466764
0623-IIHUG,41.9,39.601810063809715,45.77414826707187,39.219112,40.26943417062725
2632-IVXVF,111.75,109.73272658427399,105.96484633280625,110.57975,109.96580018842893
0655-RBDUG,98.05,99.53180746907609,99.90718008209328,100.23084,100.14033866432919
1867-TJHTS,79.8,80.14147005055565,79.09150596760092,79.68821,79.52341877507604
0027-KWYKW,83.75,85.26344969910629,84.96375388059748,84.92085,84.98342863833787
1131-QQZEB,23.95,24.826240135824584,24.492171000553366,24.883148,25.117923195911622
5651-CRHKQ,86.2,85.38425000287376,81.71470331170877,85.06214,84.71056418345432
1371-DWPAZ,56.05,55.76679244337215,49.08380035769321,56.329407,56.664888440108555
1194-BHJYC,62.15,58.5328373277491,57.60197563739333,60.688522,59.991907025474575
0572-ZJKLT,99.65,99.08031778530018,95.54433955244586,99.87691,99.71408974605151
2928-HLDBA,20.7,20.025420178216404,19.60453835980789,19.940784,19.99546801610024
2645-QTLMB,94.25,94.07519332355074,96.27054445866531,94.77775,95.14154144759468
0491-KAPQG,73.7,75.45554520861164,75.24027444396883,74.93118,75.03795060284068
3793-MMFUH,95.05,94.60469836536502,96.40362918212243,94.911575,94.79200843399889
0578-SKVMF,83.3,84.66059576244905,86.98572837679711,84.675,84.78132641056709
1025-FALIX,69.05,70.32704304054172,72.41871245964117,70.00134,70.09969690900323
7880-XSOJX,42.4,40.60704347467464,37.26814740971308,39.951126,40.16414822391097
5799-JRCZO,19.5,20.00985073346448,19.383894887099803,19.968271,19.881527411215075
0495-ZBNGW,79.9,80.32230956384815,76.52401828517952,80.01473,80.05834020849369
9970-QBCDA,19.7,20.025420178216404,19.457442711335833,19.976053,20.01202708522282
7271-AJDTL,94.45,94.71724678717783,96.36914416990398,94.73998,94.85954544712682
7833-PKIHD,76.4,75.58313744251073,74.73173684198126,75.19363,75.05303257232448
5791-KAJFD,68.75,70.09044594083798,76.4500814627685,69.40094,70.10163243911789
8499-BRXTD,20.1,20.008706024327928,19.103075921834964,19.985142,19.90624422556165
0853-TWRVK,105.6,104.54238315679925,99.14786403910053,104.382935,104.70777656059734
4456-RHSNB,49.6,49.178212379673006,55.11533641898692,49.914875,49.8824047869174
9809-IMGCQ,96.7,94.60469836536502,96.55072483059449,94.974525,95.0243830191203
2073-QBVBI,35.45,35.75530918310037,41.19961292342084,35.879936,35.61305546340229
1257-SXUXQ,19.45,20.025420178216404,19.156565248552077,20.096327,19.91308001269654
6169-PGNCD,74.3,75.62115784291609,68.59464675169919,75.79906,75.06498652910263
2692-BUCFV,101.45,99.17802889949702,102.62240200632239,99.80617,99.90076080863803
1644-IRKSF,93.8,95.42576426087874,94.91261419988292,95.42026,94.93931132540499
1304-SEGFY,97.85,100.06479879898097,100.34846702750947,100.18651,99.73398466520462
9777-WJJPR,88.65,90.21039196333008,86.91611430577207,89.91927,90.2449161257546
5732-IKGQH,104.45,104.70598339017548,100.98365278227517,105.23014,104.94428107075981
1757-TCATG,20.05,20.016825431218574,19.45075654549619,19.998512,20.055592632171198
8314-HTWVE,19.85,20.015181098124888,19.2635439019863,19.895245,19.986831744320753
2087-QAREY,54.7,54.937584925863625,55.416213881770666,54.889088,54.98051437432201
4229-CZMLL,74.9,75.45554520861164,75.2870776048463,74.67113,74.72399119391082
4940-KHCWD,37.7,41.107176172148584,39.915869082210136,40.141,39.786124316980775
1834-WULEG,20.25,20.008706024327928,19.437384213816916,19.99904,19.887282517270748
6360-SVNWV,73.55,75.10695020694654,72.84662707337806,75.30218,75.17032916237527
5226-NOZFC,85.75,84.49941037146729,88.27888350394075,85.15467,85.17774482623302
1062-LHZOD,69.9,70.32704304054172,68.15293865395145,69.977135,69.99195939822609
1106-HRLKZ,19.6,20.00985073346448,19.597852193968254,19.985405,20.011885521409482
7094-MSZAO,20.05,20.025420178216404,19.2969747311845,19.884108,19.91461109424506
0613-WUXUM,19.2,20.00985073346448,19.223426906948465,19.89301,19.817932727188975
8806-EAGWC,55.15,55.43416117005626,52.35394992721599,55.801712,54.97074751450839
6769-DYBQN,85.0,85.24199349225519,88.49043459162668,84.451485,84.76838346309708
2408-TZMJL,110.15,110.07559927826578,108.85390856886598,109.46686,109.87244464840914
1996-DBMUS,70.65,70.31818704829347,72.2381859819709,69.962006,70.11934857315552
6323-AYBRX,19.35,20.00985073346448,19.49087354053403,20.03116,19.8895370828075
1432-FPAXX,30.6,30.265697735200046,33.082607594099045,30.567095,30.417216894111682
4160-AMJTL,19.65,20.025420178216404,19.169937580231355,19.81481,19.959021433518785
3352-RICWQ,19.75,20.015181098124888,19.32371939454305,19.880306,19.959820858013337
2680-XKKNJ,58.2,60.28676870184425,57.5290422870966,59.397564,60.56527676636
8182-BJDSI,89.95,89.69366531542504,93.84573452826677,89.87599,89.85285073971453
1389-WNUIB,76.0,75.82665653791194,76.95823006658107,75.40167,75.33556454539506
4612-THJBS,104.75,105.04145414005251,104.85558139676183,104.72147,105.06812507865217
1530-ZTDOZ,40.65,39.687778112146596,44.818026552003495,39.306717,40.053645953396426
5842-POCOP,88.9,89.34910341226986,83.17493274911365,89.975746,89.98154245240102
9492-TOKRI,90.0,89.82527390292587,90.57223838693693,90.28319,89.78187289662364
0795-LAFGP,90.4,90.405719383572,85.23570337605418,90.10955,89.91532843328217
0611-DFXKO,89.0,89.7612327766693,94.03004030905056,89.9283,90.07285133670597
8035-BUYVG,42.35,40.21442577313781,43.80721760088006,40.427265,40.50439616118817
6620-JDYNW,60.6,59.41859478620802,58.725865972391986,60.174343,59.90111404029957
8590-OHDIW,20.3,20.00337565966752,19.390581052939442,19.98577,20.04402603652963
5897-ZYEKH,105.6,105.17779199831003,103.09043361509713,104.77218,105.08638037445833
5084-OOVCJ,55.35,54.88202117661202,54.045549884644664,55.22275,55.41392844877684
1740-CSDJP,35.25,35.36833828403116,31.765432923690163,35.213505,35.08102344215019
2696-RZVZW,25.05,24.84134071959467,24.71950063910109,25.066969,25.179235809881334
9450-TRJUU,83.15,85.26344969910629,85.15096652410737,85.07599,85.1543822055596
4581-SSPWD,75.8,75.45554520861164,74.97282781038328,74.95769,74.957296530102
4813-HQMGZ,90.25,89.541340203302,86.23051053782868,89.85721,89.99774877116235
4903-CNOZC,70.9,69.06925390648465,80.4082916398348,68.64935,70.34035684595561
0822-GAVAP,34.7,35.36833828403116,34.58030874217819,35.078415,35.139875448186984
3055-OYMSE,73.8,75.49990811379793,79.28762511191981,75.52257,75.26487158605117
