cliente,real,lineal,polinomial,ridge,lasso,elastic_net
2234-EOFPT,79.35,79.96673770543174,79.95269551190164,79.95305423023403,79.28219179507569,79.45785816077323
5849-ASHZJ,20.05,20.03506263226636,20.044265384704268,20.046781649079804,20.42691231122961,21.2374566259044
4403-BWPAY,24.8,24.98386174876387,24.988268180603757,24.995251940617635,25.41016159806631,27.10476057995877
5696-EXCYS,19.45,19.99203601345667,20.007513201429084,20.00940446333572,20.416268232221945,21.108256333584396
1518-OMDIK,44.55,45.00500113676736,45.01792714415809,45.02884123709795,45.065568823710095,47.64780128956804
5781-BKHOP,100.65,99.90650928986568,99.89331122746533,99.88504186190727,99.47312360794399,97.53959269843205
7279-BUYWN,113.2,109.94031674236027,109.95429031477724,109.94646314782156,109.32454484651174,107.27916468124167
9330-DHBFL,66.25,64.9848714010288,64.99607020058647,64.99239686433172,64.30520327569633,64.14563870942378
1629-DQQVB,50.1,50.01117273628842,50.01624840127303,50.01801062457178,49.79489248600061,50.50379923707205
9351-HXDMR,110.9,109.91079288112965,109.89686774354652,109.88772900511344,109.3144108597485,107.09131417890607
2796-UUZZO,80.3,79.99275026399441,79.98407222489425,79.98263402013745,79.80914129451766,79.51135425023854
3489-VSFRD,60.25,59.98245305184362,59.98109680471602,59.98451126308579,59.502074857092396,60.75545468445925
4177-JPDFU,34.0,34.97419184113127,34.97780013803545,34.98377563789404,36.01567820990964,37.537358541667444
5651-CPDND,46.0,44.976575461593136,44.97668149756097,44.97979417588376,45.041087441992474,46.08246129209037
7903-CMPEY,80.3,79.93900817613817,79.93111868835213,79.92914641592294,79.7841741356753,79.00436346184205
3891-NLXJB,40.55,39.92352128551995,39.94605431762492,39.950568351542614,40.79183581983387,42.416323193684946
NEW-07942,64.93,65.05277237069615,65.04322622597664,65.04208171245735,64.55617781527572,64.47496156460579
2359-QWQUL,104.7,104.89183577356626,104.90430347793912,104.8916672302644,104.28219880947657,101.03275082191229
6857-VWJDT,95.65,94.8867270949826,94.8766848195838,94.86527746865323,94.82681324712944,91.92013538328868
0002-ORFBO,65.6,64.97657381549125,64.97574989884222,64.9748211580087,64.58116880143083,64.71340669370196
8945-GRKHX,78.65,79.96041892962941,79.94913665130896,79.94151029135244,79.92195801721508,78.09819890543281
5975-BAICR,63.7,65.02858297880522,65.04063401360749,65.04320887380857,64.57008133492636,65.53094341997573
0178-CIIKR,19.95,19.944048207937335,19.93551841427526,19.936250616172025,20.40136652161122,20.433024796623712
NEW-07597,20.94,19.909339384940502,19.897005596567357,19.897431273291204,20.39923770580969,20.418065493834142
2040-OBMLJ,81.7,79.93838848557473,79.95042548205751,79.94278423853575,79.86168220793544,78.34008043795545
4893-GYUJU,19.35,19.873093840763225,19.87600963199002,19.88216807882411,20.45139369294723,21.79627262444965
NEW-07941,105.46,104.94293369268752,104.93375749331126,104.91709717225314,104.24175130924745,100.12777175162283
3457-PQBYH,20.3,19.994116470339577,19.99798650517818,20.00352811505858,20.459908956153363,21.84362832043333
4718-DHSMV,35.8,34.91894951626227,34.92031782127128,34.93297943692088,36.289005315405134,38.97069545047749
1599-EAHXY,23.95,25.018279715364866,25.01047954564538,25.01830045949047,25.45912436150156,27.221083284280752
3551-GAEGL,30.4,29.996477926485813,30.007804558758778,30.0184578119641,31.155265469160135,33.658764130450706
NEW-07260,87.78,90.00541884890063,89.99668486038205,89.98421152026498,89.53311006582555,86.54652748318094
3454-JFUBC,20.0,19.967179656840926,19.95723570427818,19.968384607048687,20.470553035161025,22.98589458340156
6035-RIIOM,97.2,99.88215977104798,99.89444212520212,99.88838651282708,99.72148074519924,98.40361861805675
6229-LSCKB,79.7,79.93775154541015,79.93432325260962,79.93270582369198,79.9506308135951,79.16611240599032
3524-WQDSG,99.3,99.9519476214939,99.96256232147758,99.95834511534397,99.73887237057899,98.4948641822514
1270-XKUCC,19.7,19.93928352784682,19.95887706156566,19.959328929304462,20.430105534931908,20.77425356300582
9972-NKTFD,54.65,55.02447353490516,55.03737318552244,55.03879926145852,54.6936239111777,55.42252393588038
3649-JPUGY,88.6,84.99486888830094,84.98055465683713,84.98430794905072,84.39708496383466,85.67685263223737
1452-XRSJV,51.05,50.057430182649455,50.06829746986362,50.071491598755316,49.82150268351977,50.890184875765804
3251-YMVWZ,24.05,24.964430291018022,24.965380793136077,24.972389793229766,25.451673506196194,27.03216773471297
8225-BTJAU,79.25,79.92096623558683,79.92252483679064,79.92056413883888,79.93153768832197,79.10840537062423
2786-GCDPI,104.95,104.92192399619589,104.92774652395958,104.92381700276455,104.54144647352658,103.2328226566926
0208-BPQEJ,19.4,20.0265754349937,20.028509670935968,20.03227190929632,20.410946192718114,21.086639678428583
1370-GGAWX,94.15,94.87829426237747,94.88802852745678,94.88479693957265,94.67255083324281,93.96960490922916
2480-SQIOB,44.8,45.05499188591597,45.047835272079524,45.05510778163095,45.03470099458787,46.898821746668446
9845-PEEKO,79.2,79.91582605576987,79.9220118089343,79.92196732255383,79.93461626084388,80.19100843143731
6728-CZFEI,56.15,54.92510452415627,54.92849918518148,54.929885227816776,54.954178121864,55.46120765850034
0909-SDHNU,29.8,29.989406006248693,29.98589497531164,29.991868389550586,31.126526455839446,32.74810702220236
7153-OANIO,69.95,69.93814795956501,69.92781138215594,69.92325272629215,70.03754013372357,68.86528588216936
0106-UGRDO,116.0,114.88109340891455,114.8738531416395,114.8640585912811,114.14947151537542,111.79044460669826
0266-GMEAO,114.3,114.97887294713246,114.96534476865858,114.9531385616248,114.15266473907772,111.57221759756207
9708-HPXWZ,45.4,45.05636712963198,45.05136012529009,45.06085810837165,45.945096107260134,47.85546470089893
0723-DRCLG,74.45,74.91307001714998,74.90424006864379,74.90676550432002,75.03462672327024,75.16387517965923
6682-VCIXC,51.25,49.989569695816,49.999619884036676,50.007105364164104,50.705990907606164,52.42312161111594
NEW-07732,26.26,24.97142924023563,24.970162158958676,24.973088863603714,25.39632429535635,26.28960130276515
2054-PJOCK,80.55,79.99436578391173,79.98746258697804,79.9897567380552,79.54605818969625,80.19880842960153
0674-EYYZV,54.65,54.98862784890331,54.97790385781682,54.98637048669421,54.939276411253275,56.8687335574936
NEW-07245,98.5,99.96014077812595,99.9519792251906,99.9424724528902,99.66506712645864,97.23765494908787
3313-QKNKB,85.55,84.86522827002531,84.86052177033366,84.85951420051632,84.98078026500617,84.33804565665736
3799-ISUZQ,69.95,69.96871745342439,69.96657264603363,69.96383981641111,70.04392658112816,69.34811941249525
2143-LJULT,25.25,24.933636502632208,24.92661381205032,24.938396770440278,25.46657521680692,28.089019435283664
2996-XAUVF,40.05,39.87559120328254,39.862174116369495,39.87454254496554,41.123577872316375,44.03696911885482
5696-QURRL,45.05,44.964792957592365,44.95412119793836,44.96008217873785,45.031507770885575,46.70505029273705
2303-PJYHN,19.85,19.97961434831606,19.970817094773572,19.975449392545073,20.400302113710453,20.998242219887686
NEW-07043,25.17,24.980456313937843,24.978330207297915,24.978584125544955,25.39632429535635,25.78233378377928
7823-JSOAG,74.5,74.94737777296,74.94053436157637,74.9370122290659,75.03675553907176,74.21173069234466
8718-PTMEZ,31.05,29.967593525856238,29.972797019685704,29.989361423158734,31.221619370168177,34.98154757929012
7427-AUFPY,19.65,19.976430280930277,19.9854879505878,19.99019932925281,20.455651324550296,21.722170851652855
6173-GOLSU,94.65,94.92811701847114,94.91287560417439,94.91447867463243,94.89706416858,94.49545036660383
8902-ZEOVF,20.05,19.94704675804607,19.951519117302865,19.954382147443116,20.448200469244934,21.070195359116767
7605-BDWDC,49.85,49.94522608361031,49.969019813582584,49.97375654053024,50.66986725592078,52.09218098288769
8573-JGCZW,19.65,19.95396238749145,19.960127912513705,19.96639838422032,20.416268232221945,21.80673079187776
8263-OKETD,68.9,70.03086330329509,70.04208877315817,70.04470916850268,69.56661312100974,70.57768438869714
NEW-07840,56.88,54.98987167472247,54.979319128403276,54.98096192719576,54.664884897857014,55.42533281781609
1663-MHLHE,19.2,19.963759660545115,19.952528222828562,19.953063907819747,20.39923770580969,20.418065493834142
7851-WZEKY,95.15,94.90837139530177,94.90053582823202,94.8962158724503,94.82787765503019,93.4625696306741
2862-JVEOY,19.15,19.926098401664916,19.92062809957819,19.920931939608696,20.40455974531352,20.45750389249703
4335-UPJSI,19.75,19.954751844274114,19.972363777087878,19.97122517375223,20.42371908752731,20.655790038298584
0701-TJSEF,68.25,70.02809617775605,70.02964466522403,70.02787963373767,69.33646556924789,69.24688501068539
4701-LKOZD,89.75,90.01805395949944,90.00756161926833,90.00369291216,89.1445035604382,88.76636854626048
4900-MSOMT,80.2,80.04693091907558,80.03208746523318,80.03108471689038,79.26221449274823,79.61873621542279
7251-LJBQN,103.75,104.91958750179583,104.93084015589757,104.92404999720304,104.53080239451891,102.7444921736467
9093-FPDLG,94.2,94.92791016749212,94.9323495133593,94.92291572774812,94.43333321481154,92.2252714983983
2858-EIMXH,95.85,94.87960161463329,94.8819750257527,94.88170768017801,94.88216245796927,94.16985590688591
9845-QOMAD,19.75,19.960965384353393,19.963327843302046,19.96400916342006,20.413075008519648,20.56753309529381
8016-NCFVO,116.5,114.96265448618772,114.96597791158999,114.95609228580042,114.1345698047647,111.66029738470019
2192-OZITF,73.55,69.92780583386738,69.94559310658114,69.9407161128743,69.50451685160476,69.09315018229879
1657-DYMBM,19.9,19.96391440038635,19.97460109108532,19.98043611107159,20.454586916649532,21.73346500988665
5168-MQQCA,108.5,109.87926080294739,109.85606561704924,109.85080398338636,109.40311732667264,107.73172931537924
6174-NRBTZ,30.75,29.937596919708312,29.945226177878723,29.95971163171455,31.16803836396933,34.53825223761058
6874-SGLHU,97.0,94.89714247348817,94.91058854682453,94.9023811573037,94.6988483660342,92.63148334100985
7531-GQHME,20.05,20.025762804468926,20.028207843379057,20.03141162730222,20.410946192718114,21.053856895869174
2108-XWMPY,35.45,34.9601048805245,34.95464146495745,34.96241044736071,35.960522703565594,37.894302066870246
4102-HLENU,65.65,64.93534599166391,64.93023135418217,64.93195169267577,64.55400056523447,65.52117674571403
5896-NPFWW,50.15,50.05202558823298,50.0444828183674,50.05402539972643,49.90099057830448,52.35018855404988
7426-RHZGU,95.9,94.93402565956313,94.934620602596,94.92449286213287,94.63336516843113,91.99477771787774
3249-VHRIP,43.6,44.94645711868612,44.948304329277065,44.962805359710224,46.0255472324146,49.51835456651255
7729-JTEEC,44.5,45.040256946031825,45.03084294469539,45.041082907502236,45.03257217878634,47.58179286438852
2634-HCZGT,60.05,59.970766196168505,59.973296775698564,59.98242771134838,59.62861423131938,61.82607341078061
4361-BKAXE,114.5,114.9478961688402,114.9621698240791,114.94796454235978,114.11966809415397,110.84798970396558
0536-BGFMZ,20.5,19.920566136969455,19.932043265551325,19.93490650275317,20.427976719130374,20.74460524005577
2207-QPJED,90.0,89.93001454346097,89.94223649344235,89.93652518042063,89.64610469777845,87.7587427900184
NEW-07710,55.1,54.99559833075595,54.98430109472831,54.98583027236472,54.69398501014518,55.408643582382815
7956-XQWGU,19.4,20.003857663153738,20.015579455095164,20.02242989783232,20.42691231122961,21.93593108419776
3486-HOOGQ,79.7,80.04777447218513,80.0366496228579,80.03535091712497,79.26008567694669,79.56623830555644
3096-WPXBT,100.7,99.94627718483116,99.94108130669791,99.93378378394749,99.43806436415937,97.86863949325767
8695-WDYEA,51.25,49.98744171007599,49.97709511136217,49.97574939361799,49.78105518329065,49.84706411662651
1384-RCUXW,80.55,79.90557282866422,79.91418795273479,79.90785923136147,79.88884672111092,78.67824973223945
8267-KFGYD,21.05,19.999360019776756,19.987543465814202,19.99001149533988,20.39923770580969,21.116539952127503
4581-LNWUM,49.15,49.97347946210728,49.97726609297165,49.988190088543,51.04290600631555,53.122929872038206
0196-VULGZ,84.35,84.90092115171349,84.89907639562196,84.89946844766666,84.92436664626557,84.43622660158556
7641-EUYET,100.7,100.00535693687394,100.01597514652607,100.01080156749082,99.44544900252407,98.17287661757267
4654-DLAMQ,97.0,94.89301020499815,94.8833609029057,94.87536307841665,94.444170998315,92.14633645988704
7576-JMYWV,110.2,109.97363335205308,109.98385176050408,109.97407376756897,109.25763614204043,106.74624702958867
9133-AYJZG,98.7,99.94541341758779,99.95848827028489,99.95116438652096,99.6884841002755,97.86396004867797
NEW-07558,30.5,29.96572497209093,29.954511558704034,29.96565288162005,31.165715843672,33.69197126337447
3800-LYTRK,55.7,54.93691305535536,54.940450144846174,54.935949723000455,54.590015733642836,54.064986353099975
3523-BRGUW,19.3,19.99653829726688,20.006452657166264,20.011627367028623,20.425847903328844,21.459159060910398
6847-KJLTS,100.4,99.90385915895817,99.90163067845768,99.89913518090626,99.68260774511533,98.3812566350058
7963-SHNDT,39.1,39.91390523069387,39.926809660158696,39.92993088178303,40.807801938345364,42.00345554987459
8221-EQDGL,61.0,59.98925528264861,60.003807417001354,60.00236847050109,59.52285292286329,59.52381677125752
9003-CPATH,79.9,79.94311890607999,79.954062722441,79.9517814060438,79.94562143881902,79.48169622960461
5296-BFCYD,20.1,19.935824509475115,19.951357840110198,19.955919063812264,20.447136061344168,21.74908532532754
7932-WPTDS,24.8,24.955048714308333,24.945128000270593,24.9663769587995,26.370592596029773,30.663196542195838
9225-BZLNZ,85.25,84.9691893235412,84.95608512252184,84.96147426314675,84.3515091285975,85.74545212500432
6990-YNRIO,108.65,109.96194199712843,109.9587401137136,109.9447550945247,109.30696000444316,106.21385736668803
NEW-07112,96.33,94.90879317185654,94.89951653457959,94.89518908666514,94.82681324712944,93.45522598872525
7480-QNVZJ,95.7,94.91922676084226,94.92474850764714,94.92464613210285,94.87896923426698,94.37080521029876
7550-WIQVA,108.25,109.9458447312148,109.95278185736233,109.94387333237702,109.33412451761865,107.24991317326626
9381-NDKME,40.65,39.97649640580059,39.988591527327955,40.006009370993894,41.14684585285627,44.59804829314645
0942-KOWSM,80.8,80.03746192571867,80.05960852327213,80.05519625778838,79.35529324245582,78.80571521108729
5985-TBABQ,74.75,74.92503796605705,74.93689122271354,74.93367089389031,74.60332494162026,74.0926714500188
6876-ADESB,48.95,50.081385291434884,50.06992482991309,50.075225658226245,49.898861762502946,51.60397201040754
7682-AZNDK,89.85,89.9810418888656,89.99494237162415,89.99038336905633,89.68604210576314,88.55125984732682
0771-CHWSK,74.6,75.00859753518554,75.0058342837481,75.00927193540198,74.43735404082521,75.9348068763369
9614-RMGHA,91.85,89.92510836224616,89.91451110871012,89.91455672185387,89.84877134861617,89.45781649179727
9638-JIQYA,24.9,25.00319786983808,24.994505563449806,25.011069049687706,26.37165700393054,30.105345006735988
6778-EICRF,74.8,74.98552127312004,74.99557964108934,74.99187141795127,74.59480967841414,74.00903709191289
4923-ADWXJ,65.8,65.00012038891313,65.01299538783657,65.01504482667056,64.5748485709669,65.31147907470107
0230-UBYPQ,36.1,34.95467501093926,34.94398902364902,34.95703141285921,35.98125654592458,38.57957546339827
1785-BPHTP,85.45,84.98224982741041,84.99396249710935,84.98802356558105,84.84140177902933,83.27967277482497
2239-CFOUJ,20.4,19.966448479565365,19.95378104096069,19.954207294981316,20.39923770580969,20.45084827639355
3605-JISKB,60.0,60.02202574989281,60.02363139222414,60.02967261455015,59.673873678807894,61.2539483755152
9651-GTSAQ,106.1,104.87489673437744,104.87955187797934,104.8697671508746,104.34023115177428,101.6846955799083
6418-PIQSP,81.0,79.91487324853063,79.9153971902096,79.91017903951007,79.3006478283562,78.2476012174419
8752-IMQOS,20.1,19.9647613733463,19.95757329132888,19.95804164221667,20.403495337412753,20.481854957540136
3503-TYDAY,80.45,79.91560236794984,79.92749472854777,79.92541512172468,79.91758573443161,79.25309881851452
8992-JQYUN,50.35,49.968892530170365,49.959736532807206,49.97448244722681,51.03013311150635,53.74811016264191
1877-HKBQX,54.6,54.922599892025985,54.92386314501742,54.92226204261282,54.58682250994054,54.73245326211537
3351-NQLDI,94.35,94.9240296090651,94.907686513599,94.90061040914924,94.53396618825961,92.87426239949515
6410-LEFEN,45.15,44.995773908517265,44.99496911160853,45.0023290392614,45.0400230340917,46.909557646149835
3896-ZVNET,24.7,24.951887553679946,24.970758747300092,24.971875907365018,25.42080567707397,26.02005832824372
1053-MXTTK,108.65,109.93137101602608,109.9171401808176,109.90429282197496,109.15557814953105,106.24073209017634
9143-CANJF,55.15,55.04413343090828,55.054556961872784,55.05504621388955,54.600659812650505,55.05542500836677
8290-YWKHZ,93.2,94.89501318223112,94.9088269267672,94.90856824193324,94.85980989205319,94.07799700566578
6598-KELSS,43.05,45.00904810043362,45.01380337727924,45.02386204497111,45.9183185152693,48.426192855561446
2474-BRUCM,101.85,99.93315562177486,99.9458495827831,99.93872252868702,99.61787256766439,97.35383717929966
5644-PDMZC,89.5,89.9480256218024,89.9412727861515,89.93537859693424,89.75836289399172,88.15377802267474
6469-MRVET,20.2,19.988514556439306,19.97661275595648,19.984118912993218,20.39923770580969,21.985938881830116
7921-LMDFQ,94.0,94.89580711148756,94.89953486897912,94.8961050638286,94.75030104423846,93.52420645378578
NEW-07679,56.61,55.003989948296,54.994775227014046,55.002108914854425,54.866848239761445,57.05748952032405
3638-WEABW,59.9,59.98032021153948,59.98789635192169,59.995627859085644,59.72264273774735,62.04423946295117
6637-KYRCV,30.5,30.009208933420993,30.005266448790593,30.021829720386293,31.21310410696205,34.93926009274705
5640-CAXOA,40.35,39.93630258413328,39.94778887563341,39.95978199729021,41.08100155628573,43.75555709223605
9818-XQCUV,20.35,19.944469984492102,19.93454660799642,19.935269296371082,20.400302113710453,20.425409135783
1580-BMCMR,87.3,84.92424050608389,84.93402016817583,84.92804520512203,84.69066477183395,83.04681264069445
3511-BFTJW,38.5,40.03203718290959,40.01692766146246,40.02771256021288,40.901320840335835,43.71184694335531
NEW-07701,104.8,104.94834313811765,104.94085602792978,104.9272105700255,104.41461453886372,101.0781432312707
0281-CNTZX,19.95,19.92555747674141,19.924395659461673,19.934635042106244,20.465230995657194,22.659066561569883
1627-AFWVJ,19.4,19.90146410927497,19.92141287846511,19.921620566620838,20.42904112703114,20.726510609525455
7861-UVUFT,84.3,84.90210767790515,84.9088498408918,84.9065121204921,84.82756447631937,83.81195497589943
5122-CYFXA,75.3,75.00402024300456,74.99780612753027,74.99878763049573,74.45920023751775,74.69874671977581
3451-VAWLI,19.7,20.003817331099228,20.0236921828421,20.026969335655245,20.43542757443574,21.39318500253379
4026-SKKHW,50.25,49.97332412057879,49.9654431552735,49.9681213797962,49.82875983432933,50.82124701309983
6906-MPARY,89.6,89.91580186819846,89.92782021929875,89.91863156447897,89.59684705231639,87.5702163892316
NEW-07925,71.83,69.92316609183034,69.9125617986688,69.90708033171447,70.03754013372357,68.75992697587893
8785-EPNCG,23.15,25.036257947528213,25.038395302951717,25.042590898546806,25.406968374364013,26.375278572387437
8775-ERLNB,74.3,74.9475164096419,74.93833717932841,74.93769460206488,75.03462672327024,74.46540072136587
4976-LNFVV,34.3,35.02441438451281,35.03539555238423,35.052574031940004,36.09535980919015,39.78211858960864
2851-STERV,73.0,74.98136086229339,74.99274310033056,74.99759203050623,74.52236140263044,75.60179700099722
9927-DSWDF,104.6,104.92913892946484,104.94245562109853,104.92911794626252,104.23500376287537,100.79049283052767
5791-KAJFD,68.75,69.99279224961256,69.99201529529472,69.99793691829205,69.58845608248834,71.25139858009462
NEW-07312,93.55,94.9360257408007,94.92842385539478,94.91753381110291,94.50684589849602,91.72313959987021
9039-RBEEE,48.95,50.025996547616664,50.039265604674526,50.04613280182897,50.7017332760031,52.317985275847114
0292-WEGCH,86.2,85.0430146190985,85.04557447315648,85.05021423935139,84.37792562162086,85.57289079202546
1530-ZTDOZ,40.65,39.9607151234887,39.96686655466239,39.97860494691363,41.07900022803932,43.259197212413326
0107-YHINA,99.75,99.99103034233602,99.98129695564302,99.97502694435337,99.69416723874681,98.21600601754588
7558-IMLMT,20.8,19.926967201825,19.917915090310093,19.924968353540354,20.469488627260258,22.217483626352657
2074-GKOWZ,89.55,89.96584457447716,89.95725887199447,89.95050193817866,89.83079106548354,87.86730106024986
2692-BUCFV,101.45,99.9575397855763,99.97221951176277,99.96519097095428,99.5651379497508,97.61314974816091
8260-NGFNY,25.2,24.933687553862026,24.922502367591473,24.93377486220253,26.370592596029773,28.85947660494849
1096-ADRUX,74.25,74.89948572759302,74.8838587982834,74.88665168300491,75.10381323682003,75.67459880655588
9089-UOWJG,58.35,60.063418036842045,60.066098164473395,60.07261468453329,59.81833888977907,61.46147162376548
1513-XNPPH,89.4,89.91058717715987,89.9145283533494,89.90713358521099,89.59614374338311,87.75443191060977
8819-IMISP,80.45,79.93689075021032,79.95173444143111,79.95027656187308,79.90481283962242,79.71478674292953
1455-ESIQH,89.1,89.91758770485026,89.90778556357503,89.9022590867113,89.82972665758277,88.12374048133951
3219-JQRSL,89.1,90.01650548996227,90.00279337932693,90.00211719051049,89.14663237623972,89.08749578793761
6038-GCYEC,54.15,54.99916075694728,55.01201884073822,55.022763547556266,55.89286837255318,58.13738949760501
NEW-07583,18.75,19.998784438332947,19.996902987821365,19.99843180887825,20.39923770580969,20.95811579537942
9200-NLNPD,54.05,54.929954610702794,54.928767552389424,54.94191997826489,55.88379879369072,58.360630096217434
2418-TPEUN,19.8,19.97938153045544,19.986122814142213,19.994413567224314,20.45778014035183,22.497221397832437
8149-AIQCG,73.15,74.94561344015332,74.9579478733265,74.95748608236067,75.07507422349934,75.06896767728513
8812-ZRHFP,86.45,84.91188779509201,84.92322573389004,84.91687716108709,84.82017983795467,83.21516700342512
3797-FKOGQ,86.2,84.98514243008452,84.98692544399535,84.98030497433608,84.9296886857694,83.51536168244081
9552-TGUZV,75.0,74.87610506321161,74.87646588542847,74.86781727288009,74.79453840143401,72.65753314843282
4925-LMHOK,58.6,60.061880068229826,60.069577470816185,60.07401024128443,59.676873198014405,61.28629164434056
NEW-07473,20.07,20.01453050048802,20.00238843701478,20.00548805473018,20.39923770580969,20.99089857793883
NEW-07129,115.1,114.93244440636485,114.9355277161398,114.92086125330222,114.07709177812332,110.61069862217077
9227-UAQFT,19.75,19.925815103985194,19.940127022459208,19.93950596233644,20.415203824321182,20.556782106712355
9348-ROUAI,90.3,90.06093469672851,90.06703267490104,90.06186082003569,89.13279507352976,88.52986217532299
0670-ANMUU,97.65,94.91854770021135,94.89526467211421,94.88541620984228,94.53822381986268,92.2458248272402
2446-BEGGB,98.25,99.93581824353126,99.9346345359925,99.93001376638898,99.67038916596246,98.21141435529549
3481-JHUZH,80.25,79.91973532756394,79.93320732478857,79.933757991598,79.91545691863008,79.91485246266944
3679-XASPY,19.45,20.020777526041094,20.009229767448563,20.01421645356517,20.39923770580969,21.287464423536754
2840-XANRC,93.15,94.9193723464189,94.93167699713827,94.9290239167735,94.72156203091777,93.39087438643537
1494-EJZDW,20.15,19.947719058942162,19.95606151674674,19.955615627758355,20.408817376916584,20.526733734040235
1231-YNDEK,19.15,19.94060401661394,19.94564487568671,19.954014242096683,20.459908956153363,22.50931999616728
9282-IZGQK,85.0,84.90373495091495,84.89466088341237,84.89209869999792,84.91904460676173,84.12815887111189
1307-TVUFB,79.35,79.95492139983398,79.9674743385927,79.96711938497559,79.91652132653086,79.83957478138677
7321-PKUYW,90.15,89.93956859806116,89.94178486644421,89.93352609694765,89.74816269028781,87.71075319436393
1430-SFQSA,35.6,34.92163830930633,34.932780121976734,34.93693949193663,35.94506667729853,37.10964742039583
1955-IBMMB,20.2,19.940182240059173,19.94395738904428,19.95244946678199,20.460973364054126,22.5321687149522
NEW-07288,43.43,44.98037145058604,44.969217400138405,44.97218987924889,45.031507770885575,46.00657583444369
0520-FDVVT,102.35,99.90722400947026,99.92099253957278,99.91242903110047,99.57152439715541,97.4711445078132
4656-CAURT,23.95,24.961616334009697,24.95029879876148,24.95816018220228,25.468704032608454,27.40862799094608
NEW-07098,57.33,59.97069859635586,59.97150331178262,59.975229751763685,60.663510238477784,61.33521069497982
4662-EKDPQ,62.05,60.02806507879579,60.01979070178601,60.024272496233515,59.914076651824516,61.118368308586994
1964-SVLEA,19.7,19.904615036904495,19.91215654136363,19.915879216632305,20.419461455924246,21.302584379663944
9367-TCUYN,20.1,19.940252218944426,19.942127738973124,19.943036525091152,20.410946192718114,20.513806594323896
0505-SPOOW,19.8,19.919315634353463,19.90601925375884,19.914421823064945,20.472681850962555,22.135766192715145
NEW-07545,50.58,49.95599842459864,49.94585216894293,49.953012178691694,50.02859436043224,52.03653580012278
7503-QQRVF,74.3,74.96143723175831,74.97032918685032,74.96835201773614,74.89176013156427,74.15544385820978
1304-BCCFO,70.05,69.95568974509038,69.95634744243259,69.9589979872398,69.69956354956828,70.12495890955684
1376-HHBDV,48.8,49.94076379749582,49.95327764291902,49.956137894054116,49.81192301241287,50.868943861532145
0324-BRPCJ,100.2,99.89673044003698,99.88097412388589,99.88250319025195,99.73638245580997,99.29821651966942
5275-SQEIZ,80.85,79.87488491404108,79.86500199521198,79.85714938152113,79.92195801721508,77.96005721658297
7129-AZJDE,78.95,79.91173712767664,79.92342556667094,79.91945141967977,79.95708347794036,78.91885645990234
6917-IAYHD,33.6,35.03001023545903,35.01931115859199,35.024036911419984,36.00396972300121,37.44161744117769
9408-HRXRK,105.15,104.95244767184083,104.96346022692566,104.95522524745675,104.46144848649743,102.38985058957337
NEW-07331,20.64,20.011017179004014,20.00903381478163,20.012222951038197,20.39923770580969,21.19396234463079
9611-CTWIH,89.45,89.89787625224248,89.89077575502172,89.88544579506357,89.83185547338431,88.13869978412909
2868-SNELZ,80.6,79.90347749890482,79.89530179701026,79.88715136593146,79.90304512278837,78.12827891318139
NEW-07133,93.63,94.93739987200127,94.92779589983714,94.91755162340948,94.624849905225,91.9284120533148
1725-MIMXW,19.45,19.999360019776756,19.987543465814202,19.99001149533988,20.39923770580969,21.116539952127503
1845-CSBRZ,85.35,84.98646572671548,84.99641566430142,84.9922949655599,84.96474792955402,83.70724244159801
4195-PNGZS,24.45,24.999857529136314,24.98807333467023,24.996114806658575,25.468704032608454,27.44141077350549
1396-QWFBJ,74.05,74.96084589593688,74.97189713823059,74.96779114141324,74.89708217106809,73.97943712451085
NEW-07410,60.71,59.98196006647776,59.97194725613991,59.96834904698717,59.414432310262086,59.16046219370848
2091-MJTFX,51.2,50.03073286930153,50.04203698268603,50.0497459462195,50.98877019665343,52.416932534115446
8587-XYZSF,50.55,49.97837302675158,49.96986418736918,49.97555925624536,49.89688193997837,51.716024445227916
5914-GXMDA,19.3,19.883326654644023,19.894185161794717,19.89701928639935,20.43223435073344,20.80498996152331
8073-IJDCM,20.3,19.929313268053193,19.91843111214393,19.922134810074894,20.39923770580969,21.116539952127503
0829-DDVLK,20.1,19.970077199200006,19.974033552625777,19.977222574697645,20.414139416420415,21.085680501822726
2782-LFZVW,58.95,59.941740676388314,59.944122906107495,59.9492577415168,59.92365632293141,61.35512609300851
4903-UYAVB,19.35,19.949134897227353,19.94398356391981,19.945797591480225,20.403495337412753,20.481854957540136
9720-JJJOR,60.3,60.03485462736793,60.046624365361964,60.04998924464475,59.52923937026789,60.8659755201068
6572-ADKRS,74.8,74.92591015702311,74.93438933209146,74.93301322339086,74.95279248087542,74.62773711432607
NEW-07637,64.41,65.0322371145757,65.0333971744766,65.03455825088673,65.41305765088286,65.874173435456
NEW-07574,83.85,79.93784051152977,79.92849951114944,79.92322832036609,79.92195801721508,78.07026239164566
4795-KTRTH,81.0,79.9282841247084,79.92639789893838,79.92695412003559,79.8771382342025,79.6757852794618
4349-GFQHK,54.35,55.04027980571409,55.030545264216556,55.03792176738274,54.895948352049615,56.93545751779326
8835-VSDSE,70.7,69.89034213341962,69.8823966558468,69.88224975075758,70.03860454162434,69.60388676497098
8405-IGQFX,90.05,89.89762051652323,89.88659599136898,89.8818139748119,89.67377930319837,88.42597258420969
NEW-07568,20.13,19.983132956173485,19.971301850252726,19.972197135042226,20.39923770580969,20.45084827639355
7706-YLMQA,19.7,19.928318823584206,19.9045388761877,19.912897053263837,20.472681850962555,22.102983410155737
NEW-07513,71.5,69.93610374892904,69.92489870794574,69.91818099528933,70.03754013372357,68.72714419331952
9548-ZMVTX,90.45,89.97380227725364,89.95902107614847,89.95229974160819,89.61093080281344,88.47327471620909
8637-XJIVR,78.95,79.91620565096513,79.92092428681337,79.91642855460928,79.79588262258373,78.83147523052102
0458-HEUZG,35.4,34.91857346181828,34.93089421863199,34.936902000643386,36.04584273009857,37.827571001591416
NEW-07865,82.49,84.93770105401745,84.92830271061226,84.92598680963602,84.94239536363793,84.2223129654618
1755-RMCXH,20.3,20.001579079116965,19.99132205238975,19.992045318061187,20.400302113710453,20.458191918342408
9805-FILKB,20.2,19.979972062529818,19.98614794931622,19.99457439018515,20.447136061344168,22.289135626872817
8384-FZBJK,100.6,99.94031609369367,99.93960653961622,99.93698036788999,99.72467396890156,98.79906523254209
7349-ALMUX,65.6,65.02718821541797,65.05014010733457,65.04551160403831,64.32010498630704,64.1657782952527
7047-FWEYA,103.15,104.86759912356038,104.87721005935775,104.87085658571402,104.50808872963535,102.66991219815448
4452-QIIEB,43.9,44.977840791257435,44.974620851449124,44.97766860419667,45.03789421829017,46.05471796951473
0256-LTHVJ,81.05,79.92051481255834,79.93255640031626,79.93006658300865,79.95069703053576,79.12321310994778
4701-AHWMW,54.55,54.96592876336393,54.96683429468769,54.980159592921694,55.88273438578995,58.338597434108095
0936-NQLJU,20.65,19.950107819545313,19.969296764753913,19.97411771179346,20.441814021840337,21.496818991544423
9743-DQKQW,25.1,24.989356470118352,24.981422293203178,24.99662368354538,26.372721411831307,29.711052054881264
4629-NRXKX,70.4,69.95709947863861,69.94760430323254,69.94341273929979,70.03860454162434,68.90541230667762
0898-XCGTF,96.5,94.86430189591873,94.85744326275343,94.85649237931642,94.89067772117541,94.11353488121156
7868-TMWMZ,110.0,109.89748622312905,109.90368326592484,109.8918979184588,109.14280525472186,106.17791231374125
NEW-07648,60.21,60.022560004238585,60.02335224494901,60.02189834912565,59.48666305423723,59.925363711246355
4065-JJAVA,49.5,50.016049334732884,50.006509988776045,50.01174206901822,49.869761650214784,51.32409540024288
6743-HHQPF,25.1,24.973389150548687,24.984000753923162,25.00375771046842,26.414233319961188,30.65492895857542
3460-TJBWI,24.2,24.970755453178192,24.989759655784678,24.990697304598836,25.42080567707397,26.02005832824372
3283-WCWXT,25.4,24.978347431164003,24.982951801824168,24.98326339462863,25.40164633486018,25.821772182442167
5016-IBERQ,84.25,84.95509621729934,84.9686948767411,84.9643055457297,84.76365156803368,83.69563410648578
NEW-07794,78.16,79.93660638975464,79.9294757300945,79.92815002787411,79.87288060259944,79.40893204906385
8984-HPEMB,118.65,114.89318751290372,114.8817228680389,114.87098398658979,114.15160033117697,111.80961569622147
6979-TNDEU,19.2,19.941939325163496,19.93966513506557,19.94047522541362,20.40668856111505,20.475183384205202
NEW-07530,39.01,40.00989300218813,40.00020197065628,40.012045690536596,41.00455789192635,43.50075129839074
8544-JNBOX,20.8,19.886617123924545,19.869091315641505,19.87668922337914,20.47481066676409,22.313905476770177
3814-MLAXC,79.85,79.93949446918919,79.9528500891495,79.94866637808562,79.86168220793544,79.03855489624883
3911-RSNHI,61.4,59.94415640963206,59.93154745789052,59.943469649579605,60.738018791531424,63.20466571353674
6633-SYEUS,83.2,84.95890477554627,84.97130933430641,84.96012595158129,84.56168822612923,82.13603738851593
3466-WAESX,69.1,70.07129458847308,70.0796536939703,70.08147349802732,69.51677965416953,70.56617328424645
3374-PZLXD,19.7,19.949841034237792,19.9610915801013,19.96294179906797,20.434363166534972,20.804031653048842
1320-REHCS,110.75,109.95684955636207,109.9624503496896,109.9565451076123,109.38182916865732,107.75534322954053
2749-CTKAJ,20.15,19.957591171915254,19.96521385920712,19.966221939785832,20.42159027172578,20.662188724610267
1254-IZEYF,99.95,99.92527382966207,99.93993474352592,99.9363603677294,99.69699936348164,98.5106134330577
2659-VXMWZ,111.3,109.93867452978375,109.92409458444098,109.91727215202718,109.35221945193166,107.63834139260986
5505-OVWQW,20.15,19.902590960064224,19.907615810175077,19.908403927748672,20.416268232221945,20.568206032039118
0130-SXOUN,89.4,89.95666519728312,89.94375520308145,89.93908828155972,89.82648499964075,88.65715800762254
5736-YEJAX,79.45,80.08298397744674,80.0735728860386,80.073503123792,79.25902126904592,80.20608905469501
8111-RKSPX,72.2,74.9418149544666,74.93704195713984,74.93510182359753,75.03781994697252,74.62152698477267
5027-YOCXN,110.05,109.98718386115237,109.99238454064489,109.97638429495035,109.26295818154425,105.61600282577757
7929-DMBCV,81.0,79.86667072041807,79.87669460830729,79.86893016096332,79.72024112309772,77.80798884980922
2860-RANUS,85.8,84.93695205320407,84.9471892276099,84.94515847523047,84.93926835687628,84.25348400230178
4553-DVPZG,101.35,99.88231756367296,99.87512271181717,99.87548077730733,99.75909612069356,99.19454553109063
7010-ZMVBF,20.45,19.97596275474244,19.982171559535377,19.983469119537517,20.417332640122712,20.612684758817153
NEW-07083,69.45,69.91928006006677,69.90881047367135,69.90443132905833,70.03754013372357,68.86528588216936
3224-DFQNQ,89.0,89.88679410666973,89.8737382249935,89.86638753258042,89.48673777619655,87.69531931227246
9494-BDNNC,95.3,94.89136746667533,94.87841336469555,94.87560316665906,94.69383899125813,93.74728666460052
3654-ARMGP,88.65,85.0147796890024,85.0178629923629,85.01708073262827,84.38537647692623,84.70310460482617
8780-YRMTT,47.4,44.904612284689364,44.900424300742614,44.90755923740003,45.690057640573464,47.78449623222046
6745-JEFZB,91.5,89.94879582631125,89.96246350506125,89.95785592754223,89.7737084799062,88.46205374459146
6152-ONASV,58.25,59.9593548517264,59.94120380046772,59.94634870444489,59.644580349830875,60.94607790616754
3422-WJOYD,54.35,54.93693842598817,54.94842020219674,54.94563324396276,54.604917444253566,54.27484128042134
6718-BDGHG,64.85,64.95230873405355,64.96171115125233,64.96948131028383,64.77619138027434,66.58031464715805
NEW-07943,45.95,44.94421760906717,44.93303402715528,44.9455236903042,46.162779119888974,48.657981505663926
2103-ZRXFN,50.75,49.99044481709056,49.979949279627554,49.983941276436546,50.02859436043224,51.338061341829416
9317-WZPGV,79.75,79.91590999958177,79.90775860339419,79.90442667198127,79.92302242511585,78.74329770932846
8383-SGHJU,59.4,59.976617237186915,59.98862679876512,59.99022458723003,59.60732607330406,60.48632110145495
NEW-07146,54.62,54.973529645299074,54.96326293910153,54.97130377428992,54.915925654377084,56.774579463143695
4086-WITJG,19.7,20.007501274625852,19.991346072170806,19.998461086433117,20.473746258863322,22.161879138202394
NEW-07531,76.69,74.94277304973625,74.93359742968597,74.93160941218926,75.03462672327024,74.59868000225052
NEW-07979,78.05,79.9369056521275,79.9291382316328,79.9240682629835,79.7841741356753,78.47195106699276
NEW-07945,24.65,24.958491583136933,24.957825249681736,24.96198820002884,25.39632429535635,26.322384085324558
8944-AILEF,19.45,19.995981324712254,20.002123067410004,20.009646845140274,20.414139416420415,21.8169377426755
2845-KDHVX,68.3,69.90322393577335,69.90213084589777,69.90423696195563,69.48371447071416,70.30756930219167
9138-EFSMO,78.95,79.93068983310846,79.94119454083095,79.933711078309,79.94856821473422,78.0996125586739
3349-ANQNH,99.5,99.87320091500064,99.8684161144466,99.86852846759678,99.75590289699124,99.32743102807667
4115-UMJFQ,35.75,34.949917431992105,34.93066213079126,34.949523443647664,36.14858020422846,40.45871150044471
2050-ONYDQ,26.0,25.001237400960733,24.995908743324833,25.003371299374997,25.46444640100539,27.340767256042554
0923-PNFUB,83.75,84.94039594167629,84.93402280469624,84.92588408979188,84.785691469222,82.68821572122827
4581-SSPWD,75.8,74.91293138046808,74.90643725089174,74.90608313132105,75.03675553907176,74.91020515063802
NEW-07774,64.07,65.0991740316198,65.09960891698714,65.09341845550851,64.28178630187946,63.76281806578105
7103-IPXPJ,99.4,99.88345719605576,99.88818611323723,99.8810818850566,99.6740924819092,97.57050440288664
0876-WDUUZ,85.4,84.93034731044595,84.9262033904208,84.91774713197216,84.72133889646037,82.63235161684804
4837-QUSFT,100.15,99.88713306222746,99.87619705107652,99.86851469716669,99.39344200866347,97.39954219155331
7629-WFGLW,95.65,94.91543503164439,94.91659917011111,94.90892424991578,94.34344768880626,92.45665823019878
8097-OMULG,76.75,80.05872450236433,80.05360670582463,80.05274587233677,79.38616107157803,79.35788838575444
2542-HYGIQ,19.95,20.011534447073117,20.000606510265328,20.003796215563177,20.39923770580969,20.95811579537942
9134-CEQMF,89.5,89.91435212909403,89.91298293256907,89.91042829024417,89.83611310498736,88.44051194822134
NEW-07741,48.52,49.99996148338377,49.988835798196924,49.98968753489066,49.869761650214784,50.52026203565909
NEW-07289,102.42,99.94755036652538,99.93779834266098,99.92742637465011,99.57636065953452,97.03193120786955
6586-MYGKD,76.95,79.97931407637192,79.96809576895637,79.97099050440445,79.43889568949162,80.2559423396366
5457-COLHT,80.65,80.03476038031503,80.02467516466405,80.02054832015182,79.27899857137339,78.68104486601813
5914-XRFQB,115.8,114.90913342980355,114.89676152360565,114.88581032836527,114.15266473907772,111.57221759756207
NEW-07699,96.34,94.9402364573339,94.93075947699882,94.91792630159144,94.57927406998785,91.26575430522898
1635-FJFCC,44.05,45.010880637901295,45.00599173574332,45.014648833716635,45.03576540248864,47.27610727542891
8029-XYPWT,115.05,114.92178794702937,114.91119717306506,114.90175730363461,114.15160033117697,111.78167918243433
1393-IMKZG,95.85,94.90809452144796,94.89811551249429,94.88946878494974,94.624849905225,92.22497789891273
0707-HOVVN,75.5,74.99911726524594,74.9880320004856,74.99552021994849,74.51053826454162,76.62728824835894
4476-OSWTN,110.55,109.85371379757083,109.83487409311404,109.82567211029573,109.31121763604621,106.70877159015043
9249-FXSCK,111.25,109.91407449697905,109.91915781902425,109.90625405932397,109.26402258944502,106.30263908805341
NEW-07771,64.57,64.98135249336823,64.9824182758801,64.97480946250009,64.28178630187946,63.22276776423577
3235-ETOOB,74.5,74.91374963307922,74.91439380262432,74.90983659140304,74.79453840143401,73.49414929557602
2933-FILNV,24.4,24.955928479440203,24.946199994952615,24.960648571932936,26.37165700393054,29.59807748775012
3892-NXAZG,114.05,114.97887294713246,114.96534476865858,114.9531385616248,114.15266473907772,111.57221759756207
NEW-07497,20.15,20.018157733961317,20.01567661524553,20.017565036100727,20.39923770580969,20.99089857793883
1942-OQFRW,44.0,45.01801602045365,45.00714531733424,45.01420919777183,45.031507770885575,46.84319198158689
0727-BNRLG,97.65,99.94486680484285,99.93624979445084,99.92993184991204,99.51550621947885,98.38769467309466
3234-VKACU,70.3,70.02198719827376,70.01256585200966,70.01238113995942,69.61988195028778,69.51175318198574
3677-TNKIO,71.0,69.92721658801975,69.93241235253818,69.92965988344035,70.05137743643353,69.38387931376505
3884-UEBXB,36.15,34.98452708232567,34.97783612447729,34.98898155103235,36.028644809214626,38.82186228155774
NEW-07907,59.74,60.02637342915642,60.01611889974656,60.021219562426765,60.663510238477784,61.63177654057775
1541-ETJZO,62.05,60.01200995194244,60.00194820442458,60.00193354433206,59.69107159969184,60.200078788223266
4274-OWWYO,74.35,74.93947068034882,74.93108075988229,74.92749929426132,74.87579401305277,74.04466375911872
0003-MKNFE,59.9,59.97703062198977,59.97698871483835,59.97890618942289,59.92152750712987,60.6373400296558
0637-UBJRP,84.05,84.96835811286172,84.97277571891242,84.9621112138446,84.68427832442934,82.07754692042411
7054-ENNGU,50.85,49.96209289532844,49.963069865062145,49.96556332564379,49.87827691342091,50.58662770022203
9874-QLCLH,104.2,104.95954662035277,104.96844706271298,104.95963705237125,104.46074517756415,102.2394176204931
7029-RPUAV,100.45,99.96139626496544,99.9707409204739,99.96716917581907,99.71119776515907,98.33821004196372
0093-EXYQL,91.55,89.89450326038715,89.9054797906625,89.90358318296029,89.87123856571264,88.84755506546506
4566-GOLUK,107.35,104.97850313086903,104.98670845897038,104.97939366993849,104.53825324982428,102.6728074548038
NEW-07224,75.55,74.92120927761809,74.91227146155333,74.90514458414233,74.78708754612865,73.10768277704763
8329-IBCTI,19.65,19.94489176104687,19.93352731434398,19.934242510585932,20.39923770580969,20.418065493834142
7266-GSSJX,20.45,20.019849166997997,20.021190478445757,20.0291520388501,20.40988178481735,22.071616151452403
0011-IGKFF,98.0,99.94091310229882,99.94771048574995,99.94258568066392,99.54810742333855,97.740130210876
4835-YSJMR,49.8,49.9746042772914,49.99470455562371,50.00026350297784,49.86707851875692,51.81662568689014
2890-WFBHU,79.85,80.01370081279234,80.010585200977,80.00819037553617,79.22502643316207,79.17001227515023
NEW-07037,20.6,19.99297378196952,19.98213471039807,19.985523270334795,20.39923770580969,20.95811579537942
4024-CSNBY,94.25,94.89524729202637,94.88269023150193,94.87587487020127,94.36047821521852,93.01223745668528
8035-PWSEV,89.25,89.91311783648847,89.9105495232465,89.90301883978944,89.5897572959785,87.6981292087829
8993-IZEUX,69.15,69.94605475129144,69.94389431232491,69.93799289246586,70.04392658112816,68.61686217164248
8752-GHJFU,92.0,94.91239778982745,94.8916300237396,94.88875636810252,94.35941380731776,93.51826488715545
5119-KEPFY,95.0,94.91039868589428,94.92428030319229,94.92105650342661,94.86406752365625,93.6103216345538
2465-BLLEU,19.75,19.948181167551443,19.937432020628517,19.94095620730871,20.39923770580969,21.116539952127503
7401-RUBNK,74.8,74.90624246102698,74.91522098490083,74.90816216434786,74.80518248044167,72.9003934293352
1907-UBQFC,72.85,74.94790743202697,74.95067568426511,74.94889473305614,74.88537368415967,74.35639576601677
2761-XECQW,43.35,44.952371257926345,44.95358719205241,44.96575086750448,45.968069205773226,48.35829475616378
1273-MTETI,88.85,89.92689278067763,89.92237519660233,89.92079497398393,89.7895918220814,89.14763243170606
5692-ICXLW,90.7,89.95418171182297,89.96872091955859,89.96715809070027,89.81258147999011,89.27770040979425
3439-GVUSX,24.4,24.952555453360276,24.941503276076055,24.952596259436344,26.370592596029773,28.85947660494849
NEW-07919,60.76,59.95764552624325,59.94760242084528,59.95127954141964,59.688823823658346,60.445438776637914
5789-LDFXO,24.6,24.966224360051235,24.97609575022369,24.9821365652895,25.42080567707397,26.823891692827516
9967-ATRFS,19.9,19.937299783061057,19.944609031927964,19.945768359134842,20.41839704802348,20.591869939368234
8040-MNRTF,71.1,69.88163549019916,69.87088255647552,69.8624120105354,70.03754013372357,68.02866973502616
2651-ZCBXV,108.0,109.93603331123572,109.94912340218158,109.93507146513065,109.26615140524656,106.34534431781277
NEW-07948,45.71,44.97403319590408,44.96230216993129,44.96783800446921,45.031507770885575,46.546626135988966
9052-VKDUW,109.4,109.9462545641058,109.9368733381219,109.9313437730637,109.35009063613013,107.52784437531557
0822-GAVAP,34.7,34.94529187151854,34.936568108691624,34.95273694026253,36.256074887422045,39.634823875597355
1150-FTQGN,94.15,94.94662457412431,94.94146102174244,94.9323797864943,94.59299672151741,92.48014634392493
4079-VTGLK,74.85,74.99074369923872,75.01298477683194,75.01885810116023,74.71900270503104,76.0874722770931
7746-AWNQW,35.75,34.92828622874151,34.94025795067273,34.951424085329116,36.06180884861006,38.71372547329793
7310-EGVHZ,20.2,20.011841681467768,20.001135618882657,20.004344667568613,20.39923770580969,20.95811579537942
3763-GCZHZ,104.05,104.87803149196328,104.86483560367341,104.86065577586427,104.52937688765067,103.11328562925979
2826-DXLQO,29.8,30.00447215801665,30.00318575234796,30.01560573708717,31.126526455839446,33.55678665555842
NEW-07872,69.24,69.90370156707309,69.89371427147131,69.8923236285473,70.03754013372357,69.56376034046272
1842-EZJMK,103.7,104.98708963816492,104.99318485612591,104.98330267886271,104.51234636123841,102.05140782154264
4999-IEZLT,29.45,29.965605003316234,29.948871961957195,29.96354165147358,31.234902357221806,34.543900345812915
NEW-07418,82.94,79.8989264518118,79.88786903460299,79.87929353936258,79.94530877409127,77.59158340189087
9170-CCKOU,90.2,89.99369525227655,90.00487920324471,89.99428545608927,89.50681253303415,87.16530059438102
3597-YASZG,104.45,104.88408114584003,104.87390782108912,104.86952558673363,104.53363451925374,103.15429792594361
4585-HETAI,73.75,74.95286785129132,74.94707229360975,74.94518338482968,74.90808734904324,74.38017013436493
NEW-07160,80.52,79.94202581139348,79.9339285878022,79.93246992103764,79.9019807148876,79.39224281363059
1215-FIGMP,89.9,89.9401549021187,89.93623519867108,89.93439058168639,89.84344930911234,89.30534973747606
7766-CLTIC,60.95,59.941463802534514,59.94212997673211,59.94291984787412,59.720628573126206,60.115086191220385
2085-BOJKI,96.65,94.88497711657988,94.8928846963806,94.88654245394835,94.7141111756124,92.77087798532662
9531-NSBMR,19.25,19.927080733452627,19.93793708096821,19.945489574405634,20.436491982336506,22.075468962539862
NEW-07535,105.29,104.9438150467895,104.93721418110678,104.93122526122755,104.53242111807603,102.7296922187613
2550-AEVRU,53.45,55.00218892617612,54.99959040733342,55.00392735883723,54.678915905062766,56.02751950758656
2379-GYFLQ,94.9,94.94125848163858,94.95082163338216,94.94621943566506,94.69590159011898,93.76719315798114
8757-TFHHJ,49.8,50.038505903108565,50.02907810508347,50.033195398084196,49.78105518329065,51.08558887646515
3413-DHLPB,103.75,104.97773083067861,104.97355532443561,104.96639997587789,104.52299044024608,102.67228296087212
NEW-07172,67.04,70.03807361897111,70.02959769499394,70.02705540840958,69.27887289142612,69.35808663620529
1004-NOZNR,94.8,94.97389607977033,94.9711737111904,94.96045211257675,94.63781650452998,92.01288337048267
9555-SAHUZ,54.5,55.04575505682306,55.05824951023505,55.06096693641176,54.65869215494821,55.650245799072025
9564-KCLHR,51.25,49.989746166681996,49.97854825754226,49.97822097472115,49.826631018527806,50.107813252016896
0601-WZHJF,46.35,44.96679750919615,44.97171146995544,44.984430843753344,46.17661642259894,48.40554049442815
2521-NPUZR,101.0,99.92898455356425,99.9193041526413,99.90561539048437,99.24568069336183,96.16269260440328
6034-ZRYCV,54.2,54.9053618008227,54.890760499261994,54.90774833454364,55.943959951789964,59.42637910594057
9114-DPSIA,81.0,80.06926128007319,80.05491925486973,80.0531123469483,79.23886373587203,79.52458212107288
1658-TJVOA,74.1,74.92089568446026,74.9183444041816,74.91435355416002,74.79240958563247,73.6795335705598
4324-BZCKL,55.55,55.00946189676123,55.01139257010464,55.01513514349867,54.74669531293905,56.05540198041979
4043-MKDTV,105.25,104.88197412930879,104.86977727653363,104.86339380869197,104.40496632922522,102.67042468921234
2041-JIJCI,64.0,64.99881711936202,64.99615264888527,65.00324378719316,64.75552375485603,66.61797507033201
2599-CZABP,44.6,44.96404289203661,44.96783349262204,44.97609916534097,45.045345073595534,46.99265958304656
NEW-07285,96.01,94.93480911590527,94.92529221563788,94.9165582284021,94.82681324712944,92.46018568483396
9644-UMGQA,49.15,50.04564009930271,50.04232295679296,50.04829490516986,49.78637722279448,51.454375903285374
0136-IFMYD,109.95,109.90512378959392,109.89710716586058,109.89311161630576,109.39992410297035,108.1858028737668
7878-JGDKK,44.55,44.97910612092174,44.97213281897494,44.975133838651715,45.03470099458787,46.029422816965834
8552-OBVRU,104.5,104.95800563741747,104.96513960478953,104.95584544133172,104.29177848058346,101.73407913542464
0562-KBDVM,44.6,44.951007199392954,44.940477230030396,44.95085318849021,45.69431527217653,48.42627812679612
0201-MIBOL,102.4,99.87950023877431,99.87498047102588,99.86978720938382,99.64554717308431,98.27813099630745
NEW-07742,101.04,99.95679502580333,99.94901384995083,99.94415589453911,99.66506712645864,98.17197595663261
NEW-07894,98.04,99.90292577424779,99.8950573365264,99.88764793745938,99.57636065953452,97.32849705346747
0164-APGRB,114.9,114.89276573634896,114.87941804553975,114.8688281534804,114.15266473907772,111.83600066060058
4450-DLLMH,71.3,69.9511458061752,69.94288575233385,69.93970619802057,70.03860454162434,69.27453813681365
4323-SADQS,34.5,35.02677704161813,35.02472154691893,35.03553183669369,35.92164970348168,38.417217827771545
4521-YEEHE,88.85,89.90810001208541,89.91716545953723,89.91336782879488,89.75561354559318,88.51816964801802
NEW-07864,18.48,20.031214977096138,20.01990924630682,20.023477894791093,20.39923770580969,20.99089857793883
6340-DACFT,20.55,19.997490682777716,20.009776852868242,20.014409542144676,20.45139369294723,21.670631250260975
NEW-07118,66.24,64.99053324529682,64.98131543397118,64.97637265153162,64.52707770298755,63.65503465289586
1751-NCDLI,98.85,99.92016662871853,99.92983514264213,99.9298561708733,99.74206559428129,99.08439793999729
9026-RNUJS,50.35,50.040752073661565,50.03573646205586,50.04379585959038,49.903119394106014,51.87082524080549
4189-NAKJS,51.55,49.995412220147585,50.00664668480495,50.01660589297444,50.05520455795139,52.84178281794766
6813-GZQCG,24.65,24.994094439062405,25.011238157821822,25.01937648626335,25.443158242990066,27.60130866106782
8387-UGUSU,20.05,19.977228084406743,19.981250610389797,19.98243473147142,20.414139416420415,20.578412982836856
7503-ZGUZJ,84.65,84.90005648414984,84.89037479341641,84.88396749111307,84.94239536363793,83.38569681831859
3887-PBQAO,25.9,24.990159971194455,24.997420870973748,25.006751052887367,25.443158242990066,27.60130866106782
4526-ZJJTM,88.4,89.93794160725051,89.95188878253094,89.944816611238,89.65311167778005,87.56327046004839
2904-GGUAZ,84.05,84.8736821571745,84.86069130670492,84.85788260230575,84.6980009759589,84.15022001029142
1036-GUDCL,79.05,80.07315644965628,80.06850689121578,80.06743750976739,79.2694189002665,79.15919183508674
2012-NWRPA,99.55,99.91606090863716,99.92003452436873,99.91806262623561,99.70481131775448,98.57031261897896
NEW-07166,25.75,24.989284988911592,24.988427876509263,24.99405228741717,25.39632429535635,26.558230634575928
9912-GVSEQ,93.85,94.92157725315154,94.93672457764796,94.93513446885285,94.65126267522749,93.90366836667891
3594-KADLU,35.1,34.95521921873795,34.94836603535802,34.95309431128892,35.91739207187861,36.848944390053504
5922-ABDVO,89.65,89.87332965771243,89.8832420441168,89.87457343938328,89.8055579405929,87.56043552258947
2348-KCJLT,61.5,59.91546052505741,59.92612154964283,59.92831984092878,59.532432593970185,60.381414468106954
5312-TSZVC,19.65,19.95461336539907,19.957065801890113,19.956724157751566,20.414139416420415,20.545630200277447
5318-IXUZF,87.15,84.93567667629243,84.92863427507561,84.92205651070583,84.78462706132123,83.082508673083
4957-TIALW,65.6,65.08340444958554,65.08907639106849,65.08330988490277,64.2966880124902,63.85759998966494
3521-MNKLV,49.7,49.967282515588636,49.978218713818286,49.98415653021498,49.923343144220574,51.70355486602214
8436-BJUMM,83.75,84.96539783527487,84.97731337575371,84.9759712834587,84.96900556115708,84.52029246430081
5882-CMAZQ,34.25,35.034162142510624,35.029693508394494,35.03996851636959,36.00822735460427,38.34202305202689
3209-ZPKFI,54.25,55.063830074342974,55.07175538900071,55.08044434035779,54.915811003196694,57.307710772911236
1436-ZMJAN,67.8,70.00304275506362,70.00506512453305,70.01039335289471,69.70062795746905,70.67452900418587
8661-BOYNW,84.4,84.97179304252006,84.95720077024023,84.9598640793593,84.30837849691052,85.0692202783236
7356-IWLFW,80.0,79.97924274807046,79.98912236863993,79.9876607930972,79.92077895813392,79.71212879410655
NEW-07467,47.63,49.98761497772369,49.98749760967431,49.989266671794034,50.667035131185955,51.33494565833389
1768-ZAIFU,25.2,24.96798637140703,24.957464909547525,24.97747762237438,26.370592596029773,30.630413759636426
3990-QYKBE,92.5,94.91177219895553,94.92508888687094,94.9250216806985,94.86513193155702,94.15959833256709
NEW-07879,19.97,19.91327385280845,19.91082288341543,19.910056706667184,20.39923770580969,20.418065493834142
4936-YPJNK,19.9,19.925517279060287,19.925895209566495,19.929739106709768,20.408817376916584,21.19242540977419
1488-PBLJN,116.85,114.94144438253062,114.92787206030675,114.91604421916261,114.15266473907772,111.57221759756207
3466-BYAVD,69.5,70.02555564691895,70.03242373115951,70.03064461026202,69.43155848357662,69.44123167005306
9441-QHEVC,19.1,19.963759660545115,19.952528222828562,19.953063907819747,20.39923770580969,20.418065493834142
3472-OAOOR,34.95,34.99159765077484,35.0015066185189,35.00988281477983,35.97755322997785,38.08592999217417
NEW-07786,77.14,74.94277304973625,74.93359742968597,74.93160941218926,75.03462672327024,74.59868000225052
8887-IPQNC,44.25,44.930456741666816,44.92818683148756,44.93563884287695,45.03789421829017,46.7859752103675
8919-FYFQZ,30.35,29.972681435729065,29.98344301738086,30.004648629535318,31.254616015091933,35.70550962400286
2637-FKFSY,46.1,44.93214384788589,44.92477448010812,44.932168223515255,45.03363658668711,46.75279237808603
2612-PHGOX,76.1,74.99534542630303,74.99511194864088,75.00115722853026,74.50415181713703,76.27325920547257
1159-WFSGR,20.4,20.014450877719586,20.019532998007755,20.024844312000603,20.415203824321182,21.426181036414963
8063-GBATB,85.25,84.90500150116208,84.91785994891794,84.91780982770422,84.94671921218165,84.64334625088824
6184-DYUOB,19.6,19.915532057844967,19.90808530279828,19.913042252086115,20.40136652161122,21.164282037476482
1564-HJUVY,63.75,65.04294379966574,65.03819610132643,65.03978264850925,64.57584676192701,65.17715553064703
2277-BKJKN,99.2,99.86596425438566,99.85357633760546,99.85233245814585,99.609843081583,98.80503382089049
6022-KOUQO,29.05,30.028963709452487,30.019234450610607,30.030068127665103,31.166780251572767,33.540890748575244
4361-FEBGN,20.15,19.978960940258883,19.99347593863065,19.997542011851642,20.4492648771457,21.597319389077086
6754-LZUKA,80.9,79.9927745502024,79.99672433429942,80.00049742558657,79.590253229284,80.63464996981237
4994-OBRSZ,76.1,75.07802794574027,75.09323556119008,75.0840717165567,74.18004148808093,73.07963312538534
3969-JQABI,65.25,65.00461851760895,65.0032714083482,65.0086810713808,64.58774895333123,65.7790719377884
2157-MXBJS,75.3,74.92852362926946,74.9328302585583,74.93631758287344,74.700907770718,75.4961557026287
3739-YBWAB,35.35,34.90856391898423,34.920610718186225,34.929090287235695,36.02474827657904,37.912406407378455
7083-MIOPC,20.25,19.94997040344622,19.932265805278313,19.93952923163361,20.47481066676409,22.15548132002209
0219-YTZUE,84.8,85.0091477821266,85.00585014036814,85.00137188895728,84.74342781791911,83.89599321480873
4500-HKANN,59.7,60.01406494964732,60.034170698991396,60.03218210584787,59.68538846122053,60.17738144751267
9895-VFOXH,24.4,24.933687553862026,24.922502367591473,24.93377486220253,26.370592596029773,28.85947660494849
8671-KKKOS,45.55,44.96844421587543,44.97804803232921,44.98889172263315,45.91406088366624,47.977096943743895
6652-YFFJO,64.9,64.97437010069298,64.97617459498139,64.98261604951931,64.83433837375244,66.18732385037933
3396-DKDEL,115.15,114.96084860074373,114.95090601779873,114.93858336462559,114.1505359232762,111.51971968769573
5485-ITNPC,85.9,84.98145878351627,84.97848020368582,84.97726841155057,84.14315933928847,84.06440868669713
6064-PUPMC,57.2,55.05686884701357,55.06621285987289,55.06456422615036,54.599595404749735,54.745531105199056
9169-BSVIN,74.75,75.04109595294562,75.0448955513231,75.04709128404407,74.69984336281725,75.29461291356188
2718-GAXQD,46.0,45.04835672708879,45.040965190555205,45.05007752655708,45.03470099458787,47.134668295919816
6581-NQCBA,49.95,49.94088227969065,49.947701644892504,49.96035883147744,50.9738684860427,53.227284164272675
0129-KPTWJ,94.65,94.88689433111901,94.86248044763278,94.86303841554886,94.77265361015455,94.11466881736224
4332-MUOEZ,94.3,94.99264929255355,95.00168391295827,94.98703134521386,94.35420641899431,90.95881254775878
8357-EQXFO,95.35,94.90837956477932,94.90685617379432,94.90087758684852,94.70346709660475,92.9326626452312
5550-VFRLC,69.85,69.91593430774415,69.90584509843157,69.90611477070725,70.03754013372357,69.79960688971408
0103-CSITQ,109.4,109.8855874512689,109.88565178030919,109.87836755168553,109.38715120816116,107.36451683333803
NEW-07101,102.76,99.95028894116575,99.94186498931559,99.93523309754815,99.69416723874681,97.91944017194797
7693-LCKZL,80.15,79.98609813576088,79.98337942564837,79.98103966314063,79.8771382342025,79.43993873021044
0594-UFTUL,19.85,19.98136104402085,19.984303913709315,19.98823150622909,20.41201060061888,21.255399684935988
6668-CNMFP,89.35,89.9186439591004,89.92700575539061,89.92006047240656,89.73332719661775,88.13941767118068
NEW-07252,106.36,104.96719015494324,104.96023056924199,104.95158736602835,104.53242111807603,102.40034359060397
2082-CEFLT,45.6,45.002437527459975,44.9920491151342,45.00210149726079,45.031507770885575,47.54166643988025
5394-MEITZ,80.6,80.00923013608198,80.0131201081048,80.0145590214406,79.3872254794788,80.07948358172457
NEW-07875,61.04,59.98861420009607,59.98006253108634,59.98759096033886,60.663510238477784,62.03368515327318
2898-LSJGD,55.95,54.96428583518567,54.973566335021324,54.98336179380206,55.80096868192675,57.787154873255375
6142-VSJQO,44.35,45.03224827414339,45.02150222141662,45.030496165709195,45.031507770885575,47.277883376841736
4505-EXZHB,74.4,74.9415943367199,74.93823096255105,74.93486291272521,74.91021616484477,73.90135085890427
NEW-07374,25.43,24.974411412345553,24.973537756625888,24.979254108321058,25.39632429535635,26.98807576105851
1265-HVPZB,66.4,70.01528117619566,70.01182738200694,70.01319532893947,69.45616735284938,69.8642262271006
8640-SDGKB,74.4,75.01775557092648,75.01203384238687,75.01415178548932,74.48936475770668,74.98651100967305
2133-TSRRM,105.35,104.9825793743484,104.99705029495044,104.98350726525535,104.32000740165972,101.29531252461575
0637-KVDLV,76.5,74.93222105652109,74.92446635309749,74.92392320875392,75.03569113117099,74.90258948979731
0305-SQECB,36.05,34.94596274702553,34.94626046614076,34.951723710831445,35.92590733508474,37.585354032620174
NEW-07951,20.64,20.011889664593042,19.999629144091678,20.00448101779402,20.39923770580969,21.656590253672782
7473-ZBDSN,18.8,19.946031952723096,19.95814422166554,19.957813199562224,20.413075008519648,20.56753309529381
0060-FUALY,94.75,94.90540393051143,94.9038305872911,94.90037683531978,94.59193231361664,93.45206591013944
8749-JMNKX,93.8,94.94560543915236,94.95211453573978,94.94910287484227,94.61251716269868,93.49605000265029
3043-TYBNO,60.65,59.9788626309098,59.970754089925464,59.968252754570194,59.71317771782084,59.35568557806991
2027-WKXMW,108.75,109.90817171699163,109.90094171301061,109.89611950200828,109.39353765556575,107.80062316167219
0754-UKWQP,95.85,94.92935634705142,94.92147292462062,94.91524704491971,94.69814505710092,92.89186415210902
3778-FOAQW,20.15,19.886700867082162,19.896098135777176,19.89844378877021,20.42371908752731,20.688572820857992
NEW-07609,19.97,20.037025633459564,20.034677523730114,20.036386433334542,20.39923770580969,20.99089857793883
3090-QFUVD,20.3,20.011534447073117,20.000606510265328,20.003796215563177,20.39923770580969,20.95811579537942
8818-XYFCQ,99.55,99.98889556893221,100.0028374434265,99.99374768586168,99.60935730445826,97.38607289299931
8364-TRMMK,50.65,49.95515487148911,49.94784326887421,49.955020284277786,50.03072317623377,52.05149510291235
0031-PVLZI,20.35,19.981867626509185,19.974217269089262,19.975141094445057,20.402430929511986,20.473695258915697
6252-DFGTK,68.1,65.0031810087837,65.015823102155,65.01663418378946,64.4789376965245,65.04914316654184
0117-LFRMW,40.2,40.05985660546128,40.07357409270566,40.08202731712855,40.86406656380902,42.9502244307437
9534-NSXEM,20.65,19.968727063602138,19.979225628005956,19.98572852435764,20.425847903328844,21.921786969952393
NEW-07459,80.55,79.92476222457975,79.91506073936807,79.912959842204,79.92195801721508,79.03251991297753
4800-VHZKI,19.9,19.929313268053193,19.91843111214393,19.922134810074894,20.39923770580969,21.116539952127503
6789-HJBWG,49.4,49.99583129963677,50.00001421120515,50.00842838301241,49.881470137123216,52.118310959026
NEW-07871,90.74,94.85960448824291,94.84925688544072,94.84155688408015,94.624849905225,92.25776068147212
NEW-07711,24.32,24.990157474500624,24.979023205819303,24.98631035417299,25.39632429535635,27.02085854361792
NEW-07881,24.24,25.04709899996409,25.045409403219267,25.048137830522208,25.39632429535635,26.322384085324558
4791-QRGMF,99.5,99.87733586778418,99.87362876555224,99.87171950032169,99.75590289699124,98.82780141578678
0376-YMCJC,90.6,89.93779668590852,89.94908844506949,89.94410455002958,89.760935585097,88.54794686992966
8443-WVPSS,99.85,99.92712998863209,99.9306091890509,99.92114808372378,99.4726834556611,96.81454955777481
8644-XLFBW,71.65,69.9348022072424,69.92484600691616,69.92493616794107,70.03754013372357,69.79960688971408
1402-PTHGN,61.5,59.974789865046716,59.98281696542256,59.979621031482466,59.43252724457511,59.322298676132085
6311-UEUME,78.9,79.89695004448119,79.9091599176882,79.9069778751682,79.97511219531272,79.19927257376739
6115-ZTBFQ,65.5,64.94782272045732,64.93374474894792,64.93870808612196,65.48863061183727,66.37306450180532
9885-CSMWE,78.45,79.93657102167941,79.92579695179883,79.92131285788551,79.94530877409127,78.42819954903408
NEW-07174,68.19,70.09221645656653,70.08325798927048,70.08599625874494,69.56974012777137,70.51857683807002
7139-JZFVG,60.5,60.046353833688975,60.05069368899021,60.05190247715211,59.54946312038244,60.56027984716403
5533-NHFRF,44.4,45.00055955878746,44.999780439125,45.01218678277141,45.894774053897315,48.493609754200115
8270-RKSAP,70.5,69.9191952541332,69.91953988271477,69.9180862645045,70.0460553969297,69.63012600502566
4112-LUEIZ,89.5,89.91379171585737,89.91524966099757,89.90986338334618,89.83930632868967,88.1996259389862
3963-RYFNS,116.45,114.90320318740399,114.89009752439802,114.87808959470632,114.15266473907772,111.53943481500266
2808-CHTDM,25.1,24.952309330234712,24.97078417586673,24.971849373232445,25.41974126917321,26.006730270673927
0847-HGRML,20.0,20.005674255613854,20.00381765226115,20.008645333474853,20.464166587756427,21.903872526364754
5542-TBBWB,69.9,69.92256946657133,69.9127151799559,69.91114502578111,70.03754013372357,69.56376034046272
6094-ZIVKX,54.45,54.96801701709046,54.94952163791203,54.95779329250043,54.71972450425936,56.93982668576321
2070-FNEXE,76.45,74.94648985195423,74.94490194202436,74.9365221517611,74.79347399353324,72.69319700307668
NEW-07221,81.02,79.9719070041848,79.96409383657263,79.96175482282942,79.87288060259944,79.3154299701579
4911-BANWH,86.55,84.98635682626013,84.99848632809855,84.99478095731178,84.97432760066091,84.26438459628896
6437-UDQJM,84.1,84.99155228087264,84.97836631972304,84.98397839452718,84.3515091285975,85.68473282865776
1015-OWJKI,19.05,19.963759660545115,19.952528222828562,19.953063907819747,20.39923770580969,20.418065493834142
4192-GORJT,94.45,94.91515336028843,94.91190897205944,94.90695394279504,94.70133828080321,92.94830997386616
8750-QWZAJ,19.8,19.970494486578772,19.956130698944524,19.96347711109611,20.472681850962555,22.135766192715145
4797-MIWUM,20.25,20.03197372427211,20.02921740390208,20.035670316461655,20.405624153214283,21.737515171303237
5697-GOMBF,35.9,34.999897820496514,35.01094795710777,35.03028728924002,36.30710024971816,40.2840206234714
8263-QMNTJ,115.55,114.8986959787485,114.88608204474738,114.87654888713934,114.15266473907772,111.86878344316
9787-XVQIU,75.3,74.93264283307586,74.92344705944504,74.92289642296878,75.03462672327024,74.89524584784846
7233-DRTRF,102.4,104.9176649003939,104.91061176409133,104.90890980376983,104.59841440792351,103.69938574409898
2680-XKKNJ,58.2,60.0044269493841,60.00401413920689,60.00001559761847,59.42188316556745,59.02637314477205
NEW-07342,104.0,104.8834982847653,104.88502097299104,104.87542330596386,104.44371465115188,102.08927708228812
8234-GSZYK,26.45,24.972582524433648,24.991086772181077,24.995889051410895,25.441029427188532,26.83224253050917
0401-WDBXM,105.55,104.93403635215543,104.91917653146109,104.91248025244397,104.51928761210628,102.99007676133286
3059-NGMXB,69.2,70.03713440760998,70.04372864147973,70.03963522644385,69.514650838368,69.04183366739134
5498-TXHLF,87.45,89.9709246350881,89.98340396490237,89.979066801041,89.84487481598059,88.70336747776318
6260-XLACS,19.7,19.92694195477445,19.918921923888472,19.919196629927846,20.402430929511986,20.44091247635629
0743-HRVFF,56.15,54.95393699514865,54.95644885910457,54.96957965480461,55.87847675418689,58.54975282018729
NEW-07163,24.95,24.958491583136933,24.957825249681736,24.96198820002884,25.39632429535635,26.322384085324558
9795-SHUHB,58.2,60.02512174431208,60.020324089241896,60.022700014222856,59.483618823811895,60.7436485169997
6728-WYQBC,20.95,20.011841681467768,20.001135618882657,20.004344667568613,20.39923770580969,20.95811579537942
4860-IJUDE,73.75,74.95357652356272,74.95884152707723,74.95155960106861,74.79986044093783,73.21375972729669
0643-OKLRP,80.35,79.91631704811431,79.92495205840977,79.92260757166197,79.83313689911054,78.92523608627191
2832-KJCRD,103.65,104.91475257418203,104.9276027337031,104.92089208312879,104.52867357871739,102.770122769206
NEW-07790,82.16,79.9072088855603,79.89858593082198,79.89081357481379,79.58221079377087,77.53826882277816
NEW-07642,49.18,50.01744118337752,50.00934906464579,50.02263527907628,50.77909235498628,53.33318452485903
6582-OIVSP,45.3,44.961503551087795,44.95021649165382,44.95336848201507,45.031507770885575,46.00657583444369
3284-SVCRO,25.5,24.89185139380452,24.90914371891483,24.91287519376597,25.443158242990066,26.36278390122918
7216-KAOID,19.5,19.997659438297326,20.006120031708853,20.011096018454083,20.441814021840337,21.496818991544423
NEW-07443,89.16,89.92947736046551,89.92133521888215,89.91511197035504,89.71416785440397,87.96561322564659
4566-QVRRW,44.05,44.96641420531536,44.968767302085325,44.980401325014256,45.04215184989324,47.66012649206195
2197-OMWGI,53.0,54.97046049993815,54.961937137163005,54.97894530126711,55.939702320186896,59.55831791102668
4641-FROLU,19.3,19.93928352784682,19.95887706156566,19.959328929304462,20.430105534931908,20.77425356300582
4018-PPNDW,24.1,24.92070332815988,24.921338064497856,24.92878738286124,25.460188769402322,27.402900197597475
5197-YPYBZ,25.25,25.023591558363403,25.03500891936383,25.038110447793613,25.40803278226478,26.41812518581431
1113-IUJYX,105.95,104.85602678942442,104.86221526393645,104.8413609173563,104.22648849966924,99.16074659577464
8089-UZWLX,104.05,99.89809000826011,99.88405522750347,99.88019939216514,99.76867579180045,98.62779282316953
NEW-07988,19.45,19.985825737419052,19.975359937824354,19.982975525831648,20.39923770580969,21.953156099270707
4951-UKAAQ,88.95,89.91937083502813,89.9159418821753,89.91139692788094,89.76049170979324,88.63190927229005
2739-CCZMB,20.35,20.079894092577604,20.07351111430379,20.075507248063516,20.403495337412753,20.989122476526006
9489-DEDVP,69.2,70.02919150944317,70.01802629572809,70.02352389394682,69.59760843768709,71.40269531745595
6608-QQLVK,50.5,50.014627946215896,50.004717182527365,50.014062669684044,49.898861762502946,52.3024464687009
7632-YUTXB,20.05,19.9374579427527,19.94613666502264,19.94748014494975,20.424783495428077,20.702172897319645
3871-IKPYH,69.1,69.95038070023608,69.9399422091162,69.9370438684521,70.03754013372357,69.10113243142072
1195-OIYEJ,91.1,89.91252638619306,89.91688292074707,89.91157976117539,89.84249955239196,88.22981743158859
0230-WEQUW,56.6,54.963682768953156,54.96055134717156,54.96965111747507,55.59782628094116,57.6843964339385
1024-GUALD,24.8,24.942815973637266,24.932997173310326,24.95258581663956,26.370592596029773,30.427349992944468
7968-QUXNS,18.95,19.96165077777128,19.957149817354814,19.95774317690342,20.40455974531352,20.45750389249703
1208-NBVFH,49.6,50.044855386801935,50.05373795694784,50.06375154075866,49.91908551261751,52.521273678796746
6506-EYCNH,19.55,20.00424851712375,20.01566590459106,20.023134850022167,20.427976719130374,21.98312999989441
4174-LPGTI,66.5,64.99606078305712,65.00662326811623,65.00970193035378,64.59187909737916,65.59885764993997
6161-UUUTA,79.9,79.93901687507446,79.93169275801465,79.9300346601944,79.94743758989279,79.14163331011702
5433-KYGHE,86.0,84.93827109630925,84.94338504991929,84.93050347352329,84.5931346860275,82.11704021936154
3498-LZGQZ,19.15,19.92865430804407,19.925899708593267,19.932409570388547,20.465230995657194,22.119016260024605
1015-JPFYW,19.45,19.976855477335462,19.971521401548348,19.970786683503974,20.405624153214283,20.466207628905188
1862-QRWPE,20.65,19.979773570783657,19.993777766187556,19.99840229384574,20.4492648771457,21.630102171636494
9693-XMUOB,50.25,49.961373025686484,49.95818727559091,49.97706498908687,51.06276865746263,54.57965856300804
2188-SXWVT,55.0,54.936004021941535,54.94850142230009,54.94634891881788,54.654434523345145,54.71393369449721
9281-CEDRU,64.1,64.96810512831894,64.95963272769647,64.96310788141155,64.64396886757604,65.58207465286833
8344-WFMFH,50.1,50.06714338102463,50.06735084300515,50.07445229249556,49.87827691342091,52.08893552309919
8329-GWVPJ,69.75,69.93171316207115,69.93626852386103,69.93638420027347,70.0896961208611,69.97970994974635
1849-RJYIG,60.0,59.9927456725099,59.991919389762174,59.996162715891,59.69627467896371,60.76633973004749
4139-DETXS,64.45,64.99900157268264,64.9838561941336,64.98776337415313,65.48863061183727,66.37306450180532
6655-LHBYW,114.35,114.96155486133642,114.96858565978297,114.95159189035834,114.12924776526087,110.32332750438877
NEW-07793,97.49,99.88713890251307,99.87850622846398,99.86654023503206,99.41752794931705,96.44513218217834
9710-ZUSHQ,106.75,104.94025088087847,104.95534765767171,104.9464761711148,104.4529332232913,102.15164140524857
NEW-07687,70.73,69.92256946657133,69.9127151799559,69.91114502578111,70.03754013372357,69.56376034046272
8218-FFJDS,86.4,84.95794317243804,84.94442648290621,84.94598423018788,84.27927838462236,84.78934366815895
1725-IQNIY,109.75,109.9222305342785,109.93534708314144,109.91801533207402,109.13641880731727,105.10894716351375
8329-UTMVM,104.65,104.93008862642401,104.9435707069816,104.93455717948893,104.4878649795208,102.25598835913287
7516-GMHUV,105.05,104.92292998990965,104.9394042247841,104.93241473785588,104.49587063828943,102.70829045826372
3761-FLYZI,108.8,104.92062363951226,104.91052382703087,104.9095113134662,104.60054322372505,103.68735609313273
0440-UEDAI,94.45,94.90364129224415,94.90695808213643,94.89852195411376,94.47803834664373,92.58559481512592
4844-JJWUY,86.0,84.92279553885898,84.91442541080988,84.91049271345041,84.76021189654429,83.51342333163353
7339-POGZN,50.7,50.007956157795626,50.00179170717534,50.0100831571285,50.031787584134534,52.197524471494766
2817-NTQDO,45.55,45.020061524263134,45.02464784676424,45.03204393487524,45.83580479125397,47.47287113240559
3450-WXOAT,45.2,45.01245569865408,45.02005610836119,45.0308299196811,45.079406126420054,47.84486318492296
0519-DRGTI,20.35,19.975119201632907,19.982548088764457,19.983931381660547,20.419461455924246,20.636892703929988
2956-GGUCQ,78.85,79.92930731537854,79.9425481368389,79.94125959497683,79.80865551739294,79.24208800630649
4012-YCFAI,61.35,59.92869876488737,59.933541435561075,59.93352865191005,59.477232376407294,60.05916139266468
NEW-07040,96.1,94.92695615492715,94.9183113607475,94.91670096248403,94.82681324712944,93.72385532053602
7401-JIXNM,91.3,90.06304357950233,90.07499523437725,90.0692300367671,89.12747303402594,88.418338770317
6941-PMGEP,80.0,79.89197447819136,79.88772125429142,79.8841816500456,79.92621564881813,78.82768004487275
9107-UKCKY,79.8,79.96282413828573,79.95713136639304,79.96650285047363,79.590253229284,81.62969027370366
3055-OYMSE,73.8,74.93990125683237,74.94339696962437,74.94310839140998,74.93114322389262,74.72651089471998
6905-NIQIN,50.65,49.99727266436352,49.98758298006479,49.988544147729094,49.869761650214784,50.48747925309968
8769-KKTPH,99.65,99.92140022012981,99.91119592564553,99.90511091719242,99.64235394938201,98.00162473320725
7410-OIEDU,79.85,79.90038958595669,79.90279713879954,79.8922506906854,79.66402120885292,77.40429796196968
0585-EGDDA,80.0,79.92227415637011,79.93597622661031,79.93471415443256,79.78465991280004,79.32619460537293
5624-BQSSA,20.95,19.94489176104687,19.93352731434398,19.934242510585932,20.39923770580969,20.418065493834142
1571-SAVHK,99.95,99.8947516754807,99.89852080790133,99.88681627535351,99.63364498168009,96.815588359645
9957-YODKZ,80.8,79.9420194526303,79.9405306390478,79.94222734306078,79.90730275439144,79.96409360714276
8257-RZAHR,64.7,64.99778817364216,65.00440282045241,65.00964404434077,64.69974771591497,65.89360910292389
0697-ZMSWS,85.65,84.92133752074889,84.9165772107335,84.91386405663455,84.92223783046404,84.15100585363405
6457-USBER,80.8,79.91252948390868,79.90292991240781,79.89916870004407,79.92195801721508,78.79667336372617
9206-GVPEQ,54.45,54.968085768343144,54.9733743912137,54.98143255910901,55.72022267474547,57.03513278382636
NEW-07783,68.56,70.04531294036926,70.04639568135056,70.04448193655435,69.37108093772875,69.59296812976464
2160-GPFXD,65.65,65.05912432897206,65.0711614896495,65.07286850013644,64.46793251854936,65.79605305891292
7752-XUSCI,105.9,104.91299998765868,104.90943761117333,104.90629258991285,104.59522118422123,103.59560863515807
NEW-07565,51.28,50.04081035971457,50.03053125126357,50.035666979187354,49.826631018527806,51.346338011855536
0220-EBGCE,85.85,84.92429812610982,84.91661727345343,84.91215665825246,84.79037641673321,83.56479703449567
9746-MDMBK,113.45,114.96692222803009,114.9764300323439,114.96249621549308,114.12605454155857,110.99419915564262
8859-AXJZP,23.8,24.948850311863012,24.968583540253817,24.973531697971524,25.436771795585464,26.951095917107246
7820-ZYGNY,90.45,89.92237815084104,89.91315071795682,89.90778975792483,89.82329177593846,88.5837155112143
4359-INNWN,20.05,19.96923364609047,19.974695006096425,19.977957632725918,20.416268232221945,21.108256333584396
6258-NGCNG,23.5,24.971302367721037,24.968663553628435,24.97029402995519,25.40271074276095,25.797693136290913
NEW-07588,21.0,19.999360019776756,19.987543465814202,19.99001149533988,20.39923770580969,21.116539952127503
8739-XNIKG,84.0,84.91714604830014,84.91309405249586,84.91099975963755,84.94665299524098,84.25331964660839
NEW-07399,83.72,85.05881451655344,85.04961907133894,85.04916986813642,84.32151200288025,84.5122698901541
3644-QXEHN,97.0,94.97853649306927,94.98242172624903,94.97360325856596,94.70985354400935,92.32490578467528
4183-MYFRB,90.05,89.91431768584849,89.92632592330867,89.92055992241723,89.64885404617698,88.23691323963345
NEW-07384,89.93,89.91835124127999,89.90874555067673,89.89980953910609,89.5786859010627,87.47296829430528
3521-SYVOR,64.75,64.96340391026904,64.97489611639219,64.98271487917164,64.86201297917236,66.5373895927881
1635-HDGFT,20.5,19.956860727047953,19.972016046185107,19.970637843247268,20.41839704802348,20.591869939368234
6198-RTPMF,92.6,94.90468558287525,94.9128860411104,94.90716877805878,94.84384377354169,92.93967485119626
9101-BWFSS,108.55,109.88856076982495,109.89542849590279,109.8821742706721,109.2618937736435,105.89189610372546
NEW-07432,54.45,55.027349333419366,55.01613367721033,55.02136609925726,54.915925654377084,56.10888778740974
NEW-07154,87.09,89.96809980867158,89.96215233567168,89.9574618568264,89.48978200662188,88.2460469093187
1986-PHGZF,58.4,60.07054302263059,60.08117610074193,60.08636419040731,59.634490586479544,61.295660834181845
1518-VOWAV,74.65,74.99918512706995,75.00118658417776,75.00124918252986,74.42001084968518,74.4894039461588
3780-DDGSE,76.05,75.05986522854793,75.07273686654915,75.0767509883142,74.49326129034228,75.35470317339198
2896-TBNBE,80.8,79.90230027325742,79.91455071103374,79.91001061764887,79.78465991280004,78.62772014707957
9558-IHEZX,106.75,109.91281091296639,109.90154328936057,109.89248727757183,109.35647708353474,107.41181243305034
9674-EHPPG,40.4,39.98429802342671,40.00227348231418,40.00960931515059,40.83051560322893,42.73457800827048
8896-RAZCR,19.9,19.94631631317877,19.961882857300413,19.962207999720142,20.445007245542634,20.979475156985174
NEW-07417,19.37,19.950273361312686,19.938838220047735,19.946164288536927,20.39923770580969,21.953156099270707
3167-SNQPL,101.15,99.99500898139723,100.00797186238611,100.00192894807459,99.704450218787,97.95916361498556
NEW-07429,70.4,70.03993162072678,70.03072193699279,70.0310588311639,69.56974012777137,69.82010237977664
5322-ZSMZY,25.75,24.96780301729482,24.988252009357602,24.98960999596906,25.428256532379336,26.120971260204364
7963-GQRMY,44.3,44.99890119310488,44.98998212749385,44.993331212057456,45.03363658668711,46.054317919792666
0670-KDOMA,20.25,19.929313268053193,19.91843111214393,19.922134810074894,20.39923770580969,21.116539952127503
6386-SZZKH,107.95,109.9440749838003,109.96099096104425,109.95056597230511,109.37863594495502,107.19369591430055
7000-WCEVQ,61.6,59.950177428066475,59.95944396686684,59.96656124173291,59.9332359940383,61.691339800174035
4425-OWHWB,19.35,19.952389823432497,19.96023482880039,19.966611524375736,20.419461455924246,21.842634681209223
7876-BEUTG,48.8,49.9500935528319,49.95580092908,49.96324977512089,50.043496071042966,52.16410050656608
1415-YFWLT,89.3,89.91095254602308,89.90091548205069,89.89722883163743,89.82972665758277,88.35958703059089
NEW-07283,26.19,25.05743933451314,25.046357007906153,25.060104588869887,26.370592596029773,29.43230968905318
0057-QBUQH,25.1,24.978877533111998,24.996421627823878,25.004753800471285,25.441029427188532,27.827282834400457
9426-SXNHE,18.75,19.992552005414755,19.983154004050512,19.986550056119945,20.400302113710453,20.965459437328278
5919-TMRGD,79.35,79.95993864023998,79.94868136782421,79.94446930324571,79.94530877409127,78.89082745807607
8612-GXIDD,25.4,25.00832029976438,25.020441825781113,25.02655119928801,25.40803278226478,27.116599644107673
0970-ETWGE,89.55,89.91758770485026,89.90778556357503,89.9022590867113,89.82972665758277,88.12374048133951
6164-HAQTX,53.95,54.990090036271695,54.97717265675667,54.9827623057771,55.603148320444994,57.080983731603354
9050-IKDZA,81.5,79.89850467525703,79.88888832825543,79.88032032514772,79.94637318199203,77.59892704383972
8590-OHDIW,20.3,19.93197484754073,19.9408674068026,19.943096626315644,20.438620798138036,20.903727610480452
9378-FXTIZ,70.15,69.94681515829609,69.94772808419627,69.95753556410409,69.87719450303206,71.93340408137769
5799-JRCZO,19.5,20.004945244664437,20.001411107507018,20.00635024221789,20.465230995657194,21.927809320717113
NEW-07727,81.27,79.96847270710043,79.95764270200169,79.94804448514896,79.23571894640946,77.26906170389717
1641-RQDAY,100.4,99.96309324823392,99.97730395187929,99.97397779844462,99.6980637713824,98.55890042432178
6427-FEFIG,78.6,80.04942094627192,80.07014328276733,80.06719033149395,79.46216367003152,79.30986742227881
7024-OHCCK,93.85,94.92060413597284,94.91266665519228,94.91000701461024,94.82787765503019,93.69841617992546
3088-LHEFH,79.0,79.92706487857494,79.93105934575513,79.92511786989215,79.79481821468298,78.52484555405564
3298-QEICA,34.6,34.94747673213126,34.966235918252686,34.96922093750274,35.93868022989393,37.05838157415859
2960-NKRSO,85.95,84.95133495444104,84.96450913316608,84.95760474121072,84.56275263403,83.14440574997701
0282-NVSJS,29.3,29.973318170659553,29.975242810293445,29.98823803828522,31.17742433058043,34.02355891311559
4584-LBNMK,24.7,24.985660252132128,24.993537363432957,25.002416004761002,25.443158242990066,27.138680752025827
7895-VONWT,48.25,49.9528396504564,49.96442906614609,49.97885596077012,51.055678901124736,53.96665200100859
9840-EFJQB,74.35,74.93618127384424,74.92717605359775,74.92078559753854,74.87579401305277,73.34618930082536
8402-OOOHJ,20.65,19.896402790617756,19.914554478109505,19.915664670391088,20.441814021840337,20.923985907439736
6029-CSMJE,25.65,24.930228535490322,24.93701728748373,24.951461213382775,26.387623122442033,29.70809160144683
1761-AEZZR,79.55,79.92762768751292,79.9175708311231,79.91423541244835,79.94530877409127,78.89082745807607
3011-WQKSZ,20.0,20.029412611658554,20.036553100594027,20.04355666241173,20.41839704802348,22.126960544804795
7240-ETPTR,48.75,49.94665041823398,49.94756032708149,49.96260228871638,51.03864837471248,53.814475827204845
1202-KKGFU,54.2,55.00845334839522,55.01229597168774,55.01193320253565,54.5878869178413,54.616875718794155
6211-WWLTF,99.7,99.91071928051576,99.91093506589658,99.89981993551766,99.51262135145274,96.7324447963488
4973-MGTON,84.4,84.97904266634778,84.96713929317663,84.96662278376124,84.1484813787923,84.19225322521476
3572-UUHRS,18.85,19.957731136951637,19.96453976639322,19.969701183759888,20.4460716534434,21.53856591282932
2607-FBDFF,49.0,50.056388852708245,50.04562745346361,50.04777467969839,49.826631018527806,50.647863553562175
6598-RFFVI,19.3,19.99442819391023,19.98410499462573,19.986833161287414,20.400302113710453,20.965459437328278
NEW-07829,108.83,104.93788480438994,104.93055018189915,104.92350452756861,104.53242111807603,102.69690943620188
NEW-07688,95.11,94.91359904312819,94.90270554061573,94.89654224906229,94.69708064920016,92.91730329271957
7511-YMXVQ,45.4,44.96626555607501,44.96623007744985,44.98056317710182,46.1712943830951,49.020913015824796
4659-NZRUF,95.15,94.92011444619658,94.93198589214651,94.92353833139614,94.52600524070982,92.6233550174848
7206-PQBBZ,70.2,69.91764678459603,69.92056510235187,69.92205739292834,70.04818421273123,69.91806694189579
9830-ECLEN,50.0,49.97242312172372,49.96883299385136,49.974668067495564,50.794187770092805,52.15422797727521
6620-JDYNW,60.6,59.96808890141347,59.97726765684251,59.979804849979345,59.66359069876771,60.79964059354985
0691-NIKRI,105.95,104.90735476112476,104.9187093289373,104.91025885504308,104.53080239451891,102.50864562439534
NEW-07599,83.84,84.93202815064596,84.92360607982121,84.92232356503729,84.91904460676173,84.10022235732475
4910-GMJOT,94.6,94.90879317185654,94.89951653457959,94.89518908666514,94.82681324712944,93.45522598872525
NEW-07758,25.41,24.97735948263518,24.976826158166322,24.980809597262656,25.39632429535635,26.322384085324558
6100-FJZDG,20.05,19.988407593625166,19.99852836404745,20.005410203585555,20.425847903328844,21.9545697525118
3620-MWJNE,54.45,54.980816156623504,54.97234906021842,54.97069957436436,54.57724283883364,54.65411963444194
2971-SGAFL,78.75,80.00286059233385,80.00849360554687,80.01098691940126,79.4504551831231,80.14047734939531
0231-LXVAP,75.9,74.93194418266728,74.92204603735975,74.91717612125338,74.83266338136579,73.66499775803592
9933-QRGTX,97.2,99.84572439886954,99.84983931278676,99.84052989416946,99.43719738377528,96.99694816261115
NEW-07900,86.13,84.92279553885898,84.91442541080988,84.91049271345041,84.76021189654429,83.51342333163353
3538-WZPHD,29.6,29.990679190902156,29.98469167092952,30.000870251514556,31.210975291160516,34.890429931830624
6685-GBWJZ,70.8,70.01077836731662,70.00126535171195,70.00055149088763,69.38819424047729,69.29879867991144
9135-MGVPY,84.7,84.9321114329293,84.9235281886174,84.92006574428399,84.14635256299077,83.60024905158686
1399-OUPJN,19.75,19.97597758179075,19.981154704579758,19.986774479160687,20.458844548252596,21.821051620540267
8143-ETQTI,19.65,19.926657470736515,19.94495609417753,19.947990275533748,20.422654679626543,21.373719221581567
2987-BJXIK,84.7,84.94203655737724,84.93115156594313,84.9281081117105,84.34938031279597,84.125080827142
NEW-07987,46.36,45.031435643618615,45.021200393859715,45.029635883715095,45.031507770885575,47.24510059428233
3653-NCRDJ,19.2,19.933155371271464,19.94060854349846,19.94607838504364,20.44394283764187,21.691963962430936
NEW-07480,78.59,79.90875978801466,79.89856992263852,79.89541401521453,79.94530877409127,78.89082745807607
8823-RLPWL,110.65,109.89945147931294,109.88690155758447,109.87923078088757,109.35754149143548,107.47098017998886
NEW-07993,52.66,55.000683026876544,54.98965714911486,54.99707367002152,54.69398501014518,56.63953043552547
9820-RMCQV,48.55,50.03099873105632,50.033229403511584,50.03470358992357,49.79169926229831,50.47279168779408
NEW-07249,77.31,74.93147047882267,74.92147854106452,74.91639250148158,74.90489412534095,73.62606591099001
8261-GWDBQ,116.05,114.90755958963356,114.91441514541398,114.90364931564648,114.13989184426853,111.50939782112697
8012-SOUDQ,90.25,89.93025249366752,89.94172191375213,89.94128961361571,89.8253543747993,89.48170416111319
6010-DDPPW,25.15,24.948256900356235,24.935752041732574,24.944994617486422,25.46976844050922,27.467251700100874
1173-NOEYG,90.15,89.91803746619695,89.93183596113221,89.92624833612962,89.81407320379904,88.20602220912565
0221-WMXNQ,75.35,74.95618563006173,74.9507353391765,74.94354734222402,74.79028076983094,72.9644676961257
2194-IIQOF,89.3,90.00469452584599,89.99296737486583,89.99048188145994,89.14556796833897,88.82526427430713
3712-PKXZA,20.55,19.941027227086586,19.93275755738088,19.94373036647749,20.46310217985566,22.611464991757025
NEW-07033,24.25,24.980456313937843,24.978330207297915,24.978584125544955,25.39632429535635,25.78233378377928
9959-WOFKT,106.7,104.96297427880256,104.94891446543721,104.93784444963927,104.51822320420553,102.232434556101
8879-XUAHX,116.25,114.89911775530328,114.88838686724654,114.87870472024873,114.15160033117697,111.8423984787809
4712-AUQZO,33.6,34.9646459301751,34.972918763975635,34.97938893072399,36.00558893436525,37.622581398375566
1729-VLAZJ,40.25,39.97886423035146,39.9791303409771,39.979568087895416,40.76309680651318,41.35799118100721
NEW-07809,19.01,19.94489176104687,19.93352731434398,19.934242510585932,20.39923770580969,20.418065493834142
1452-UZOSF,106.1,104.9889129297951,104.97513003620668,104.96511488736186,104.26824685558621,102.33930457429862
5955-EPOAZ,20.95,19.92720438527936,19.923052706670187,19.926814079158568,20.40455974531352,21.15597835079039
NEW-07936,73.64,74.95170342101989,74.94321158684255,74.94129043642127,74.87579401305277,74.28051030837008
4338-EYCER,54.6,55.012138504256235,55.02170681014864,55.02735754079363,54.9605645692686,56.10503246459237
5311-IHLEI,50.95,50.01882384949179,50.02404469428046,50.02959859816821,50.67299426268241,51.943438701302256
7130-VTEWQ,75.75,74.9230552383653,74.92271479864232,74.92409888272259,75.0420775785756,75.18821028747088
6257-RJOHI,50.8,49.97290234402402,49.96636747417875,49.969057233612936,49.8298242422301,50.829134692832405
1697-BCSHV,66.8,65.04023981174524,65.037765221932,65.04765529700215,64.83528813047282,67.2700691629913
5832-TRLPB,75.35,74.98209623200597,74.99386617968166,74.99522188997133,74.51597495522583,74.97554329724429
9880-TDQAC,60.0,59.96591536914397,59.95020280185154,59.96283471804707,60.73908319943219,63.52761652351377
6082-OQFBA,19.65,19.957169395360488,19.965235918014084,19.966293939902613,20.422654679626543,20.6752447632882
1791-PQHBB,61.2,60.06035509661821,60.05142266788893,60.05247974892965,59.666537474682926,60.32584554167745
3254-YRILK,88.2,89.95924303048018,89.96988083508289,89.96765806882507,89.79980858518093,89.11286737890325
9896-UYMIE,114.3,114.92066727836288,114.90839777042554,114.89653856745744,114.14627829167313,111.38520531210592
4501-UYKBC,69.1,69.99186668241427,69.99960984579835,70.00675576665863,69.62338783871783,71.50712571121736
6421-SZVEM,82.85,84.90247014699696,84.91459187262166,84.90607630130896,84.70024444294083,82.66713554653269
5868-YWPDW,84.2,84.9266168984847,84.92571100454379,84.92289271619302,84.76553393604812,83.58564451285582
3429-IFLEM,77.35,75.0175987991028,75.00435767220169,75.00180747358421,74.2640634953008,74.22808296109855
NEW-07874,20.9,20.011582430198388,19.99910003547435,20.003932565788585,20.39923770580969,21.656590253672782
NEW-07136,98.94,99.95208423078178,99.9433163374176,99.93976279848215,99.69416723874681,98.45185256679726
2959-FENLU,85.3,84.93147590688685,84.93257305280079,84.9267841004112,84.79782727203857,83.32725321151183
9526-BIHHD,29.7,29.959625712850226,29.949380987299815,29.956155773805445,31.12014000843485,32.699964887131316
5047-LHVLY,50.15,50.040394969244666,50.02903153747748,50.03488978135222,49.898861762502946,51.70167687080907
7666-WKRON,80.45,79.87762128460538,79.89835830049573,79.89318536546168,79.74046487321229,78.89606546189118
3506-OVLKD,26.2,24.972022269003837,24.983361348191757,24.988689127016066,25.4325141639824,26.691887727360108
7252-NTGSS,45.15,44.961503551087795,44.95021649165382,44.95336848201507,45.031507770885575,46.00657583444369
6289-CPNLD,73.9,74.97056829999087,74.98150698406195,74.98063791168283,74.5202325868289,74.52974857529341
2525-GVKQU,20.6,19.88838903607718,19.889710312689626,19.892844769011433,20.462037771954893,21.316764692790336
3707-LRWZD,84.05,84.88578419820871,84.89739276105539,84.89315055230152,84.97539200856167,83.8779801922982
NEW-07731,71.17,69.98322348478465,69.97312548208299,69.96441390694297,69.32220095062979,67.75627207046907
0927-CNGRH,19.55,20.014938512770428,20.00263966801425,20.002119195850916,20.39923770580969,20.418065493834142
2371-JQHZZ,93.0,94.90502255349645,94.917609982274,94.91502299937795,94.85129462884706,93.7257333157491
5970-GHJAW,19.95,20.018045688495036,20.03353323823159,20.03758046930055,20.447136061344168,21.590661168579455
7048-GXDAY,106.4,104.93560503554107,104.95011026937027,104.94097953968588,104.45506203909284,102.24690536459866
NEW-07899,39.14,39.91590287412538,39.90645859616881,39.91080080271834,40.753517135406284,41.98058018165388
5734-EJKXG,118.6,114.89347081058344,114.88834200063471,114.87741625517637,114.1409562521693,111.56072709148275
7611-YKYTC,75.0,74.9850395575865,74.99557592639314,74.98604295114798,74.80944011204474,72.65333154953039
6754-WKSHP,25.35,25.025310004002986,25.03573686802235,25.039657713673698,25.42719212447857,26.613006589377417
6005-OBZPH,89.15,89.93742269509856,89.95103433824703,89.94934067240877,89.80725944048629,89.20425964964878
8931-GJJIQ,83.3,84.90036073847682,84.90148558617125,84.8990399387213,84.92755986996787,84.19452453567484
4560-WQAQW,68.7,69.96604851515535,69.96107975379019,69.96160198940433,69.51941856221549,69.92832882767358
3727-OVPRY,25.7,25.000170563042584,24.983976264503703,24.99557652551764,25.465510808906153,28.063994565363856
8309-PPCED,110.45,109.88319527081535,109.8698829038973,109.86342941676236,109.40311732667264,107.73172931537924
3992-YWPKO,109.9,109.97414875387071,109.97365391255477,109.96174927857885,109.33286640522208,106.54101940684005
6000-UKLWI,20.15,19.91527069011601,19.933555386594087,19.934486067624903,20.441814021840337,20.923985907439736
0410-IPFTY,83.85,84.89540929550124,84.91055895549061,84.90588821936561,84.79214413356726,83.35243119576873
9412-ARGBX,95.5,94.90931901268925,94.92498647523252,94.91172092015313,94.4960670640161,92.03633576968038
5310-NOOVA,19.95,19.95080637720978,19.96660742359733,19.972091458389947,20.447136061344168,21.85444423161797
2320-SLKMB,44.45,45.00083068881888,45.012576066509716,45.0243333705979,45.96744867317623,48.552282645073944
5019-GQVCR,84.85,84.93221917938828,84.94235724231034,84.94375674236932,84.9871004954701,85.00080074245719
2667-WYLWJ,19.75,19.929049651190077,19.925821750997656,19.929510912064153,20.40668856111505,21.206440625057976
3756-VNWDH,100.75,99.87148033880564,99.8591676027848,99.857504105645,99.64448276518354,98.58272677343683
3898-GUYTS,97.05,99.94585391614389,99.95693264292913,99.94906918636971,99.37215385064815,97.46123875057509
6370-ZVHDV,25.3,24.933184989850893,24.93493021756631,24.943120555089976,25.460188769402322,27.244476040849392
8259-NFJTV,34.65,34.98584306524595,34.98288892343856,34.98679882144797,35.92164970348168,36.88212722233498
1374-DMZUI,94.3,94.91976058286332,94.91456278037637,94.91192418822791,94.83000647083173,93.71391952049876
4795-UXVCJ,19.8,19.984305556595814,19.994321830206,19.997836224868678,20.425847903328844,21.22331251165903
2250-IVBWA,81.05,79.97378870500872,79.96330186868897,79.95701357090431,79.69239912320612,78.2133627041495
6326-MTTXK,100.85,99.95718834224257,99.95811704591219,99.94870516771789,99.672517981764,97.29477283945894
1329-VHWNP,25.05,24.97923891545608,24.976513214956285,24.99053434689918,26.37697904343437,29.447669041564815
4536-PLEQY,85.05,84.94085161464366,84.94671028641193,84.94075070590893,84.77192038345271,83.1095348198334
5402-HTOTQ,55.3,55.03866395241415,55.046546007308976,55.052942721875134,54.88281435827294,56.79429752050682
6686-YPGHK,85.5,84.89036468567647,84.89784481193823,84.886782591023,84.7204681930554,81.95726467244701
7931-PXHFC,62.3,64.92516000114883,64.93590041173718,64.93699761216973,64.61778598596504,65.25286009648124
1757-TCATG,20.05,20.000190097625932,20.010404004611352,20.014892354284697,20.43542757443574,21.39318500253379
NEW-07504,51.09,50.04296438938978,50.03175734044456,50.038428348038515,50.957902367531204,52.09352724750318
5996-NRVXR,98.15,99.94945583362093,99.9628008343143,99.95190944226067,99.23709921321503,96.53426812639577
9094-AZPHK,100.15,99.91978951386727,99.92783087464305,99.92178095157456,99.67996883706937,98.06369411382454
7271-AJDTL,94.45,94.94120931215511,94.94423724451417,94.94229918518178,94.70548126122588,93.98602904939084
3645-DEYGF,20.75,20.014938512770428,20.00263966801425,20.002119195850916,20.39923770580969,20.418065493834142
2985-FMWYF,93.5,94.89951408765165,94.91097141163297,94.90727573158645,94.85023022094629,93.6796224756199
7996-MHXLW,25.15,24.946995936285674,24.941018106958445,24.951425937203513,25.465510808906153,28.031211782804448
9444-JTXHZ,76.2,74.93740072122223,74.92814254027216,74.92411323514052,74.90489412534095,73.65884869354942
NEW-07817,97.6,99.95830549686232,99.9613240076756,99.95010968386924,99.39755064698959,97.04070163208274
7994-UYIVZ,85.65,84.91715020848618,84.91814218219989,84.91531358971046,84.9264954620671,83.92149369844444
9369-XFEHK,80.6,79.92691183222995,79.94234878700375,79.94268723098389,79.90694165542396,79.7181306654436
NEW-07665,102.35,104.93093912842829,104.92230782938006,104.90905582701822,104.33045777617158,101.17009550079143
3508-VLHCZ,90.55,90.04029488507763,90.02798261785148,90.02742946898007,89.14556796833897,89.52373873260049
NEW-07561,94.81,94.92766107135479,94.91851744306418,94.91401048389895,94.82681324712944,93.45522598872525
5945-AZYHT,109.6,109.88580857133937,109.8652387229946,109.8600481914005,109.35647708353474,107.74116106120768
2275-RBYQS,45.4,44.94592505809412,44.93512028945378,44.941260781504035,45.031507770885575,46.70505029273705
7721-DVEKZ,19.65,19.94489176104687,19.93352731434398,19.934242510585932,20.39923770580969,20.418065493834142
8430-TWCBX,20.7,19.94279913923922,19.94710822111456,19.953884402194348,20.450329285046465,21.6502307015028
0277-BKSQP,54.4,55.04278450764481,55.04081712293175,55.049379223212014,54.94672726655863,56.958634230424074
6661-HBGWL,104.75,104.94326215737058,104.95621188112041,104.95137322109522,104.57606184200743,103.16033495108421
2995-YWTCD,24.9,24.986499964382762,25.003922210251368,25.01046163609788,25.41548363757014,27.19466298915201
2482-CZGBB,70.0,69.91877347757843,69.92017927737845,69.91874932241599,70.04711980483046,69.63964579810941
3847-BAERP,20.9,19.925517279060287,19.925895209566495,19.929739106709768,20.408817376916584,21.19242540977419
4827-DPADN,83.3,85.00441122964178,84.98884041555866,84.99064642216209,84.30837849691052,85.0692202783236
8819-WFGGJ,54.1,54.92652330330753,54.91888738365727,54.93138695542462,55.85099585326276,58.385490379704216
9661-JALZV,24.7,24.950370148723813,24.955847646558535,24.96521718727891,25.456995545700025,27.840805503553007
0623-IIHUG,41.9,39.97167932074322,39.98156154400438,39.99602470211424,41.04919680681787,43.996525587863246
1017-FBQMM,106.05,104.94102766706806,104.93289208788883,104.9256834060273,104.5251192560476,102.71934049290127
4872-VXRIL,64.65,64.99754444776435,64.99805530535572,65.00120420833585,64.4700613343509,65.80706358168032
7639-LIAYI,79.75,79.99984371145644,80.01294436960882,80.01230309293322,79.41973634727782,79.79964176881495
8512-WIWYV,20.35,19.98177489726721,19.99260217547759,19.99649505218529,20.43223435073344,21.31225748050918
4908-XAXAY,89.85,89.88962575793474,89.89661157718749,89.89290417730562,89.67865746739844,88.63696963842023
2208-UGTGR,98.6,99.93694306761374,99.93752162628732,99.93142868452483,99.72360956100079,98.04550331068812
9274-CNFMO,74.95,74.9462510799776,74.94125259816495,74.94063856146771,75.03781994697252,74.48824770388802
2656-FMOKZ,74.45,74.88245823261431,74.88859782086196,74.88608444580116,75.04952843388095,74.42204095639991
3946-JEWRQ,95.2,94.88876743278907,94.89654817107831,94.89380782194547,94.87577601056468,93.81079000840994
9776-OJUZI,95.45,94.9436012792736,94.9326460038559,94.93258830277813,94.71612534023356,94.42166028730988
0810-BDHAW,78.4,80.02119915726689,80.03287222972698,80.03142360772061,79.43306355774335,79.32655665771208
0988-AADSA,80.85,80.03183271547135,80.01744654651789,80.0160180044861,79.23886373587203,79.52458212107288
9620-ENEJV,70.55,69.94616929345156,69.94258334692312,69.93664498459631,70.0428621732274,68.60815843523432
NEW-07489,53.37,55.004163604278915,55.002947349485005,55.00707048932055,55.82525635914858,56.821524493764414
4816-LXZYW,79.15,79.92139706315021,79.93426660794024,79.93251593913647,79.89629757641629,79.6005457533991
4291-YZODP,20.05,19.95798757783721,19.952520493063762,19.95196528627016,20.405624153214283,20.466207628905188
4029-HPFVY,70.3,69.88408134359419,69.87677836269134,69.87113381284426,70.0396689495251,68.7421034961091
4198-VFOEA,33.6,34.89436211824545,34.89669344087157,34.903240548743355,35.9269717429855,37.59541786348764
2424-WVHPL,74.7,74.95975541633203,74.94927306652005,74.94307496392436,74.83266338136579,73.20236984899394
0201-OAMXR,115.55,114.93425143074285,114.91441039724194,114.90011100730435,114.1505359232762,110.78846244684294
9079-LWTFD,100.75,99.92957944498761,99.93878322051265,99.92219492240747,99.37428266644969,95.72919856116047
6960-HVYXR,76.0,74.92935342657128,74.9195423531605,74.91618272624599,75.03462672327024,74.1967713895551
0733-VUNUW,55.65,55.02031774374985,55.03276763319213,55.03878702909736,54.80262315455494,56.65479892831532
NEW-07682,55.0,54.93100939592301,54.9185504250444,54.91964763138758,54.939276411253275,55.33364295205703
9391-YZEJW,94.0,94.85794987696441,94.84894931478257,94.84707047239016,94.89174212907616,94.10441687411264
1403-GYAFU,20.05,20.00792305118062,19.993603407296366,20.000571453558308,20.472681850962555,22.135766192715145
7541-YLXCL,65.4,64.93071434927992,64.94293094049071,64.94256522153515,64.58655705787534,64.93898286109678
6339-YPSAH,73.8,74.9313856728891,74.93220795010794,74.93004743692775,74.91340938854708,74.3909060338463
6954-OOYZZ,44.35,44.99276711998528,45.00126139399816,45.011534259407135,45.0496027051986,47.43971985926534
8229-BUJHX,20.5,19.970072710024006,19.95387336381896,19.96136674397092,20.473746258863322,22.161879138202394
6772-WFQRD,20.4,19.995440378957117,20.004193452703483,20.010835369116876,20.44074961393957,22.144558288546953
7929-SKFGK,114.3,114.94411614101034,114.93489168329766,114.92045717433928,114.1505359232762,110.82124522940236
5276-KQWHG,69.6,69.91551253118939,69.90686439208402,69.90714155649239,70.03860454162434,69.80695053166295
6728-DKUCO,104.15,104.90550732875573,104.8813763698034,104.87616507666519,104.49018749981812,103.00676599676613
1813-JYWTO,80.45,79.87235943639068,79.85742192897857,79.85363603433657,79.8597470966297,78.97084213334207
6185-TASNN,46.3,45.03024876112472,45.01927614429451,45.02800033993177,45.031507770885575,47.07903853083826
4402-FTBXC,89.8,89.90246813148218,89.90386985751067,89.89161200160336,89.61862379685434,86.72106021991641
1421-HCERK,105.7,104.98073867667591,104.99729796534248,104.9871623783728,104.22354172375404,101.7011908855196
4918-QLLIW,53.4,55.051228804444335,55.04314334715825,55.046842076479464,54.9414052270548,55.88865255639189
6207-WIOLX,58.6,60.04405043500908,60.05759817193051,60.06425875453003,60.64348019285902,62.0242606388089
5222-IMUKT,91.05,89.92009112464615,89.93239824027935,89.92505546390535,89.86272330250652,87.77940770817591
8375-DKEBR,69.6,69.91593430774415,69.90584509843157,69.90611477070725,70.03754013372357,69.79960688971408
NEW-07300,97.05,94.9297662516672,94.92865365442407,94.92295882459823,94.69708064920016,93.15314984197094
4567-AKPIA,109.1,109.9435147283705,109.95554493098746,109.94554841515226,109.3701206817489,107.04028420434217
4012-ZTHBR,44.95,45.013375291993,45.02218601462424,45.03313190318679,45.0527959289009,47.77300565087031
0575-CUQOV,97.95,99.88553722811838,99.88097884007547,99.87924183124936,99.59813459467456,98.53275245958312
8336-TAVKX,78.45,79.9928866039171,79.97946592829247,79.98075385861488,79.23886373587203,79.76042867032426
2988-QRAJY,110.05,109.93252236557419,109.92501138072268,109.91548394307182,109.3543482677332,107.35985856096772
7096-ZNBZI,26.45,24.947106112852047,24.930660775490527,24.940179965246397,25.47189725631075,27.519749609967228
NEW-07222,106.65,104.8984317163956,104.89020459462753,104.8816192698217,104.44371465115188,102.08927708228812
1133-KXCGE,20.1,19.902169183509457,19.90787530585001,19.9087032577865,20.417332640122712,20.579901976257744
2361-UPSND,70.6,69.91733977961894,69.92600246010767,69.920619169696,69.34674854928807,68.2946633493192
5651-WYIPH,49.85,50.03453149713787,50.04356560154443,50.052231881616734,49.88785658452781,52.12368704461329
6538-POCHL,79.0,79.96716236551082,79.98196376557628,79.9773008700966,79.77720905749467,78.87879585506774
NEW-07464,96.62,94.91830983814975,94.90840305314896,94.90093534511927,94.66798053691198,92.63742668255492
NEW-07847,73.24,75.04360813621555,75.04390272991134,75.04456126085792,74.52930216569136,75.07954696519516
8777-MBMTS,105.85,104.90686774596885,104.9048901738843,104.89787815306045,104.39857988182062,102.45710800332022
3387-VATUS,94.85,94.93641141619077,94.93298917229062,94.92710627236025,94.8310708787325,93.1896668242739
2480-JZOSN,20.65,19.9163756109545,19.906094202866992,19.91103414650002,20.39923770580969,21.149322734686912
9800-OUIGR,20.0,20.009610157399685,20.00215787406267,20.008558262217,20.46842421935949,22.03403459968477
8622-ZLFKO,90.75,89.9055896248199,89.90531114858808,89.90203157398692,89.76262052559477,88.68128347099018
7472-EQOAV,86.7,84.95456601050734,84.93235821089056,84.92929060469969,84.56720397012887,83.7889761165986
0971-QIFJK,24.25,24.929810777412754,24.918960980999955,24.92823812139359,25.468704032608454,27.44141077350549
5997-OPVFA,89.05,89.98900149069219,89.97609545878396,89.97676679984494,89.14663237623972,89.5501236969796
6067-NGCEU,111.05,109.94695948053342,109.93707942043858,109.92865329447861,109.35009063613013,107.25921504350478
7302-ZHMHP,19.15,19.94489176104687,19.93352731434398,19.934242510585932,20.39923770580969,20.418065493834142
5447-VYTKW,53.45,54.985850235747996,54.99749420731131,54.99370047463661,54.6038530363528,54.2276423647247
8080-POTJR,79.3,79.98913613095507,80.00230545156519,80.00370699227773,79.46855011743611,80.0612398401606
7196-LIWRH,19.55,19.91116497003462,19.915444477941687,19.91473597575086,20.40455974531352,20.45750389249703
NEW-07355,82.17,84.9711391396562,84.97222568237687,84.96392309148673,84.2759361676431,82.98021321236567
6982-SSHFK,44.4,44.98037145058604,44.969217400138405,44.97218987924889,45.031507770885575,46.00657583444369
8457-XIGKN,19.6,20.00681009903711,20.0157574550616,20.02224415890428,20.419461455924246,21.842634681209223
8650-RHRKE,29.65,29.985546619325827,29.97991847730155,29.99741300927433,31.24113981134945,35.17819422172785
8792-AOROI,65.5,64.92040054279056,64.92873627324947,64.92192901345345,64.46804716972974,63.27111523039363
8690-ZVLCL,88.0,90.05713870773559,90.04970836330742,90.04573187291408,89.14237474463667,88.74774149452097
8398-TBIYD,84.7,84.87909331659166,84.86399349345932,84.85866009287267,84.65487034427193,83.73777122664923
4726-DLWQN,70.35,70.04354372871603,70.05079048038193,70.05675415339482,69.57632027967176,71.14062414169373
8224-KDLKN,25.0,24.998592199472014,24.981301329293544,24.989783705283,25.47189725631075,27.519749609967228
0402-CQAJN,101.9,104.93313829947337,104.94800718688084,104.941086687009,104.5707398025036,102.83608660263502
NEW-07050,75.83,75.01791238944435,75.01726812098951,75.02113699233155,74.68813487590882,75.9301290539249
1527-SXDPN,96.25,94.93971811891518,94.95284787547419,94.94633957206838,94.63580664896041,93.4477430809813
NEW-07424,78.54,80.00780465589688,79.9968335550343,79.99082508693382,79.94530877409127,78.59426161247815
7217-JYHOQ,70.3,70.08328218468631,70.09619325926114,70.09367223980979,69.32333157547122,69.17115006298165
0734-OXWBT,70.7,70.03509970407671,70.02572118627836,70.0203984292686,69.62094635818855,68.68275269568326
0431-APWVY,90.1,89.90045810844859,89.9115698125651,89.90560717360708,89.85846567090346,88.15371438196321
6918-UMQCG,80.2,79.92265117478928,79.91745837520675,79.91135606296092,79.94956640569433,78.22335968092929
7571-YXDAD,74.9,74.95792976617516,74.94971292553845,74.94474389848546,75.03569113117099,73.90754918590602
0142-GVYSN,20.3,19.97528132354987,19.986596067057064,19.995005375198062,20.425847903328844,22.218352815550315
4905-JEFDW,41.6,39.95210002827768,39.953392996568255,39.96897008780617,41.156359307022505,44.56809162644134
0820-FNRNX,66.7,65.04482544297659,65.05360233166739,65.055107391215,64.54635600543331,65.56237998593701
8042-RNLKO,25.45,24.958947195806047,24.942826130927745,24.951456656344,25.465510808906153,27.332737324511086
4623-ZKHLY,20.45,19.974468223725285,19.98513532565211,19.993150948287216,20.42159027172578,21.90071348444891
3315-IKYZQ,50.8,49.97754992068522,49.988341241880455,49.99014647127188,50.719124901382834,51.215589197360146
2037-SGXHH,94.65,94.98942814915107,95.00319816816705,94.9999676035639,94.68738632691287,93.94965852958475
9530-EHPOH,53.75,55.03606204016642,55.03860126892921,55.046143655944896,54.90659243105728,57.02113478741555
5696-CEIQJ,103.15,104.96085603180188,104.95440881903829,104.94198691105562,104.40070869762215,101.57256471672324
2040-XBAVJ,114.45,114.97589077502253,114.96196917099138,114.94697331690746,114.15266473907772,110.87374313926871
5956-VKDTT,74.35,74.91138291093091,74.90803231901198,74.91059985155539,75.03888435487329,75.19488186080582
3442-ZHHCC,76.9,75.00381951420806,74.98783473826407,74.99274402966506,74.43948285662674,75.98512863506838
2220-IAHLS,19.4,20.011534447073117,20.000606510265328,20.003796215563177,20.39923770580969,20.95811579537942
NEW-07768,20.05,19.983132956173485,19.971301850252726,19.972197135042226,20.39923770580969,20.45084827639355
NEW-07982,92.06,89.9142982983457,89.90388085729049,89.89554538998851,89.82972665758277,87.42526602304615
6732-VAILE,85.95,85.05251430164068,85.04136315023786,85.04480171896998,84.39495614803312,85.65713750493042
7426-WEIJX,80.95,79.96530221163222,79.960117562812,79.96098976629837,79.84697420182052,79.90306266079824
NEW-07590,19.36,20.02716092319206,20.01419623767439,20.01604026629962,20.39923770580969,20.95811579537942
2249-YPRNG,105.85,104.97854969603102,104.99025043517787,104.98245483986915,104.55264486819058,102.6191708006998
3146-JTQHR,19.6,19.959555659269803,19.959741089251654,19.964037063333883,20.408817376916584,21.066784035585513
3085-QUOZK,43.95,44.961503551087795,44.95021649165382,44.95336848201507,45.031507770885575,46.00657583444369
5577-OTWWW,19.75,19.98706891020278,19.992083470535142,19.99576086676399,20.414139416420415,21.085680501822726
5090-EMGTC,100.05,99.81833255984422,99.82413423830958,99.81291557105655,99.52483944279865,96.77762641426435
3027-YNWZU,25.0,24.950480325290187,24.94776970902314,24.956153582563772,25.463381993104623,27.316286423906472
3945-GFWQL,44.55,45.0301089380846,45.03176007646445,45.04112940256337,45.043216257794,47.637407540370006
2660-EMUBI,95.35,94.93609782303295,94.93811236744699,94.93540592269377,94.83639291823633,93.7669579956233
2927-CVULT,104.05,104.94439991612961,104.95868769573889,104.94613997827443,104.22467234859546,101.79035138725388
6924-TDGMT,20.55,19.895473368798704,19.89662939828761,19.90126619500126,20.40988178481735,21.2350000043092
4855-SNKMY,44.1,44.98356962796173,44.973048206649615,44.983280100026974,45.031507770885575,47.54166643988025
NEW-07051,86.99,90.10426563640326,90.10541118009542,90.09628391362635,89.07105941528533,87.65428371404357
5685-IIXLY,83.6,84.94711688709546,84.94386137012657,84.93849054298211,84.76446952814734,83.34136624608816
0620-DLSLK,81.9,79.86605389948986,79.86973936261472,79.86271537115569,79.95808166890046,78.16028826118193
6137-NICCO,94.05,94.94641252953778,94.9448036626864,94.93609542832269,94.65332527408833,92.69960144701753
9507-EXLTT,79.35,79.90625958197103,79.89691249221984,79.89357479286559,79.94530877409127,78.62704439503756
6461-SZMCV,87.95,89.98613386074238,89.97449557499857,89.97220893623157,89.14556796833897,88.82526427430713
5126-RCXYW,46.0,45.01499242106127,45.024451196992985,45.03370224748417,45.9739013375215,48.29129521498391
1363-TXLSL,70.3,69.92186455014371,69.91250909763922,69.91383550436619,70.03754013372357,69.83238967227351
2592-SEIFQ,24.75,24.989356470118352,24.981422293203178,24.99662368354538,26.372721411831307,29.711052054881264
1596-OQSPS,51.1,50.01183156918521,50.014565993488695,50.01996395758037,49.880405729222446,51.40977266986517
NEW-07811,109.9,109.96651178239838,109.95868161973962,109.94702882633308,109.2819685304811,106.57018050094412
2486-WYVVE,79.3,79.93030636737961,79.94298556084979,79.94405387430571,79.51519036057402,79.82995364637792
5057-LCOUI,50.75,49.94693477868966,49.9584220687555,49.973816986505476,51.070580611735465,54.185615055117104
9894-QMIMJ,55.8,54.993845744232594,55.00479069430424,55.008240090293974,54.76053261564901,56.01270607036025
8028-PNXHQ,24.25,24.98723147202601,24.987116420273324,24.9971883665766,25.46125317730309,27.96661527460325
9799-CAYJJ,69.3,69.90257487409069,69.89452748280708,69.89604089291751,70.03860454162434,69.83973331422236
6818-WOBHJ,89.6,89.90210967015044,89.88679795157694,89.88867424481063,89.82861381544228,89.67458355645815
3838-OZURD,105.0,104.94539768688824,104.93384581016485,104.9309314765643,104.60160763162582,103.47626239490931
8735-DCXNF,54.95,55.031146973112925,55.03353615063295,55.03573012661646,54.585758102039776,55.295494534244455
5329-KRDTM,77.35,75.03834311263323,75.02370184413583,75.02935539911226,74.51266708034315,76.01409448249134
0447-RXSGD,99.65,99.94529887542767,99.95899195033559,99.95173937265898,99.68954850817627,97.87728810624776
NEW-07351,20.67,20.018157733961317,20.01567661524553,20.017565036100727,20.39923770580969,20.99089857793883
7056-IMHCC,101.9,99.92192498785673,99.92671195321478,99.92616019673247,99.72041633729847,98.94732517113984
2458-EOMRE,64.05,65.014588502046,65.01764040348941,65.0164154913814,64.5434711374072,64.46648473987817
9067-SQTNS,20.6,19.996394108633027,20.00333696571408,20.008584059751968,20.445007245542634,21.55230824108986
6267-DCFFZ,90.05,89.92279793178079,89.93774094197886,89.93752775764845,89.81151707208934,89.29525100254084
5414-OFQCB,90.45,89.92083649096665,89.92803030501456,89.92284887593217,89.79712545372305,88.85713758003853
0895-LNKRC,19.45,19.964339596791532,19.958402635486944,19.95888656406499,20.40455974531352,20.49028667505644
3870-SPZSI,113.05,114.96084860074373,114.95090601779873,114.93858336462559,114.1505359232762,111.51971968769573
4929-XIHVW,95.5,94.95764954678242,94.95041812102946,94.94547190995908,94.69814505710092,92.86392763832187
2845-AFFTX,99.8,99.92227551149239,99.93471102283473,99.93427009863117,99.73674355477746,98.99055576296226
3401-URHDA,59.9,60.01689127485798,60.02050797636893,60.021917812563345,59.62648541551785,60.5202425831029
4378-MYPGO,105.25,104.94255130564744,104.93574459765338,104.92543366026885,104.35619727028578,102.03558692843787
3445-HXXGF,45.3,44.96892700005559,44.9676871784593,44.987500550157584,46.02128960081154,49.99052275543042
4819-HJPIW,25.15,24.94538525192923,24.952372985358704,24.963868243931636,26.3886875303428,29.021313087372093
9546-KDTRB,24.7,24.995455170488235,25.00394830747121,25.008800516071368,25.41548363757014,26.463405748299238
4619-EVPHY,91.0,89.86488620933248,89.87398257236713,89.87031261861208,89.84995040769732,88.28184839508882
NEW-07502,108.4,104.92494714729125,104.91821327262221,104.91240386399375,104.53242111807603,102.7296922187613
7409-JURKQ,111.8,109.88727455748798,109.89173690364859,109.8839901291654,109.38289357655809,107.2769302226844
5555-RNPGT,24.8,25.087858576308292,25.08791484084731,25.091028594650695,25.405903966463246,26.365486760411834
3621-CEOVK,100.2,99.91950637399441,99.92722283453067,99.92403570216916,99.6789044291686,98.32144355809227
0679-TDGAK,75.5,75.01150100215514,75.01477732533581,75.01290176174888,74.42052094192962,74.05741327710126
5656-JAMLX,19.85,19.95449540338854,19.953706207075466,19.959590045443683,20.464166587756427,21.903872526364754
1403-LKLIK,20.1,19.934083730314562,19.94384379205142,19.945691914705225,20.433298758634205,20.82076618911985
0895-UADGO,44.55,44.95999046139338,44.96737520993428,44.96920504196974,45.80713199487395,46.78970767663239
4013-TLDHQ,78.25,79.94406912111891,79.95483054485943,79.95098631523348,79.76230734688394,78.97924823347346
3556-BVQGL,20.0,19.872809480307552,19.880818723602104,19.88595715582361,20.419461455924246,21.335367162223353
9314-IJWSQ,84.8,84.95159125443384,84.95662314037779,84.95492190529723,84.95623266634789,84.37178056692147
6467-CHFZW,99.35,99.9634017587396,99.9723956352415,99.96849422929726,99.71402988989388,98.58825927266386
3646-ITDGM,19.7,19.9381581632189,19.944972680566252,19.95029369805067,20.45778014035183,21.765964156979667
NEW-07175,91.86,94.92766107135479,94.91851744306418,94.91401048389895,94.82681324712944,93.45522598872525
6901-GOGZG,84.95,85.03084065384088,85.03402245779458,85.03417628409991,84.29560560210133,85.03433701567565
6179-GJPSO,108.15,104.95558223624488,104.96756461406804,104.95468688698668,104.25735632879146,101.02829153114901
4495-LHSSK,57.65,55.022655827876534,55.02980723683507,55.0290066660983,54.79623670715034,55.340386106435844
6131-IUNXN,20.2,19.975540978187674,19.982383567836713,19.983722983591136,20.41839704802348,20.624652721927642
4513-CXYIX,80.7,79.88799612572643,79.8752331761052,79.87574825432327,79.85868268872895,79.8787781765077
0547-HURJB,21.05,20.07694165669424,20.07831928856475,20.08046691533339,20.410946192718114,21.053856895869174
4376-KFVRS,114.05,114.97887294713246,114.96534476865858,114.9531385616248,114.15266473907772,111.57221759756207
1502-XFCVR,106.45,104.87528805764725,104.87348418578978,104.86446448641317,104.3455531912781,102.05864195349348
7077-XJMET,74.15,75.00144370138965,75.00538193890256,75.00890117701684,74.49788002091282,75.09218791020005
4817-VYYWS,100.2,99.91346286554577,99.92816175674744,99.92286095332634,99.69593495558087,98.2595346939935
NEW-07940,64.54,65.01880626759366,65.00958439877675,65.00819360281923,64.53282705839953,64.38080747025589
7336-RLLRH,80.85,79.94245180732639,79.95443784336604,79.94865403188486,79.39312614975867,78.15189079554663
4367-NHWMM,24.9,24.918109060868353,24.907406165391432,24.92166716169149,26.370592596029773,29.557951063241855
4277-PVRAN,80.1,79.91624480318634,79.91538722221837,79.91090817126815,79.95275962939664,78.65137950284921
1496-GGSUK,25.7,24.93034180153942,24.91953699235169,24.93545830385144,26.370592596029773,29.793797612493226
9648-BCHKM,24.65,25.005482406041125,25.022182001817285,25.028480717272647,25.414419229669377,27.182695026041525
4342-HENTK,70.65,69.91551253118939,69.90686439208402,69.90714155649239,70.03860454162434,69.80695053166295
9065-ZCPQX,78.85,79.99952176274428,79.9863360098168,79.98578411368874,79.23886373587203,79.52458212107288
4660-IRIBM,87.9,89.94031478958675,89.94883293773559,89.93696338966936,89.58030511242674,86.85009888691934
8659-HDIYE,74.65,75.05230678730598,75.04221029067406,75.04672737428515,74.48080106026083,75.68369441952126
7587-AOVVU,100.75,100.01390074107718,100.02781583582035,100.01391399847128,99.35299450843436,96.25859123866485
NEW-07733,33.22,34.89900166034789,34.88809301624242,34.89444653423813,35.915263256077075,37.499676762997886
6546-OPBBH,23.95,24.93985452533785,24.94220936821883,24.94949445026085,25.44954469039466,27.181213482044818
NEW-07640,71.54,69.9348022072424,69.92484600691616,69.92493616794107,70.03754013372357,69.79960688971408
1635-NZATJ,25.45,24.978628529576127,24.96409733343453,24.97494833774956,25.470832848409984,27.729211194839493
6519-CFDBX,45.4,44.98314785140696,44.974067500302056,44.984306885812124,45.03257217878634,47.54901008182911
5348-CAGXB,89.55,89.94525193067093,89.94957120263456,89.9467419965645,89.82145784216374,89.07883409477219
2560-QTSBS,23.3,24.960211339112142,24.933386931760836,24.946229174162163,25.47189725631075,28.21822406826059
4568-KNYWR,63.25,65.00733682529608,65.02103248019029,65.02285119449057,64.58136250592663,65.61490923924856
7328-ZJAJO,19.5,19.99369469378481,19.996299018535744,20.00196333974388,20.460973364054126,21.866477039218246
2252-ISRNH,90.35,89.94920607935546,89.94904829889641,89.9460326079442,89.81826461846143,89.08224144140479
0013-MHZWF,69.4,70.06476533828243,70.06353687434267,70.06395616963829,69.62733280559314,69.97268381729526
1971-DTCZB,90.95,89.97013359119396,89.95709455029936,89.95794540261113,89.14663237623972,89.5501236969796
2164-SOQXL,20.05,19.975119201632907,19.982548088764457,19.983931381660547,20.419461455924246,20.636892703929988
2706-QZIHY,25.2,24.90450469044754,24.91916661376472,24.920945036709167,25.411226005967077,25.90989849022258
0388-EOPEX,74.4,74.89741239290957,74.89027436707056,74.88580926512668,74.78815195402942,73.44437504715381
1028-FFNJK,101.5,99.92409935093485,99.93792186039283,99.93404965613728,99.65280432389387,98.14849802472149
1703-MGIAB,69.0,69.97587335551583,69.98331695851488,69.98506748771192,69.6158707664718,70.37576090233495
9430-NKQLY,25.1,25.001574371581935,24.984676926960752,24.995948950000344,25.47189725631075,28.21822406826059
0356-ERHVT,45.9,44.99571955586865,44.99844768942817,45.008484163473994,45.04215184989324,47.36356064646402
NEW-07250,25.15,24.990297139733876,24.98916306744326,24.99191026083753,25.39632429535635,26.28960130276515
7660-HDPJV,69.2,69.90370156707309,69.89371427147131,69.8923236285473,70.03754013372357,69.56376034046272
7695-PKLCZ,20.5,19.95165750966529,19.941200171033373,19.94787976816596,20.470553035161025,22.05157357585683
NEW-07519,44.01,44.96963976851315,44.959405374690974,44.973621938378436,46.162779119888974,48.95454735126185
5018-HEKFO,24.5,24.935590645564815,24.936627089055644,24.941490503897427,25.405903966463246,26.523910917159917
2190-BCXEC,78.85,79.92276082309758,79.9351556864247,79.9328941954095,79.87126187904234,79.22066823725731
0203-HHYIJ,25.3,24.97624003455151,24.986702313141716,24.991379074663797,25.42187008497474,26.54092592369124
5519-TEEUH,20.15,19.950310793917836,19.960085407612898,19.963506275002878,20.433298758634205,21.486457864853804
6599-CEBNN,73.95,74.93568227070188,74.94979448739596,74.94609017473005,74.91091947377807,74.1340640727355
7568-PODML,45.3,44.93199519864554,44.921477457495136,44.9316026198555,46.162779119888974,48.11793120411865
2967-MXRAV,18.8,19.966448479565365,19.95378104096069,19.954207294981316,20.39923770580969,20.45084827639355
9442-JTWDL,20.05,19.971764305419075,19.972140797201355,19.975206866830604,20.40988178481735,21.043793065001708
NEW-07613,52.94,55.003354089851186,54.99441709028563,54.9995980485199,54.778141772837316,56.04794855371485
NEW-07908,18.94,20.014223266093367,20.00185932839745,20.004939602724747,20.39923770580969,20.99089857793883
NEW-07696,49.34,50.01744118337752,50.00934906464579,50.02263527907628,50.77909235498628,53.33318452485903
0963-ZBDRN,96.2,94.91388734774844,94.92663289548318,94.91897885886658,94.65784655014875,92.57911958404247
7452-FOLON,25.45,25.02151401501008,25.03080676093682,25.035395388430324,25.436771795585464,26.759888977799754
7248-VZQLC,85.2,84.94613503631783,84.95602818044071,84.9556179024861,84.78919735765206,84.69555708170175
2202-CUYXZ,84.85,84.93981810626883,84.93023889851627,84.9261965848716,84.81266276570864,83.65160748689672
8082-GHXOP,44.0,45.02648898415414,45.02842620249614,45.03056584174415,45.04428066569477,46.11265278469276
6030-REHUX,110.85,109.93516663707956,109.9505278174706,109.94399075736806,109.35628337903894,107.36053314924808
4981-FLTMF,65.2,65.067626835938,65.06685434086131,65.06778253001781,64.47112574225166,65.16367658694757
5590-BYNII,100.75,99.92587402319464,99.93782797253436,99.92958464307259,99.5987132254506,97.5070547191248
3275-RHRNE,60.0,60.02840508534267,60.04102683675631,60.048410904112146,60.69224925179847,62.3274421169354
NEW-07227,30.36,29.986107032562497,29.976796976148343,29.99715952845657,31.237946587647148,35.42397657101648
0621-HJWXJ,81.55,79.90202579491586,79.89455188345272,79.8962746144085,79.93887389244694,80.08205972880361
0260-ZDLGK,72.9,75.01031307101209,75.00912574581449,75.00636363708429,74.4946867972105,74.19341354457063
2884-GBPFB,70.3,69.87642350711229,69.88939292979094,69.89062726452694,70.07373000234962,69.99882954761709
NEW-07475,20.07,20.030402346571364,20.01960741874991,20.022617612796992,20.39923770580969,20.95811579537942
3194-ORPIK,84.4,84.94684474951725,84.95185605451738,84.95122598412836,84.99455135077547,84.63826257474543
9617-INGJY,70.6,69.88492489670372,69.87478726276007,69.86912570725818,70.03754013372357,68.72714419331952
3410-MHHUM,94.4,94.93295750360728,94.9429920797634,94.93676123359576,94.67042201744127,93.26556030600561
4104-PVRPS,53.6,54.97417790831361,54.98551850797585,54.98279300456925,54.600659812650505,54.21880886122357
1346-PJWTK,94.15,94.9573281913056,94.95230995666441,94.9431890148714,94.48655360984986,92.09942866296898
4003-FUSHP,61.55,60.03827660267034,60.046468620014764,60.05028321440351,59.75355900110929,60.84720957500298
3199-NPKCN,111.25,109.86110128037865,109.84594750824819,109.83907229375424,109.30908882024468,107.25867539152708
8714-EUHJO,91.15,89.94622406317603,89.96072280130721,89.95743346335851,89.78923072311393,88.98048254875238
9124-LHCJQ,85.45,84.86609038104734,84.85673296621655,84.85007938147496,84.91904460676173,83.29154272396869
2962-XPMCQ,45.15,45.00201575090521,44.993068408786634,45.00312828304594,45.03257217878634,47.54901008182911
7909-FIOIY,24.85,24.94875827800916,24.956262418884165,24.9711476346967,26.389751938243567,29.764538291335356
4640-UHDOS,55.95,55.022288014762154,55.02523103438237,55.03068677372134,54.92869854918628,56.21496473765882
5539-TMZLF,69.75,69.9348022072424,69.92484600691616,69.92493616794107,70.03754013372357,69.79960688971408
NEW-07069,20.01,19.97038294743332,19.967598327808762,19.966832728357296,20.39923770580969,20.45084827639355
9947-OTFQU,74.4,74.94579854925314,74.95316034697962,74.95152803285046,74.8906957236635,74.40807501481339
9578-VRMNM,65.2,65.01846489839664,65.02611739526856,65.03317858879058,64.79633235405261,66.70899576663035
4750-UKWJK,19.6,19.893450512541246,19.90357704037413,19.908442470090755,20.437556390237273,21.12243783767598
2732-ISEZX,20.5,19.927626161834127,19.922223362512124,19.92596915731025,20.403495337412753,21.14754663327409
1266-NZYUI,66.85,65.02497148435651,65.00886623413959,65.01164006174294,64.51619197305132,65.81076567915345
1293-BSEUN,20.7,19.905990419552914,19.88786494306567,19.89582245060162,20.47481066676409,22.346688259329586
8242-JSVBO,44.65,45.010344319186416,45.00813204530317,45.016841663434505,45.03789421829017,47.29324272935337
0654-PQKDW,70.75,70.00466114347962,69.99498780994935,69.99775827914013,69.41622994486468,70.2532129540171
7993-PYKOF,75.0,74.92932812607289,74.92949000482436,74.92194429191406,74.79453840143401,72.79567483728266
5862-BRIXZ,60.75,59.95811476070706,59.976112773142944,59.98144339391624,60.62270212708813,61.96024982488123
2055-SIFSS,51.65,49.9961780881299,49.99643711049877,50.00947572653337,50.086072387073614,52.932556674676384
9730-DRTMJ,72.8,70.00144710024779,70.01465434059443,70.01684505322477,69.51403030577099,70.23230338672661
8564-LDKFL,106.0,104.90225083610224,104.91593625080023,104.9100298164816,104.5739330262059,102.92109440803753
2077-MPJQO,75.4,74.92940725731962,74.9286444284391,74.93106562650163,75.04101317067483,75.21201731473028
4811-JBUVU,89.9,89.94874416257954,89.96242357026782,89.95580317733928,89.74503568352618,88.25623572969944
9518-XXBXE,75.3,74.94071731363442,74.94294710848558,74.9371070158812,74.79666721723554,73.05028895380966
NEW-07883,97.72,94.93989381202586,94.93064827002443,94.92780162605891,94.82681324712944,93.69107253797661
2682-KEVRP,20.05,19.89713632496778,19.90547303957401,19.91112935974463,20.42159027172578,21.563726949595594
3354-OADJP,54.25,54.98752573560662,54.9856485592805,54.98366132913826,54.58362928623824,54.54546972611606
1867-TJHTS,79.8,79.90724138050086,79.90531323097512,79.90285906028784,79.84484538601899,79.29189802692785
0617-FHSGK,75.2,75.00815301982465,75.01316632345907,75.00959388546605,75.085718302507,74.55953766752114
3068-OMWZA,88.8,89.96212421344444,89.9531016049657,89.95173912421922,89.8097493552553,89.2189395435338
5843-TTHGI,50.0,49.950945275418995,49.958658066129594,49.96449393842258,49.91695669681597,51.6276668039813
NEW-07618,79.68,79.99413851624794,79.98317520397579,79.98208329191277,79.48325812355104,79.49131616995282
NEW-07994,74.1,75.03216805333875,75.02067708771311,75.01605725570494,74.36836495479209,73.37768060477913
6013-BHCAW,81.0,80.02084841175251,80.02270485476252,80.02712184009876,79.54712259759702,80.95345842702295
6892-XPFPU,104.25,104.9463469267009,104.96077445655382,104.95712958244138,104.55690249979364,103.2032633124771
5293-WXJAK,104.05,104.93587307578815,104.94004486063085,104.93335516293381,104.4999345653967,102.37498419095424
3755-JBMNH,71.8,69.92597535287723,69.93349180705667,69.93372480402755,70.05350625223505,69.6745404395538
8229-TNIQA,45.3,44.94465972842981,44.938035708290315,44.94420474090686,45.03470099458787,46.727897275259195
7577-SWIFR,89.25,89.91758770485026,89.90778556357503,89.9022590867113,89.82972665758277,88.12374048133951
3957-SQXML,24.95,25.01431247415852,25.034971852007423,25.039194324536616,25.431449756081633,26.708350244539258
1116-FRYVH,39.4,39.95383353203955,39.96971957193496,39.97259876403504,40.803544306742296,41.95409209961759
5324-KTGCG,20.85,19.92338983837395,19.898266061411526,19.90924597857166,20.473746258863322,22.458444983800316
9087-EYCPR,25.0,24.898462402581707,24.900442192178776,24.9045961661991,25.45912436150156,26.648250200176065
1150-WFARN,108.75,109.94521271663055,109.93902751900745,109.9282874016157,109.30908882024468,106.96210954592914
5092-STPKP,56.35,55.0348903519403,55.045933704689546,55.044625975887556,54.600659812650505,54.72607638020944
9803-FTJCG,66.85,65.04801965967306,65.02542778847568,65.03055019948447,64.48602745286239,66.20297856290306
5049-GLYVG,20.6,19.963759660545115,19.952528222828562,19.953063907819747,20.39923770580969,20.418065493834142
4849-PYRLQ,73.25,74.9956714721146,75.00461593279822,75.00453766535499,74.38357933013057,74.85722530606643
4690-LLKUA,45.05,45.00792184325476,45.01479015570218,45.02686529387821,45.04853829729783,47.927653527336595
NEW-07780,116.23,114.99025841741735,114.99250924284979,114.97494679640727,114.07709177812332,110.3748520729194
9342-VNIMQ,54.65,55.02635270904447,55.04088971298331,55.04977462111231,54.900909292585965,57.42740743305035
1395-OFUWC,29.3,30.056625932990386,30.06664629257036,30.08043764792346,31.253551607191163,34.455854335453196
9167-APMXZ,84.15,84.92041329792413,84.93141409923236,84.92844149843263,84.96474792955402,84.13708756808059
2251-PYLPB,79.55,80.01808242784787,80.00480780968405,80.00405705891713,79.23886373587203,79.52458212107288
5167-GBFRE,25.2,24.996026392296017,24.990060715726905,25.00850442023695,26.37378581973207,30.35669489656065
2804-ETQDK,20.55,19.955905128472132,19.94741558741826,19.950105220814628,20.46842421935949,21.461201515580083
9971-ZWPBF,108.9,110.00268272947451,110.01735066792934,110.00998067813916,109.36266982644354,107.45274234480057
4373-MAVJG,90.9,89.96383171566211,89.97102728044715,89.96547090259908,89.7711357888009,88.46196404562963
1579-KLYDT,90.45,89.94736081344476,89.94637422931615,89.94342670700705,89.8161358026599,89.03123512935349
1567-DSCIC,94.0,94.96384025066749,94.96547417865341,94.96053496536716,94.65545408988987,93.5211143033095
0732-OCQOC,25.05,24.97258133807544,24.98427806760914,24.993332732726643,25.450609098295427,27.74220837013199
NEW-07115,45.87,45.032411922839785,45.03391417469936,45.03856068982475,45.62087112702366,46.85156538553722
7989-AWGEH,39.2,39.989647727559294,39.99556230855907,40.010045778037366,41.055649471163136,44.16008342195471
3724-UCSHY,19.55,19.9998919728979,19.994924353263563,19.99569780135971,20.40455974531352,20.49028667505644
0215-BQKGS,84.3,84.97549795466506,84.9910574594662,84.98187196568895,84.52356324619745,82.67277151113653
NEW-07931,115.71,114.93907956519203,114.94239779766411,114.92589150837608,114.07709177812332,110.3748520729194
NEW-07955,87.3,89.9541665647975,89.94510348671429,89.94201449687745,89.78639859837912,88.92172168249195
NEW-07183,71.06,69.98932681179032,69.97792282734162,69.97230801432332,70.03754013372357,68.86528588216936
1427-VERSM,98.7,99.88414957259299,99.88398907170725,99.87928552543275,99.55074633138452,97.82638907189302
6288-LBEAR,79.1,79.88305384287403,79.89493766865911,79.88477631889813,79.69433423451187,77.53368151644338
3005-TYFRD,103.65,104.93116932949245,104.9344519769661,104.93032285944474,104.5898991447174,103.21894207265427
7408-OFWXJ,89.8,90.05545160151652,90.04077399755235,90.03738133638171,89.14663237623972,88.85164923868624
8878-HMWBV,49.15,50.01378439310636,50.006708282458646,50.01607077527014,49.90099057830448,52.31740577149047
3003-CMDUU,95.15,94.88503422703485,94.89713513576389,94.89046236857712,94.65039569484338,92.50908530239822
3115-JPJDD,81.25,79.87900728809603,79.8751751050504,79.8718651045675,79.71617719599047,78.7768240497071
3665-JATSN,39.7,39.95502288386498,39.964996112549564,39.97959027150651,41.11242370106429,44.282188097838585
3571-RFHAR,109.15,109.93913372047905,109.92838219637773,109.92241188636129,109.39566647136729,107.81653002449309
3896-RCYYE,53.4,54.973497867410764,54.9569676344303,54.970570521188534,55.89550728059915,58.58815984372352
7479-NITWS,89.35,89.9763589296034,89.97552550804166,89.97096109346136,89.8161358026599,88.73466928375557
2189-WWOEW,85.9,84.96627422970153,84.97303426803063,84.96525589697674,84.775113607155,83.10857564322754
8903-XEBGX,55.3,55.04315462046787,55.033394586424244,55.040207245340056,54.91699006227785,56.78192310509255
9809-IMGCQ,96.7,94.93103650437574,94.94208108827087,94.93981627086342,94.84916581304552,93.90241298619333
4742-TXUEX,19.3,19.980195347338423,19.99494289172045,19.99946694333415,20.448200469244934,21.610245660662045
5893-PYOLZ,81.8,80.01010461177628,80.01947325237043,80.01986690873689,79.38296784787573,79.95584996180921
6015-VVHHE,83.15,84.95837690512982,84.95437615818165,84.95232528825181,84.94665299524098,84.19260035026183
0093-XWZFY,104.5,104.9693015344109,104.98326667772105,104.97621466257958,104.5739330262059,102.88831162547812
NEW-07657,36.29,34.933448052839815,34.92219012692705,34.92537563198298,35.915263256077075,36.801202304704525
1401-FTHFQ,20.0,20.008233588393058,20.01721891173539,20.023739944368828,20.422654679626543,21.913769523126845
0363-QJVFX,108.15,109.97693030367903,109.992759344848,109.97817842535785,109.2427344314297,105.9354309466691
1386-ZIKUV,18.95,19.94565050822284,19.94283547193924,19.946434932256498,20.405624153214283,21.16468208719855
3352-RICWQ,19.75,19.94814083549693,19.955422122083053,19.954952569846867,20.407752969015817,20.517213940956495
5175-WLYXL,78.85,79.9030421693356,79.91531754042202,79.90924601773055,79.89523316851553,78.75087356757795
5884-FBCTL,25.1,24.979724299973764,24.96230042080896,24.97096230804918,25.47189725631075,27.519749609967228
4942-VZZOM,66.15,64.97857553439927,64.96727966816042,64.97601771837604,64.75296811095328,66.77082662260555
9497-QCMMS,93.55,94.93989381202586,94.93064827002443,94.92780162605891,94.82681324712944,93.69107253797661
1866-ZSLJM,20.5,20.02196681547602,20.03097069081579,20.034514791500513,20.420525863825013,21.15667222381007
NEW-07113,42.88,39.99224380096917,39.99398069046798,40.000465506964154,40.82574787938143,42.51448141871265
5759-RCVCB,35.2,35.00454490772033,34.99642831461131,35.0084270594331,36.280490052199,38.74155332689669
NEW-07957,19.89,19.9163756109545,19.906094202866992,19.91103414650002,20.39923770580969,21.149322734686912
6732-FZUGP,94.9,94.92771634429172,94.9353114202357,94.92569180132696,94.60825953109563,92.4478880552972
4518-FZBSX,20.25,19.949155640819903,19.956632434363428,19.959023405122053,20.442878429741103,20.97499308762243
0139-IVFJG,90.35,89.9349503206223,89.92859180036422,89.91736162078516,89.53417447372631,86.55387112512979
5160-UXJED,44.6,44.98924950182871,44.99341734115519,44.9954065844428,45.04853829729783,46.15671637264866
0052-YNYOT,20.55,19.919146702193466,19.900346478464563,19.90969391750824,20.469488627260258,22.322842532643087
9277-JOOMO,24.6,24.95412157444186,24.946250293764415,24.948002013359684,25.398453111157885,25.76451030400944
6169-PGNCD,74.3,75.00792517787588,75.01654281076245,75.01510750826293,74.24916178469007,74.58572990172979
6339-RZCBJ,78.9,80.0290573172081,80.04560000428303,80.04212858058669,79.3744525846696,79.08873073561327
NEW-07509,19.99,19.983132956173485,19.971301850252726,19.972197135042226,20.39923770580969,20.45084827639355
6804-GDMOI,106.6,104.87343380518396,104.87591599633262,104.87012790570304,104.55315496043501,103.23933539064393
7351-MHQVU,50.95,50.02152756381518,50.019992039045,50.021976388847975,50.64325705840162,51.094507446832125
3701-SFMUH,69.7,70.08481317017919,70.08242267812211,70.0798505089295,69.57962815455446,69.02801947667903
4716-MRVEN,20.0,19.89752964140702,19.907595591617035,19.908995133244854,20.42904112703114,20.726510609525455
6821-JPCDC,97.05,99.8594979066063,99.86753262616571,99.86295143248473,99.58536169986537,98.03741030507322
0958-YHXGP,69.9,69.86352633787688,69.86118980558619,69.85578303497215,70.04392658112816,68.77528632839056
8213-TAZPM,108.75,109.93170498483701,109.9129490676116,109.9061903727931,109.39992410297035,107.65339047891752
3339-EAQNV,97.25,99.90735697336842,99.88367022756431,99.883697200113,99.74064008741304,99.10555841823677
NEW-07692,98.91,99.90572050252132,99.8964565989294,99.88683981836166,99.66506712645864,97.23765494908787
1271-SJBGZ,43.65,44.99373988099205,44.997279899910204,45.011108976271885,45.92919620568931,48.82108532978347
5056-FIMPT,106.0,104.95897597169275,104.96902351451683,104.95313979556317,104.25735632879146,100.79244498189763
8039-ACLPL,68.75,70.03094529797445,70.01585560949215,70.01650845705456,69.44665389868314,70.09185919611396
1996-DBMUS,70.65,69.89361060362643,69.90076061882218,69.90338575133168,70.08756730505958,70.17502742037324
4006-HKYHO,86.7,84.99566177027927,84.99673434561475,84.99388178878527,84.13996611558616,83.95818340772948
5186-PEIZU,19.25,19.978633379107432,19.99015027799464,19.994927569889313,20.43542757443574,21.360402219974382
8086-OVPWV,80.2,79.91210770735391,79.90394920606025,79.90019548582922,79.92302242511585,78.80401700567502
6888-SBYAI,50.7,49.97186321708232,49.96199890916212,49.96364169310695,49.78105518329065,50.545538574919874
5307-DZCVC,85.95,84.93405128105242,84.9477634730408,84.94807895412458,84.97539200856167,84.5485181368044
NEW-07470,114.08,115.005836910411,115.00760544504985,114.98705449691829,114.07709177812332,109.67637761462603
8454-AATJP,115.05,114.93734234550126,114.9236655264653,114.90847024044574,114.15266473907772,110.84096035670929
9821-POOTN,75.2,74.90536477311507,74.91912571776467,74.92120005894841,75.07081659189629,75.33031505500281
5339-PXDVH,90.65,89.95908447683676,89.95419204287259,89.94459798391897,89.6951359997453,87.3871737718734
0886-QGENL,101.25,99.90630937674632,99.920192589936,99.91356884040127,99.47430266702514,97.27297895467875
4568-TTZRT,20.4,19.960385448106976,19.959352925587435,19.960005146543132,20.407752969015817,20.484431158397086
3027-ZTDHO,89.9,89.91758770485026,89.90778556357503,89.9022590867113,89.82972665758277,88.12374048133951
8807-ARQET,40.35,39.94574379966009,39.957645989659646,39.9736723866815,41.13584067488114,44.61430406591009
1349-WXNGG,20.05,20.011841681467768,20.001135618882657,20.004344667568613,20.39923770580969,20.95811579537942
5908-QMGOE,74.2,74.96796881813881,74.9746779252679,74.97445954801222,75.04952843388095,74.96209125794519
2754-VDLTR,95.2,94.99062242758086,94.99118918787246,94.98277776907604,94.83639291823633,92.83263698807858
0723-VSOBE,34.2,34.919414337221916,34.92617999171006,34.942965513339644,36.301844427155,39.745302442056406
8910-ICHIU,95.65,94.91938747512577,94.92896655663219,94.91920615561267,94.4483624129774,92.27619593277824
9541-ZPSEA,80.35,79.9647710116883,79.95587663617516,79.94834597659788,79.72575686709735,78.29622891061172
3407-QGWLG,20.05,19.998516466667223,19.98953456574549,19.99201960092597,20.40136652161122,21.131499254917074
4753-PADAS,105.7,104.87199496962529,104.85778399840521,104.85509739361902,104.6026720395266,103.5012872648291
8277-RVRSV,24.15,25.010799782845336,25.021654867461923,25.026997016870133,25.43038534818087,26.69230199805086
5229-PRWKT,86.55,84.91965041452983,84.91979961261856,84.91715281205941,84.9264954620671,84.18527676148295
2863-IMQDR,89.65,89.99285183233371,89.99658942486113,89.99310586054307,89.1349238893313,88.84015873260691
9112-WSNPU,70.55,69.91717239787573,69.92895686822818,69.9276267707728,70.07373000234962,69.50341885601568
2025-JKFWI,99.0,99.89432989892592,99.89901774044424,99.88734293531238,99.63470938958085,96.82592420940432
0048-PIHNL,20.45,19.924238474135624,19.9286364212473,19.93561145696597,20.450329285046465,21.6502307015028
7729-XBTWX,19.75,19.927388978379767,19.91998247594128,19.926896856728714,20.46842421935949,22.192458756432853
2568-OIADY,99.5,99.89286197754214,99.90662521881926,99.904370313728,99.7324859231744,98.68453181213636
7551-JOHTI,19.5,19.94489176104687,19.93352731434398,19.934242510585932,20.39923770580969,20.418065493834142
2479-BRAMR,83.75,84.94476498375846,84.95819782929763,84.95597699329602,84.69410444332333,83.97449805867038
6481-OGDOO,90.6,89.88917178751504,89.8748788199313,89.86894829417217,89.58001023039992,87.92244289319221
0268-QKIWO,19.75,19.981692777804945,19.9734463314711,19.978269934694964,20.40136652161122,21.269640943766916
3129-AAQOU,25.6,24.95399643645378,24.970411016397318,24.971288576860054,25.41548363757014,25.956138229313368
3727-RJMEO,82.85,84.92265451414491,84.92058739586156,84.9195654151448,84.94771740314175,84.2945341466841
8212-CRQXP,80.0,79.9159629394245,79.92681711033353,79.92386238289848,79.96766134000735,78.83838484325427
3589-PPVKW,44.4,44.961418745154226,44.96094590069724,44.967023417461235,45.0400230340917,46.77141595729999
1309-XGFSN,80.85,80.030031720175,80.03370624559618,80.04261387078128,79.5806735581771,81.66479469394426
2439-QKJUL,20.25,19.962072554326046,19.95632047319675,19.9568982550551,20.403495337412753,20.449072174980728
3936-QQFLL,19.75,19.96333788399035,19.953547516481002,19.954090693604897,20.400302113710453,20.425409135783
3740-RLMVT,60.95,59.982126622729766,59.96698790715453,59.973430383792724,59.48468323171266,61.00451993617087
0902-RFHOF,20.1,19.91260155191236,19.922093779378432,19.923963399093168,20.438620798138036,20.870944827921043
8400-WZICQ,55.7,55.03858485539202,55.03924966152693,55.04364081684031,54.67678708926124,55.98318216447603
3070-BDOQC,99.65,99.87130871291572,99.87600130075563,99.87035538880644,99.59813459467456,98.26412312777235
0581-BXBUB,72.75,74.947148684851,74.94222229939454,74.93752069910133,74.87898723675508,73.60488283259888
7786-WBJYI,77.95,79.95542676173952,79.95150283078168,79.94474239535495,79.87607382630173,78.40395594513531
4007-NHVHI,96.85,94.91674145434126,94.91857740261952,94.91475985664178,94.56538833303816,93.49324548280234
4854-SSLTN,59.5,60.01991915028287,60.020880947325054,60.01293036389316,59.415496718162856,58.46933137736398
5461-QKNTN,94.3,94.94555745216303,94.95771677036365,94.95504144274692,94.62047762244154,93.61572436124581
7665-TOALD,69.6,69.90370156707309,69.89371427147131,69.8923236285473,70.03754013372357,69.56376034046272
7055-HNEOJ,55.8,54.97257688223601,54.96577431338973,54.968981888644585,54.69611382594671,55.614809824479885
4312-GVYNH,49.85,49.911128345854124,49.89998947327899,49.91142193069807,50.74047927633883,53.21107051396298
7020-OZKXZ,75.5,74.96932712321424,74.96958534950917,74.96465926881922,74.91340938854708,73.6317122792064
1080-BWSYE,25.65,24.9815809654595,24.97890144446799,24.988766121957532,25.463381993104623,27.55213297315784
1139-WUOAH,53.35,54.98054411721194,54.986897238686495,54.99455287760889,55.884863201591486,57.65167753636586
3588-WSTTJ,99.05,99.91375576915547,99.92754064036018,99.92194404274872,99.61255052816057,97.93384724475439
4676-MQUEA,101.9,99.92737605337825,99.93526598554324,99.9298469534688,99.44970663412712,97.95628085365627
2675-IJRGJ,19.65,19.95829139238145,19.968466200495,19.973263829418087,20.454586916649532,21.700682227327242
3474-BAFSJ,57.5,59.95036851579346,59.95935790726865,59.9694258367748,60.723117080920694,62.86383819587462
3745-HRPHI,54.65,54.99642865824206,54.98973043585906,54.998923997430914,55.894442872698384,57.89744329806976
4751-ERMAN,75.4,75.01366200082707,74.99826645585287,75.00448008084709,74.60487512664577,76.27691248983784
6727-IOTLZ,81.95,79.96381737694524,79.97915775061682,79.97216587749992,79.33826271604354,78.05894444183
1223-UNPKS,20.05,19.962369192892737,19.978844566320493,19.978566974975614,20.419461455924246,20.636892703929988
9373-WSLOY,50.0,50.003944333624965,50.01841272422111,50.03294129603401,50.8131534078108,53.70310243758533
5889-JTMUL,95.05,94.92655281944137,94.93422960475326,94.93501583793469,94.70015922172206,94.41235841707136
3320-VEOYC,95.6,94.93441071681389,94.9401950723658,94.93760349449765,94.8406505498394,93.80775735687686
7552-KEYGT,19.55,19.95631992570671,19.977162517222464,19.98097818562136,20.42691231122961,21.27023940846381
1832-PEUTS,89.1,89.9597845059794,89.9604671808325,89.95868237084494,89.87467823720203,89.66506666222926
4547-LYTDD,72.65,74.92302677824978,74.9298455837197,74.92681058468142,75.05059284178172,74.3354880024333
NEW-07990,105.22,104.95604778746056,104.94934500806706,104.9450164033875,104.53242111807603,102.96553876801266
NEW-07863,68.08,69.92256946657133,69.9127151799559,69.91114502578111,70.03754013372357,69.56376034046272
8144-DGHXP,80.6,79.96882968793508,79.97897196032746,79.97563536018862,79.29213256515007,78.86973290731379
8249-THVEC,19.4,19.945359651826998,19.94657369092972,19.949850753584226,20.452458100848,21.151253516365728
9839-ETQOE,40.45,40.044247659182645,40.055281499538665,40.067416911325346,40.87045301121361,44.01938016778854
4779-ZGICK,23.55,24.960632815863775,24.9749031581072,24.977694328518346,25.446351466692363,26.42153737747694
NEW-07274,63.7,64.94547652869679,64.93551064994391,64.93367997965855,64.54930278134852,64.52010415222969
1915-OAKWD,19.3,19.986695116773284,19.990931466166284,19.99628747899564,20.415203824321182,21.795306866550995
7102-JJVTX,48.6,49.967888417159855,49.96617172376858,49.96501262226913,49.78957044649678,49.946212563748865
1196-AMORA,73.6,74.94569066674093,74.9439467129558,74.94048284842759,75.04101317067483,74.24491352462613
7853-GVUDZ,20.15,20.034197149206058,20.023284843974032,20.029643139508437,20.39923770580969,21.68937303623219
5480-TBGPH,99.3,99.93417103618572,99.94806212034533,99.94030003231427,99.55981591024698,97.33936541024208
0730-KOAVE,94.3,94.96334091975103,94.9793360040141,94.96968586471633,94.53771372761824,92.47639001296506
1306-RPWXZ,20.45,20.01085011643118,20.02337386242526,20.026665787176373,20.450329285046465,21.61744791894339
7811-JIVPF,49.7,50.03105757166508,50.04141863202173,50.04697000433687,49.922278736319804,51.53180265170426
8626-PTQGE,60.05,59.95312469496898,59.94409030249291,59.95089237537194,60.61808339651759,62.19963731225688
2294-DMMUS,70.45,70.03017217418963,70.0210513035135,70.03106575084924,69.88570976623818,72.11510575608959
NEW-07206,20.41,19.982536330914478,19.971455231539814,19.97626182910887,20.39923770580969,21.254681640977342
5803-NQJZO,67.8,69.99398325241326,69.98102507516482,69.98565273891475,69.35444585238054,70.99014355610281
5339-TJFEK,105.5,104.96414536990804,104.95781028924443,104.95131007299838,104.47954342081044,102.75515720310881
NEW-07282,54.24,54.95236312075408,54.94097787542683,54.948089272256446,55.82525635914858,57.11809033936234
NEW-07815,78.15,75.08332339259371,75.07505537201575,75.068533591228,74.16620418537097,72.99573108904448
3156-QLHBO,19.25,20.01451673621566,20.003658961666687,20.003145981636067,20.400302113710453,20.425409135783
5376-PCKNB,104.45,104.9584935036786,104.93431891318289,104.93092251840747,104.60799407903042,103.63049189780604
9782-LGXMC,61.75,60.05621688685006,60.061835397540236,60.06215573598561,59.49462400178703,59.94124677068903
NEW-07052,98.27,99.95469250179266,99.9470333932315,99.93907774159965,99.66506712645864,97.63956356178332
2800-VEQXM,74.75,74.87740386285186,74.87044552159992,74.8642735880337,74.90702294114247,73.50288352492973
0337-CNPZE,106.3,104.92101374219925,104.93428177659322,104.9291124912925,104.57499743410668,103.20282984980747
1116-DXXDF,100.45,99.88920296577656,99.91097644641934,99.90064924252252,99.48707556183433,97.19529646737759
7825-ECJRF,106.6,104.91976322170802,104.9297430086952,104.91651532029101,104.26091065146124,101.00005065545028
NEW-07065,19.5,19.963759660545115,19.952528222828562,19.953063907819747,20.39923770580969,20.418065493834142
6425-JWTDV,19.25,19.89938059713394,19.914059833432358,19.916887643299518,20.4492648771457,21.090051870091216
8952-WCVCD,104.45,104.87995805303467,104.89324846013253,104.88227014883026,104.32745825696509,101.44804956156607
5671-RQRLP,75.65,74.88134764279125,74.869612800007,74.87429910707935,75.1080708684231,76.01217694883762
2796-NNUFI,19.95,19.916956609976864,19.932356931625613,19.93709766657845,20.447136061344168,21.74908532532754
7595-EHCDL,50.6,50.0515729183502,50.06361193342275,50.07386849890634,51.0631297564301,53.10721154388038
5135-GRQJV,114.5,114.87328414955195,114.86028495451183,114.84832071077633,114.15266473907772,111.26801384526816
6878-GGDWG,19.4,19.96696105167304,19.97931427562543,19.98511128344294,20.43223435073344,21.34504026306859
2466-NEJOJ,19.65,20.065691105814608,20.063519775380257,20.06680495208098,20.40668856111505,21.048016468309893
0125-LZQXK,101.35,99.93324796793539,99.93973324850911,99.93048895103601,99.5071056074531,97.11332263417667
8903-WMRNW,101.75,99.91471644772614,99.92203848676755,99.91020300963518,99.46152977221595,96.18688182305233
1676-MQAOA,75.1,75.00190576394903,74.98748575611982,74.9880923919692,74.26512790320156,74.95294238377102
5268-DSMNQ,97.95,94.91493724083642,94.9080339472008,94.90832566284413,94.71293211653125,94.38181663013663
7255-SSFBC,112.25,109.95324202253892,109.93899525756757,109.93130610202734,109.40311732667264,107.73172931537924
NEW-07867,62.45,59.97487340989808,59.975738457547955,59.97990596173082,59.75417953370629,60.99169981876118
NEW-07451,20.72,20.034504383600712,20.02381395259136,20.03019159151387,20.39923770580969,21.68937303623219
4712-UYOOI,20.0,20.012763771500516,20.02047600596029,20.025950700183486,20.419461455924246,21.47350885107319
8138-EALND,19.75,19.957854788778373,19.962476982965633,19.96330150424894,20.414139416420415,20.545630200277447
NEW-07926,39.39,39.99241027041913,39.99401907814588,40.00070067473051,40.753517135406284,42.55341326575857
1956-YIFGE,100.05,99.9028662788862,99.9135769300773,99.9017132410579,99.55768709444544,96.77293101244908
1272-ILHFG,19.65,19.960543607798627,19.96372980109776,19.96444489141051,20.414139416420415,20.578412982836856
2055-BFOCC,84.0,84.99102238598368,84.98271097645,84.98394683399437,84.13996611558616,84.22681273954026
7206-GZCDC,69.25,69.91593430774415,69.90584509843157,69.90611477070725,70.03754013372357,69.79960688971408
7030-FZTFM,110.9,109.98738118063616,109.97256325963487,109.96168674776675,109.40311732667264,107.03325485708588
6369-MCAKO,89.05,90.02299954963833,90.0161403612401,90.01535122717465,89.14237474463667,89.44621595281434
9565-DJPIB,89.6,89.96358181398375,89.95786253108048,89.9456073103045,89.78384246666943,87.19097276120337
4273-MBHYA,89.35,89.94989865757734,89.93889610027612,89.93249297750864,89.82972665758277,88.12374048133951
8404-GFGCZ,65.6,65.03113503989269,65.02597942494336,65.03285544987793,64.8069102161196,66.31815440048817
7661-CPURM,87.7,84.90775796207109,84.91597204834454,84.90744879322482,84.7362406070711,82.77514938123554
5702-KVQRD,82.55,79.95201123590991,79.93862334300931,79.94155552606054,79.3102274994631,80.0079156521567
NEW-07788,52.24,49.9790144846091,49.96873623209483,49.979653033850695,50.957902367531204,53.05578476883505
3672-YITQD,84.1,84.90713575456871,84.9208760001271,84.9224958176934,84.95629888328855,84.81566691178975
NEW-07301,43.23,44.99400707901677,44.983727685507866,44.9925415412529,45.031507770885575,47.24510059428233
9488-FYQAU,109.25,109.88699125980825,109.88891676094032,109.88119513931545,109.39353765556575,107.50405731607427
0219-QAERP,19.8,19.969680793278044,19.98102843393783,19.986023310108372,20.430105534931908,21.3143038645511
0793-TWELN,80.15,79.91957986340327,79.91523928102076,79.91057849950688,79.78736735937761,78.75858111255343
0835-DUUIQ,21.05,19.99889939732882,20.007153886293896,20.00988050012512,20.42371908752731,21.195840339843862
NEW-07039,54.53,54.950983279035704,54.93997594062098,54.94435116817127,54.939276411253275,56.032117410350395
4878-BUNFV,20.7,19.953090108687856,19.970449721211505,19.971648838498034,20.442878429741103,20.97499308762243
4760-THGOT,94.1,94.89705415178346,94.9104909700234,94.90489060984572,94.5515510303282,93.02497458225415
4578-PHJYZ,68.75,70.02714031175803,70.0299596640987,70.03507875264299,69.49429233278116,70.96578703161693
5365-LLFYV,45.85,44.94550328153935,44.93613958310622,44.942287567289185,45.03257217878634,46.712393934685906
3255-GRXMG,45.65,45.07544429441288,45.08218154832805,45.08996315624156,45.0496027051986,47.40693707670593
0480-BIXDE,96.8,94.89038058902344,94.90019753079065,94.89582404687476,94.71623999141394,93.09110773825367
8642-GVWRF,79.7,79.94544971000174,79.93920598422466,79.93193433339799,79.74421241257092,77.85052990855634
7402-PWYJJ,91.15,89.84268725295794,89.84516812630358,89.84332286036879,89.7695170652438,89.00474550319232
7504-UWHNB,69.75,69.92802532225059,69.93916791470247,69.9353469734944,70.06308592334196,69.11661050309546
7407-SUJIZ,20.6,19.9536370232307,19.963884755375094,19.965158155021996,20.424783495428077,20.669390114760237
2165-VOEGB,105.2,104.93914997692485,104.94748372441325,104.93208209572742,104.26054955249376,100.84956634479424
2267-WTPYD,94.0,94.95307878910606,94.95368581854231,94.95022909474012,94.68425932015123,93.47358438910948
0516-UXRMT,92.05,89.8886560796538,89.8821108108485,89.87856992550661,89.55471088856862,88.92317430849324
6362-QHAFM,108.3,104.88344333425614,104.89450913421038,104.8889069610656,104.53293121032046,102.87417102890738
NEW-07529,97.09,94.98826430502797,94.97945291413478,94.97151346398583,94.60487260289753,92.78776456625772
6016-NXBNJ,19.15,19.898288388582984,19.908925870448467,19.9135492695685,20.43542757443574,21.518826376722465
1355-KUSBG,48.8,50.04493202325794,50.04205427555828,50.050572547129754,50.03498080783683,52.25560240660307
0306-JAELE,96.1,94.92527531472714,94.92090867134706,94.91212452941892,94.62910753682806,92.2559845800593
7130-YXBRO,111.45,109.94149925926042,109.95234432199808,109.94315641979597,109.3319957018171,106.91281824904385
3530-VWVGU,19.9,19.97427564852337,19.98273466849916,19.98421177984674,20.42159027172578,20.662188724610267
8563-OYMQY,90.95,89.96387080772445,89.97372505206059,89.9659911818593,89.64459641457393,87.89193150380986
5539-HIVAK,25.7,24.942872244145043,24.954905972000738,24.960449042100777,25.42506330867704,26.311937296692864
2587-YNLES,20.1,19.949406165161236,19.953219013850433,19.952690600207156,20.40455974531352,20.49028667505644
4558-CGYCZ,19.75,19.962494330880816,19.955443641665095,19.956007867222574,20.402430929511986,20.44091247635629
2007-QVGAW,19.35,19.955759546694637,19.94540670487482,19.95545374688284,20.470553035161025,22.7828308167096
6445-TNRXS,114.7,114.96199938824793,114.95580733454639,114.94321615292878,114.14840710747465,111.4683098533968
1063-DHQJF,92.15,89.89420152868277,89.88354518755594,89.87462019978017,89.6510656383148,87.7881616179024
3808-HFKDE,44.35,44.97555587342115,44.98429444516134,44.99501434664529,45.051731521000136,47.72771086741669
1352-HNSAW,115.6,114.94144438253062,114.92787206030675,114.91604421916261,114.15266473907772,111.57221759756207
NEW-07833,25.34,24.901424584260234,24.88988535609939,24.90367732163058,26.370592596029773,29.557951063241855
9850-OWRHQ,74.1,74.92899183952801,74.92325162034032,74.92251685420048,75.03675553907176,74.64642208759952
1866-DIOQZ,66.8,64.94431002914415,64.92223228459899,64.92823848585537,65.4875662039365,66.34667953742621
1333-PBMXB,24.75,24.967803317097953,24.967608168585738,24.97807787454755,25.45273791409696,27.784913599891354
6985-HAYWX,79.3,79.93321002043592,79.94748663190092,79.94272762174367,79.8994908001186,78.67908846145218
7416-CKTEP,19.6,19.909220236571766,19.91594705719403,19.925611490618483,20.458844548252596,22.519526078833632
6510-UPNKS,24.8,24.97677635326639,24.98627154903125,24.990823020377412,25.41974126917321,26.513997789659797
8006-PYCSW,20.1,19.944469984492102,19.93454660799642,19.935269296371082,20.400302113710453,20.425409135783
3096-YXENJ,107.65,109.88614770669872,109.88501942654591,109.87756546285976,109.39566647136729,107.55274696145457
8591-TKMZH,111.1,109.90552293756227,109.91185618269276,109.8961031678783,109.27147344475038,105.94960020383289
5231-FIQPA,19.85,19.880824297624084,19.899458275909456,19.90355696988005,20.441814021840337,21.622460365733097
0357-NVCRI,20.05,20.052590661984013,20.06207448799755,20.064945750796596,20.424783495428077,21.209440416305515
6261-RCVNS,73.9,75.01079764771887,75.02208231160037,75.0168567848461,74.20984490930238,73.48709311771395
6352-TWCAU,86.45,84.9044927516571,84.91731736972423,84.91656971195671,84.97858523226398,84.62459939005676
0068-FIGTF,78.2,79.94846957146575,79.96019790076502,79.95393782757262,79.3521000187535,78.1888176708953
7018-FPXHH,59.8,60.032462446914366,60.0422524586127,60.04596294593145,59.545205488779374,61.16790346810145
NEW-07134,89.62,89.91688278842264,89.90757948125835,89.90494956529638,89.82972665758277,88.3923698131503
1174-FGIFN,90.45,89.90441051905245,89.91609741943265,89.91103783837386,89.74290686772466,88.55593603490672
4328-VUFWD,59.3,59.946902969201176,59.956517816084755,59.959686605916104,59.75149640224843,60.64763009745815
6569-KTMDU,19.1,19.94489176104687,19.93352731434398,19.934242510585932,20.39923770580969,20.418065493834142
2586-CWXVV,30.4,29.971809422504,29.974044826687773,29.99163670323918,31.265260094099595,34.973834009580536
7108-DGVUU,71.7,69.99401776475636,70.00543961894112,70.01051617411187,69.63990827288566,70.81989387435621
0533-UCAAU,71.1,70.01578208399715,70.01504366094382,70.02615473805214,69.70157771418943,72.24411904117026
7396-VJUZB,45.25,45.01734731604836,45.00990735488369,45.013088463108005,45.03470099458787,46.06220559952524
1766-GKNMI,84.9,84.91079310687971,84.92425178694664,84.92248395718536,84.94884802798319,84.4366039868032
1230-QAJDW,65.25,64.9884557080249,64.98103068592985,64.9829631636511,64.7336150642437,65.47979963809891
0931-MHTEM,100.05,99.89378286126905,99.89624246995592,99.88584214186093,99.47394156805767,96.91262139285385
2330-PQGDQ,84.2,84.9665346982799,84.97096464593474,84.96343777442269,84.72122424527998,83.21553440271795
9054-FOWNV,88.75,89.97927536024986,89.9901781321606,89.98791725132006,89.83210192117139,89.22721622505857
7240-FQLHE,99.75,99.93630871414254,99.94528670000773,99.93655178695474,99.64003142908469,96.99188891664154
5766-ZJYBB,19.4,19.963759660545115,19.952528222828562,19.953063907819747,20.39923770580969,20.418065493834142
3823-KYNQY,24.95,25.00028379486708,25.00241800509159,25.00635178719515,25.40803278226478,26.3853424032549
2616-UUTFK,72.75,75.03773395113323,75.05395423349051,75.05728503099702,74.42557933697611,75.38852564422658
8884-FEEWR,20.6,19.961948902499312,19.972629468702607,19.976937729828403,20.43542757443574,21.360402219974382
4250-WAROZ,93.25,94.97216344274705,94.96869787519032,94.96536770904152,94.56964596464124,93.61687910271769
5242-UOWHD,20.35,19.951824779023553,19.96752419309595,19.969000481843295,20.4460716534434,21.03129839384345
8241-JUIQO,19.45,19.93211481257711,19.92271796050602,19.92984438810121,20.46310217985566,21.880207750904255
3580-HYCSP,110.3,109.95093756593289,109.93754211138747,109.92883452092417,109.35754149143548,107.47098017998886
7460-ITWWP,86.1,84.88658891832895,84.89631685428691,84.89716670730456,84.83614595646617,84.40653284180749
0322-YINQP,48.55,49.97186321708232,49.96199890916212,49.96364169310695,49.78105518329065,50.545538574919874
0151-ONTOV,70.9,69.88163549019916,69.87088255647552,69.8624120105354,70.03754013372357,68.02866973502616
6961-VCPMC,80.4,79.89284462251652,79.90157954459262,79.90305321459513,79.96985637274955,79.66506528617757
6556-DBKZF,76.05,74.90856940687716,74.8932171944854,74.89223597511771,74.97940267839458,74.82982925381297
6849-WLEYG,19.75,20.014938512770428,20.00263966801425,20.002119195850916,20.39923770580969,20.418065493834142
0516-QREYC,20.3,19.93184514796461,19.941991387590956,19.94803913128872,20.42371908752731,21.59011104584332
7718-RXDGG,68.6,69.91416438876094,69.92100650967429,69.91954339986135,70.0524418443343,69.42754198386751
8949-JTMAY,98.6,99.93817196323761,99.95192587574795,99.94624850549636,99.72397065996827,98.22788528763928
NEW-07322,45.62,44.9485658939891,44.93787958237688,44.9422678184402,45.031507770885575,46.039358617003096
6380-ARCEH,20.2,19.963759660545115,19.952528222828562,19.953063907819747,20.39923770580969,20.418065493834142
9470-YFUYI,71.0,69.98549773745228,69.96309914206105,69.96835209786445,69.39670950368341,70.43440672238205
9814-AOUDH,19.5,19.976852057485047,19.986938000362258,19.99153677464647,20.454586916649532,21.700682227327242
0004-TLHLJ,73.9,74.93349455566295,74.9282986661856,74.9260501576072,74.90808734904324,74.34738735180552
4146-SVFUD,44.6,44.98037145058604,44.969217400138405,44.97218987924889,45.031507770885575,46.00657583444369
4706-DGAHW,45.2,45.03024876112472,45.01927614429451,45.02800033993177,45.031507770885575,47.07903853083826
1297-VQDRP,107.15,104.96488685288719,104.94634938337569,104.94274102409182,104.56060581574037,103.38276470180935
5956-YHHRX,104.35,104.96054991346392,104.97304518940987,104.9680142456659,104.55370927609135,103.1313124138839
7354-OIJLX,75.85,74.92926862063771,74.93027176220392,74.92983766169215,75.04314198647636,74.9616115124114
9629-NHXFW,19.4,19.967554463179813,19.956205648052684,19.960089434531188,20.39923770580969,21.149322734686912
1839-FBNFR,19.85,19.96799106678289,19.987458148334177,19.994239663298917,20.439685206038803,22.159660711266795
5474-LAMUQ,20.1,19.90556876658041,19.915099044261762,19.917265186004023,20.42371908752731,20.688572820857992
2034-GDRCN,90.4,89.89829802879726,89.88980394874287,89.88446447526263,89.83079106548354,88.13108412328837
NEW-07619,94.03,94.94535661659987,94.93554983316822,94.92632795964559,94.69708064920016,92.1860460518668
7359-PTSXY,45.75,45.01801602045365,45.00714531733424,45.01420919777183,45.031507770885575,46.84319198158689
0365-BZUWY,102.55,104.9370666219132,104.9478243947145,104.94219791568501,104.54945164448827,102.87983275696627
6726-WEXXK,85.9,84.90468002836379,84.91833327651398,84.91621633659784,84.67920273271261,84.04448432118768
4957-TREIR,64.4,65.05209528703656,65.04525571358582,65.0443249858098,64.4860758871021,64.52885271444129
3635-JBPSG,38.8,39.887447511978024,39.903230806978264,39.91209689694511,41.10816606946122,43.3993322116046
5519-YLDGW,103.9,104.90668066190838,104.91908867598545,104.91150628858614,104.4650028091672,102.28783351071877
NEW-07606,101.19,99.8964861734928,99.88581534893969,99.86998037018391,99.57636065953452,95.79340644803091
1428-IEDPR,109.3,109.90316795316507,109.91712722309816,109.90577340742249,109.29312270173318,106.87908154381599
7254-IQWOZ,69.65,69.92256946657133,69.9127151799559,69.91114502578111,70.03754013372357,69.56376034046272
2812-SFXMJ,20.05,20.014938512770428,20.00263966801425,20.002119195850916,20.39923770580969,20.418065493834142
5451-YHYPW,115.75,114.92105893607996,114.90836324194859,114.89905301851977,114.15266473907772,111.80806414681344
0516-OOHAR,100.35,99.9639961334739,99.97670057056928,99.96485171225541,99.56407354185005,96.6969233711465
9465-RWMXL,78.9,79.9188205215353,79.93329469206557,79.93444560850017,79.93497735981136,80.04295034435827
4670-TABXH,109.75,109.92062383541719,109.90735561224915,109.90052375922454,109.40311732667264,107.73172931537924
5995-SNNEW,104.45,104.94676870325569,104.96079988512045,104.9571030483088,104.55583809189287,103.18993525490731
3468-DRVQJ,70.3,70.03714401169628,70.03869214621085,70.03889105103866,69.53374396364111,69.93180454763088
5673-FSSMF,60.15,59.983603011803595,59.97399481859068,59.98305517147759,59.913012243923745,62.106064970529424
1131-SUEKT,98.45,99.93168331151296,99.92451926578022,99.9161816341124,99.52696825860018,97.36419021005503
NEW-07486,54.77,54.97502582288702,54.963656209135536,54.9739361962017,55.82525635914858,57.84934758021511
4237-RLAQD,45.85,44.964792957592365,44.95412119793836,44.96008217873785,45.031507770885575,46.70505029273705
0266-CLZKZ,105.65,104.91958179203701,104.91267800791644,104.90645494201823,104.5595414078396,103.12162126374632
2096-XOTMO,19.35,19.976806307851977,19.98160508081192,19.982824993477664,20.415203824321182,20.589564889271763
4685-TFLLS,19.8,20.007360299056977,20.01325814629743,20.016760039225474,20.417332640122712,21.15273506036243
9385-NXKDA,82.65,84.97931954020157,84.96623549276276,84.97018725236725,84.3515091285975,85.4488862794064
5144-PQCDZ,19.95,19.94691583788714,19.940347439465054,19.943900166711536,20.402430929511986,21.139386934649654
6233-HXJMX,89.3,89.92636531741974,89.93640609481824,89.93376201236146,89.83323254601282,89.17282317178451
1074-WVEVG,20.35,19.8719386876653,19.865291090580634,19.870728913359486,20.460973364054126,21.326426737672968
0318-ZOPWS,20.15,19.912594449009905,19.927357505895337,19.936129189830915,20.450329285046465,22.348705159796165
2621-UDNLU,20.85,19.93111055083864,19.923181504998325,19.925149952597152,20.40136652161122,20.46580757918312
3223-DWFIO,69.35,69.94911537057177,69.94285762795273,69.93998782785494,70.04073335742586,69.12397941394288
9057-SIHCH,96.6,94.90794961874701,94.90150763451086,94.89719719225124,94.82894206293096,93.47018529151481
0396-UKGAI,55.3,55.081050676408886,55.09199135356178,55.09489023539166,54.68830187167387,56.05163791740618
9018-PCIOK,64.75,64.91058286576902,64.92075166391508,64.9237987017484,64.67901155196505,65.96546246296805
5832-XKAES,69.8,69.9511458061752,69.94288575233385,69.93970619802057,70.03860454162434,69.27453813681365
0578-SKVMF,83.3,84.95552517865809,84.96659814020484,84.95877854106232,84.78256446246037,82.82322555486493
0816-TSPHQ,20.75,19.96333788399035,19.953547516481002,19.954090693604897,20.400302113710453,20.425409135783
7789-HKSBS,105.2,104.884941169878,104.89686538536421,104.8906665661145,104.4873553750833,102.55270259717045
8123-QBNAZ,104.5,104.98053098197082,104.99440841837759,104.98508402624469,104.4809689276787,102.21158994555728
0064-SUDOG,20.3,19.994957526755286,20.005805240007422,20.008086105377572,20.410946192718114,21.086639678428583
9795-VOWON,24.35,24.965536610957876,24.96236800333146,24.978709751555613,26.37697904343437,30.146143499858177
NEW-07946,85.31,90.08570497129966,90.08693938022816,90.07801096839796,89.07105941528533,87.65428371404357
4847-TAJYI,89.35,89.90884366324924,89.90553707657696,89.9019081007211,89.83504869708659,88.39902542925377
0378-NHQXU,88.25,89.97809483651913,89.98545082123735,89.98016156425024,89.82677988166756,88.46754185675347
8106-GWQOK,60.0,59.95326211106807,59.97670493622425,59.98125251900046,60.585086751593835,61.56627274072226
8361-LTMKD,74.4,74.89302801711631,74.88822847876907,74.88651154243374,75.03781994697252,74.35010601503818
0083-PIVIK,81.25,80.01655991696236,80.0059260056353,80.00603823238337,79.2536992295421,79.67905609240054
8464-EETCQ,18.8,19.975164951265977,19.98085287702285,19.985914197166593,20.458844548252596,21.78826883798086
NEW-07540,72.72,74.95863784221993,74.94974416990517,74.94223892660452,74.78708754612865,73.10768277704763
8628-MFKAX,116.75,114.92105893607996,114.90836324194859,114.89905301851977,114.15266473907772,111.80806414681344
8777-PVYGU,64.3,64.90024331978339,64.90310066712611,64.90635689927169,64.6104626182148,65.38751833042735
2511-MORQY,54.9,55.03273902460579,55.03657779882965,55.04517110181418,54.948104339187154,57.35140712707689
3005-NFMTA,98.8,99.92418813755837,99.92561340686657,99.9217457494247,99.63383868617589,98.31737651965034
1958-RNRKS,49.9,50.002920209771226,50.01581992978793,50.026177529565594,50.05946218955446,52.53086555814429
3266-FTKHB,19.15,19.92539332743042,19.940434005507733,19.93985075835847,20.416268232221945,20.568206032039118
7325-ENZFI,40.3,39.94795738596687,39.960415527378856,39.96913683540481,40.793964635635405,42.99091815823377
2397-BRLOM,80.45,80.00414730358587,80.00276529343923,79.99974828034658,79.95275962939664,78.92000883466
4318-RAJVY,19.8,19.88996490295392,19.889373491789872,19.89292786941504,20.408817376916584,21.19242540977419
1074-AMIOH,108.25,104.96393241931514,104.96763818712174,104.95810525730363,104.38580698701142,101.94544471529866
2789-HQBOU,80.35,79.91168593079914,79.9049210123391,79.90117680563016,79.92408683301662,78.81163266651575
9840-DVNDC,80.5,79.95451692089772,79.95134370437486,79.94644906798632,79.9506308135951,78.63370001114103
6087-MVHJH,88.45,89.90959872134937,89.91763218136474,89.9146877308566,89.80236471689061,89.02765551281075
6770-UAYGJ,25.25,24.941343139810762,24.95468963671612,24.95776281581191,25.447415874593126,26.44166590734325
NEW-07044,51.49,49.97807018969183,49.968089691729354,49.970667211075686,50.66128577577398,51.34043008182664
NEW-07785,69.58,70.05445555082935,70.0459387368465,70.0450826223954,69.54638937089518,69.69316550286734
5840-NVDCG,68.25,70.03318841727787,70.04998610425324,70.04301447332145,69.3148163122651,68.37366767310206
4816-OKWNX,103.4,104.94851327237131,104.95418260291152,104.94385495751845,104.38261376330912,101.88261095567299
0746-JTRFU,25.05,24.974199753679443,24.965354284724288,24.9835346632334,26.37165700393054,30.401910852333913
7009-LGECI,50.55,49.999812008842426,49.994520815568166,49.99904501502483,49.78424840699295,51.108435858987306
3420-YJLQT,79.55,79.945832863794,79.93892722673934,79.93356378051135,79.87394501050021,78.68501845015993
2805-EDJPQ,99.75,99.95069052421098,99.95097188609016,99.94407924162412,99.4783181598927,98.01514503472347
3422-GALYP,79.45,79.94912227029857,79.94283193302388,79.94027747723413,79.87394501050021,79.38349290845329
3500-RMZLT,96.3,94.89098027778897,94.89795730984551,94.88390850514106,94.34888437949049,91.02597420085431
9938-PRCVK,19.7,19.98272600666703,20.00093641007234,20.00490005459625,20.441814021840337,21.496818991544423
6500-JVEGC,101.35,99.93606748481373,99.91976612413384,99.91068902587233,99.46886597634092,97.40290217170738
5215-LNLDJ,24.7,24.991464166533977,24.98851206980674,25.007119829618517,26.37697904343437,30.47549212801551
6437-UKHMV,79.7,79.90622912868606,79.90397337394924,79.90089274016232,79.95169522149587,78.9389695931471
9436-ZBZCT,89.95,89.94159267490141,89.94718037035747,89.94181977354702,89.75135591399011,88.44023520193527
9492-TOKRI,90.0,89.95756228302427,89.96768837006222,89.96232605183201,89.79874417728016,88.56848702094348
0366-NQSHS,19.35,19.96333788399035,19.953547516481002,19.954090693604897,20.400302113710453,20.425409135783
4302-ZYFEL,20.55,19.98883186687376,19.966899766000214,19.977903220812273,20.471617443061792,22.80839972441312
9360-AHGNL,109.55,109.84581208849653,109.85666115804906,109.84457958227053,109.28354303062629,106.13238612971352
9339-FIIJL,85.95,84.99750972419591,84.98331394976023,84.98531498598689,84.39708496383466,85.0111609565034
5897-ZYEKH,105.6,104.86867009997533,104.85444499033781,104.85122543649888,104.4848654603143,103.11340791304058
3550-SAHFP,83.35,84.8902381011624,84.9037245429877,84.90240471695563,84.95310565958626,84.4980767838382
3569-EDBPQ,84.35,84.92051904840386,84.93308416807483,84.9257788146302,84.60377876503516,83.07469609206892
4785-NKHCX,20.05,20.022387315919765,20.017058696211112,20.021970156963917,20.403495337412753,21.224969025777376
6892-BOGQE,20.9,19.90331536480502,19.88866571643323,19.90020375542872,20.473746258863322,22.860353596495756
9575-IWCAZ,25.1,24.92323411107074,24.91902306979041,24.92158267322148,25.40164633486018,25.821772182442167
5129-HHMZC,86.45,85.00431385062355,85.0255544637698,85.02042484651147,84.24841055550013,83.43614491296694
0080-EMYVY,51.45,50.00401197957318,50.0086863520663,50.012267086616546,49.88359895292474,51.14421437354522
4550-VBOFE,102.95,104.9269452051816,104.90827089163331,104.90920142361125,104.60586526322888,104.11040638278897
5502-RLUYV,103.95,104.94744519379239,104.92946044912611,104.92770907338965,104.60480085532812,103.84871890694222
7501-VTYLJ,51.55,50.02916184053582,50.01971281041833,50.0198048243116,49.870826058115554,50.494822895048536
0943-ZQPXH,92.95,94.96032037793285,94.96985617443448,94.96453232983856,94.74285018893309,93.18214711027268
NEW-07255,70.79,69.9419427621997,69.93148880738005,69.93027825300359,70.03754013372357,69.59654312302213
2135-DQWAQ,85.3,84.88632932570547,84.88279983573727,84.87358331240716,84.78782028502354,82.56612141073545
5935-FCCNB,94.2,94.91427748765133,94.92225757514757,94.91995288328256,94.84384377354169,93.84121307618159
2432-TFSMK,89.6,89.93616701139459,89.94447004823695,89.93994311571413,89.82784428956833,88.84836363110813
9028-LIHRP,100.2,99.99483983283903,99.98179918141673,99.96762702379465,99.2700958581388,96.28295964424044
NEW-07266,44.34,45.031550302811354,45.01932884532409,45.02124516728006,45.031507770885575,46.00657583444369
9199-PWQVC,79.7,79.96699064257061,79.95878399556454,79.96336636912113,79.47457546587323,80.46043425128076
8705-WZCYL,44.8,45.002437527459975,44.9920491151342,45.00210149726079,45.031507770885575,47.54166643988025
NEW-07214,78.54,79.95548427400526,79.94718459178176,79.93813625406759,79.62534142545786,77.42252413225955
6457-GIRWB,69.35,69.92256946657133,69.9127151799559,69.91114502578111,70.03754013372357,69.56376034046272
1585-MQSSU,51.5,49.98299774180572,49.98915847114998,49.989193629178615,49.84366154494006,50.25795379022187
8610-ZIKJJ,20.3,19.94715880351235,19.935799426128543,19.93641268353265,20.400302113710453,20.458191918342408
9637-EIHEQ,50.8,49.99294434405768,49.98237906405347,49.98931119549923,49.826631018527806,51.64290385745346
NEW-07932,24.95,24.952555453360276,24.941503276076055,24.952596259436344,26.370592596029773,28.85947660494849
NEW-07659,44.85,44.98427396658955,44.97385503652554,44.976743816114464,45.86616252813175,46.54071820596007
8292-TYSPY,55.0,55.04540880048467,55.054281036240724,55.05915400015952,54.71314435235897,56.28092248621027
3316-UWXUY,93.5,94.95420673824711,94.96175557731004,94.94949247086389,94.35703854372913,91.60246930886241
7449-HVPIV,90.4,89.99435485010119,89.99498401825807,89.99382160196654,89.86722738189668,89.50512563073484
7853-OETYL,29.05,29.94862090346292,29.943790303370623,29.959089290411487,31.12333323213715,34.29068525764944
NEW-07242,31.05,29.99724940004517,29.98768253732327,30.00373049109743,31.237946587647148,34.85878139360778
9878-TNQGW,80.95,79.91210770735391,79.90394920606025,79.90019548582922,79.92302242511585,78.80401700567502
NEW-07980,48.56,50.00638177658454,50.00607962694284,50.01193321190169,50.75574159811009,52.30470942296439
1459-QNFQT,59.5,60.001811811512944,59.989053680316516,59.99449670314133,60.648247916706524,61.83966317328297
9795-NREXC,85.0,84.9751672549582,84.97430970377285,84.97583769667668,84.29986323370439,84.86575709226285
9940-HPQPG,91.75,89.95964090011284,89.96362098404401,89.953159697893,89.49829726982802,87.081525720739
9283-LZQOH,74.4,74.9948208257039,74.99947023125137,74.99770610834346,75.04739961807942,74.73753973505902
6087-YPWHO,68.15,69.96147972448428,69.94751388131077,69.94647967967693,69.35444585238054,69.75161879626417
7824-PANSQ,80.65,79.94399222959879,79.94086348783985,79.93625973913585,79.89042122125613,78.85417270402488
2720-FVBQP,48.95,50.05877342297767,50.05532749529928,50.06519977720891,50.03391639993607,52.64880728289035
4745-LSPLO,20.5,19.963759660545115,19.952528222828562,19.953063907819747,20.39923770580969,20.418065493834142
5297-MDOIR,81.15,79.87732018187695,79.86795028474474,79.86515134346664,79.72043482759352,78.87093911376537
5656-MJEFC,48.15,50.04222220281268,50.06123625756834,50.06537706402373,50.73402661199356,51.986027346472085
4439-JMPMT,85.75,84.95468859301818,84.94946756631931,84.94323408237844,84.74468965333655,83.05585433935528
1621-YNCJH,106.05,104.91895193043894,104.94443332842638,104.93113791158001,104.20657741428244,101.46666366417313
4879-GZLFH,92.15,94.93185858048909,94.9420786517951,94.93816959649777,94.74072137313156,93.44144810394845
6465-GSRCL,106.6,104.93329577628933,104.91689514287853,104.90932326827408,104.53044129555144,102.80896187102226
0708-SJDIS,65.0,64.97209122832254,64.98369823698677,64.98411925259046,64.76661170916745,65.15233203623066
6705-LNMDD,50.0,49.98173241214141,49.98979449605399,49.98995522133947,49.84685476864236,50.293857679553334
NEW-07602,75.8,74.93906502629405,74.93053717910391,74.92610800795578,74.78708754612865,73.3763121088584
0870-VEMYL,53.85,55.04290410648088,55.03829650657098,55.03634714406903,54.58043606253594,54.519358516891586
NEW-07825,20.85,19.99859678997442,19.98826960098839,19.992695551988305,20.39923770580969,20.99089857793883
9715-WZCLW,97.2,99.91183025889922,99.89813380770883,99.89341347190418,99.65086921258815,98.49947761373105
6416-YJTTB,79.5,79.94804983032458,79.95199644214372,79.94414904236154,79.66508561675369,77.95414007549056
NEW-07279,78.7,79.92084519306756,79.91232386218422,79.90763454010406,79.7841741356753,78.73573413003128
7614-QVWQL,51.8,49.97942197773708,49.98506358951054,49.99838112274691,51.052124578454965,53.830999830443304
0997-YTLNY,48.8,50.01446514142325,50.02074051182735,50.019980714067415,49.845790360741596,50.281617697550985
NEW-07828,97.21,99.96590511925686,99.95823652570249,99.94555509093783,99.19558730508516,96.0463000915216
3096-GKWEB,94.75,94.90755321282505,94.9170502430699,94.91418180481938,94.84490818144246,93.64984525370826
1699-UOTXU,61.4,59.99767518750731,60.002239674223205,60.0046864114699,59.54946312038244,60.82406291020255
7881-EVUAD,42.6,44.96926334478598,44.962811399841776,44.97265072311185,45.84387617915633,47.95621557643618
0123-CRBRT,88.1,89.99344845759272,89.99643604357405,89.98904116647643,89.1349238893313,88.03632536802311
7590-VHVEG,29.85,29.959717187414746,29.951362753236715,29.96894008511977,31.208846475358982,34.90825341160046
3473-XIIIT,100.0,99.90643008021382,99.91584843578823,99.91107055000592,99.68103324497014,98.10762880281885
8039-EQPIM,60.25,59.9510547358424,59.941152082882795,59.94750631625114,60.64718350880575,61.81382224668758
4647-XXZAM,45.5,44.99763586344057,44.99261262208882,44.99600237555504,45.036829810389406,46.078797015665984
2115-BFTIW,70.95,69.89038075238298,69.90123999750664,69.89332765497146,70.06308592334196,68.27999435595225
NEW-07812,19.06,19.94489176104687,19.93352731434398,19.934242510585932,20.39923770580969,20.418065493834142
0727-BMPLR,100.0,99.87488802121972,99.87488113677477,99.8745147729503,99.75164526538819,99.23766826628817
5129-JLPIS,105.5,104.93610046187767,104.94901873214233,104.93590511617816,104.26729709886584,101.07757083084229
9938-ZREHM,72.1,69.92413887562641,69.93677843999502,69.93593773476303,69.58470805532276,69.62164099591253
4480-QQRHC,74.05,74.93560974167174,74.93533046540459,74.93357009918411,74.91234498064631,74.32093896330787
NEW-07377,20.29,19.963759660545115,19.952528222828562,19.953063907819747,20.39923770580969,20.418065493834142
5130-YPIRV,72.0,69.98350392190738,69.98620017400152,69.98992454272127,69.45936057655167,70.63287895509988
7892-POOKP,104.8,104.90603268263101,104.92003141058396,104.9138453467279,104.51802949970973,102.64378318134072
1794-SWWKL,59.65,60.07684980323129,60.08318269432445,60.089298824455376,59.70597331030257,61.59895103706462
5622-UEJFI,25.4,24.99831220461008,25.019327860131206,25.02661303233187,25.4325141639824,27.423144968212878
7322-OCWHC,93.05,94.92634793219568,94.91382196694678,94.90848740959503,94.36047821521852,93.24808400593665
7296-PIXQY,70.2,69.9520381599814,69.95613181192147,69.95218782195337,70.05137743643353,69.01475348362902
3882-IYOIJ,115.25,114.98064485928509,114.98596376570671,114.9692941072571,114.13989184426853,110.57507681358223
6338-AVWCY,40.15,39.95338204695457,39.945921892367664,39.95754822360189,41.14784404381638,43.66075751246542
3569-JFODW,90.95,90.05545160151652,90.04077399755235,90.03738133638171,89.14663237623972,88.85164923868624
NEW-07702,70.99,69.95156758272998,69.9418664586814,69.93867941223542,70.03754013372357,69.2671944948648
5899-MQZZL,75.0,74.87106904505279,74.87561559093666,74.8713763816761,75.04739961807942,74.16470665095432
1343-EHPYB,103.4,104.9176649003939,104.91061176409133,104.90890980376983,104.59841440792351,103.69938574409898
2928-HLDBA,20.7,19.942782878273032,19.93814890887023,19.938921779669606,20.40455974531352,20.45750389249703
9770-KXGQU,98.6,99.87544421271434,99.87889474043946,99.86542247813634,99.45289985782944,96.51196052163252
5748-RNCJT,106.5,104.8993649432991,104.88962714710911,104.8833283104664,104.56167022364114,103.1397042777021
1338-CECEE,68.5,70.05849444831776,70.06943038699461,70.07337921464158,69.68454718777717,70.98556540462968
1422-DGUBX,79.25,79.88045244276896,79.89343576429964,79.89170429425445,79.86274661583622,79.38340773311083
3071-MVJCD,82.3,80.06579881857382,80.05108837371776,80.0499061141242,79.26221449274823,79.61873621542279
2027-OAQQC,49.05,49.95568512352563,49.96567571719563,49.980001945367164,51.07483824333853,53.961402762228595
3161-ONRWK,65.85,65.0362155889233,65.03111105734594,65.03320043873735,64.34458636802466,65.3599917230306
5148-HKFIR,19.7,19.905260098267874,19.922069121927162,19.921790953285505,20.419461455924246,20.60410992137058
7560-QRBXH,19.95,19.940694739091747,19.943689992562323,19.945596764295765,20.4492648771457,21.057269087531807
2580-ATZSQ,61.35,60.02144258354894,60.008488312973505,60.01172245028467,59.55478515988627,60.679963818925835
NEW-07915,19.38,19.98022377322935,19.978431187954108,19.98015886364987,20.39923770580969,20.95811579537942
8433-WXGNA,75.7,74.92921794950652,74.9216121848321,74.91573132593535,74.78815195402942,73.4115922645944
9208-OLGAQ,84.95,84.91091454240637,84.9195976075593,84.91737160188873,84.80740694314548,83.95513642422179
1965-DDBWU,89.05,89.95464903434629,89.96244715858552,89.95511343759372,89.73013397291545,88.0715470559654
9103-TCIHJ,55.7,54.95716381232185,54.96367864030376,54.966809289489994,54.793043483448045,56.004588788748904
2452-SNHFZ,75.45,74.93594671419605,74.9435775399628,74.93570008234354,74.83605030956389,73.02855540147748
5223-UZAVK,100.3,99.90843299521961,99.8981310751482,99.88878845602673,99.48458564706533,97.14246867516232
0442-ZXKVS,115.6,114.90615578109421,114.91029539205815,114.9000033403008,114.13350539686394,111.37475367844421
3638-DIMPH,43.8,44.94559676909313,44.94838313896815,44.9567965741325,45.04428066569477,46.982051714395375
3804-RVTGV,103.85,104.98476429888625,104.99210534277344,104.98638649652858,104.58457710521355,103.11285904548552
7268-WNTCP,20.45,19.99273659851516,19.991480742984216,19.997544669899977,20.464166587756427,21.936655308924163
NEW-07109,19.17,19.912628791445073,19.900910302851898,19.904144970013984,20.39923770580969,21.116539952127503
NEW-07117,19.22,19.9762893053614,19.964613901106034,19.96753343027389,20.39923770580969,20.95811579537942
NEW-07537,19.67,19.983132956173485,19.971301850252726,19.972197135042226,20.39923770580969,20.45084827639355
NEW-07880,80.59,80.02651982784313,80.02868388233482,80.02430980475796,79.16329077491764,78.99290827216417
3389-YGYAI,105.5,104.94716510917763,104.948818829581,104.94352838455623,104.5398719733814,102.98987387582432
9178-JHUVJ,24.1,25.003258981107173,25.023270849638727,25.029870363836665,25.42080567707397,27.258583088082364
8782-NUUOL,79.0,79.94358789036916,79.93653013127589,79.93083254749321,79.29851901255466,78.16776090285336
1915-IOFGU,70.5,69.91928006006677,69.90881047367135,69.90443132905833,70.03754013372357,68.86528588216936
7916-VCCPB,73.25,74.97853327170439,74.98593329892394,74.9786295216562,74.89176013156427,73.22112285066504
6817-WTYHE,44.9,45.028031694953924,45.01884408984493,45.0244974247829,45.03257217878634,46.55396977793782
NEW-07213,95.48,95.00503388167746,94.99711089384056,94.99225687499577,94.64800323458451,93.49677919549785
3393-FMZPV,100.25,99.9155717483196,99.9292386470525,99.92363760234761,99.69061291607703,98.18745402830733
2181-UAESM,53.45,55.036854922144755,55.0287103896036,55.030756670349334,54.649473582808795,55.451803934539214
6458-CYIDZ,80.7,79.95379716778619,79.95097684214997,79.94197060130296,79.62959905706091,77.45353081340613
5154-VEKBL,58.5,59.95396697404465,59.95427408999026,59.953381944120714,60.58331903475978,60.188328138964906
2669-OIDSD,100.05,99.91652190118977,99.92417090014533,99.91697388322582,99.5422310681784,97.36117845839252
NEW-07547,82.82,84.96553675783713,84.95829010409852,84.95544305002429,84.74023459421682,84.07620999897853
0508-OOLTO,71.65,69.94152098564493,69.9325081010325,69.93130503878874,70.03860454162434,69.60388676497098
6635-CPNUN,96.6,94.98704367162574,95.0020997900647,94.99460832967205,94.6767422479052,92.79549585526877
5959-BELXA,96.15,94.95581685498671,94.96931602325424,94.96602468919623,94.85980989205319,93.74864837750846
2176-LVPNX,89.85,89.96322223758949,89.95035591518169,89.94581998221753,89.14556796833897,88.48827773945382
4423-JWZJN,90.25,89.95548677439135,89.94330281782196,89.93955918108844,89.85345629612738,88.92058371718258
NEW-07822,42.19,39.97898255530538,39.971257873031476,39.98504659784246,41.09326435885049,43.84460058926598
4307-KTUMW,93.9,94.92257198370615,94.9270018759779,94.92055278672845,94.59129522162402,92.80630193832923
5481-NTDOH,107.05,104.89295742111241,104.8778987565301,104.87436672689624,104.51396557260246,103.0967186776073
NEW-07226,94.09,94.90879317185654,94.89951653457959,94.89518908666514,94.82681324712944,93.45522598872525
4250-FDVOU,56.25,55.021010711449,55.01900929452606,55.019980852470994,54.624631102123686,55.204022081088596
7126-RBHSD,78.9,79.91673760408626,79.92569336871505,79.91961423149769,79.80120466208757,78.2201829925023
9257-AZMTZ,20.1,19.97808646456459,19.98864239032003,19.993689036050018,20.453522508748765,21.7122484044529
4583-PARNH,91.55,89.9270630540114,89.93502598544735,89.93047930496007,89.60040137498618,88.066036754809
4723-BEGSG,86.65,85.00623943501198,84.99129788092486,84.99079317710415,84.30837849691052,84.37074582003024
8809-XKHMD,100.55,99.89188479010605,99.87923780504528,99.87075876927477,99.37754210709265,97.48437045112807
3908-BLSYF,83.9,84.91932161338619,84.91631486804269,84.90909544482821,84.79463404833628,82.89841733291634
1618-CFHME,75.9,74.91335315702284,74.9054654446129,74.9051018115201,75.03569113117099,74.90258948979731
9481-WHGWY,75.35,75.01713015558813,75.00357062836837,75.00158069852517,74.44180909994495,74.22598237395752
2585-KTFRE,70.45,70.08736003744107,70.07862892018407,70.07438677910241,69.2988501937536,68.9006427359578
9894-EZEWG,74.3,74.9496008970092,74.94123113012321,74.93621228348181,74.87579401305277,73.7480979135208
2805-AUFQN,19.8,19.969793901520283,19.989258611883315,19.991704658846682,20.424783495428077,21.209440416305515
5980-NOPLP,96.1,94.87771912290285,94.88812815400195,94.88718442811205,94.87258278686238,94.04941843443568
4194-FJARJ,60.0,60.02037304358641,60.030419403571315,60.03152758970507,59.629678639220145,60.61667518196357
0657-DOGUM,60.6,59.95221188982808,59.95938245738036,59.965081850385715,59.62329219181555,61.19029817768116
8232-CTLKO,59.75,59.97490591922159,59.968332024353344,59.975870650483316,59.75801033720815,61.78514064398178
1951-IEYXM,90.6,90.05874100802109,90.0446787038369,90.0440950331045,89.14663237623972,89.5501236969796
1731-TVIUK,93.5,94.92874555112408,94.92527273957916,94.91742802335321,94.55561495743547,92.73314668986325
9964-WBQDJ,24.4,24.93194939641314,24.91786939578964,24.93022809784476,25.470832848409984,28.191839103881485
9359-UGBTK,72.35,69.94921286197493,69.93271030090531,69.93554908617983,69.39820122749234,70.2486802377882
NEW-07047,87.07,84.93485011932498,84.92574835004191,84.91984286168781,84.78931200883244,83.26088754694888
2476-YGEFM,76.0,74.93096330620276,74.94418742473565,74.94317327214291,75.06443014449168,74.90712511794183
7033-CLAMM,20.2,19.979773570783657,19.993777766187556,19.99840229384574,20.4492648771457,21.630102171636494
7481-ATQQS,90.85,89.93691095187174,89.94397139439411,89.9433854885362,89.83749017761589,89.48755172714996
6877-TJMBR,84.8,84.92406474651017,84.91456477925001,84.90916584434574,84.7404320217335,83.02484765820869
NEW-07805,78.23,79.9092400774041,79.89902520612327,79.89245500332129,79.92195801721508,78.09819890543281
7647-GYYKX,20.35,19.96166441846138,19.97069357594466,19.978951910735873,20.455651324550296,22.45342809250563
0377-JBKKT,57.95,60.027523034432264,60.038902700647554,60.03599632632023,59.43678487617818,59.3718026419252
9637-CDTKZ,114.1,114.92769409490714,114.9152333234729,114.90408327359364,114.15266473907772,111.57221759756207
9867-NNXLC,20.05,19.920455960403082,19.92986393039037,19.93414945487941,20.42159027172578,21.327880400344224
7010-BRBUU,24.1,25.017152864575607,24.9997731291608,25.008056650511378,25.47189725631075,27.519749609967228
6145-NNPNO,44.15,45.00958557201045,44.998823887707914,45.004649241763936,45.031507770885575,46.546626135988966
NEW-07444,19.96,20.002579240967645,20.000580413045487,20.005457335589693,20.39923770580969,21.68937303623219
9513-DXHDA,81.7,79.9951510865441,80.00663885774283,80.00198378921826,79.26339355182938,78.38501868156534
5543-QDCRY,56.4,55.00623041873726,54.999820185137935,55.008135843330855,54.94246963495557,56.89158054001575
6890-PFRQX,69.5,70.00759351484697,70.01622041869435,70.01382433439143,69.57135933913541,69.42823325286983
NEW-07505,57.93,59.99273404016178,59.98269606494053,59.98648100597751,59.69107159969184,60.77291187232795
1360-XFJMR,109.7,109.89993035082483,109.88558665567632,109.87940143431966,109.39779528716882,107.60252468240232
4193-ORFCL,45.1,44.97373629175886,44.962347318614086,44.96715962417502,45.031507770885575,46.24242238369506
NEW-07803,95.49,94.92695615492715,94.9183113607475,94.91670096248403,94.82681324712944,93.72385532053602
5383-MMTWC,84.0,84.90007759860396,84.90059262181731,84.90102189341067,84.9264954620671,84.45390609329374
3976-NLDEZ,20.6,19.963759660545115,19.952528222828562,19.953063907819747,20.39923770580969,20.418065493834142
3070-FNFZQ,20.4,19.99031798465284,20.008659692431667,20.01137873579365,20.422654679626543,21.21529506483348
5914-DVBWJ,85.45,84.94511340269106,84.9551431245336,84.95152351634266,84.6860987845547,83.87506971575263
NEW-07534,24.69,24.980456313937843,24.978330207297915,24.978584125544955,25.39632429535635,25.78233378377928
2990-IAJSV,92.0,90.01751764078456,90.00352857026093,89.99997516393086,89.14663237623972,88.81886645612683
5136-KCKGI,103.7,104.8796012495025,104.89245087370813,104.88013985905386,104.4777757039764,101.62257884787122
8990-YOZLV,66.9,64.92904589999944,64.9198576178866,64.92102117445927,64.48389863706086,65.57819160671573
0750-EKNGL,20.75,19.961229001216513,19.95793167413928,19.958542632767532,20.405624153214283,20.466207628905188
2636-ALXXZ,69.6,69.91593430774415,69.90584509843157,69.90611477070725,70.03754013372357,69.79960688971408
2792-LSHWX,83.4,84.89940318656886,84.89136050282949,84.87624918834592,84.42046467310007,81.14977331173155
7639-SUPCW,48.8,50.01078069596021,50.02151001484532,50.0263886456549,49.80340774920674,51.29692932468188
5197-PYEPU,94.45,94.95719872422006,94.9688005835382,94.9605730790081,94.57383737930363,92.80406641449099
2027-DNKIV,58.75,59.98093321498282,59.99202817821472,59.991098066378505,59.481851106977835,59.8760818159042
3324-OIRTO,104.65,104.9373515081152,104.91529776754942,104.90661352346993,104.35939049398807,102.11310970822403
0089-IIQKO,99.95,99.96937969015659,99.98112274177365,99.97376446598561,99.66238399500078,97.76296801829454
6202-JVYEU,19.9,19.946899148874547,19.94566292280661,19.953105527260313,20.407752969015817,22.01952176383365
2582-FFFZR,50.6,49.954104980120704,49.964505351845986,49.978776358372386,51.05248567742244,53.926667828299216
9000-PLFUZ,49.45,49.939463557553694,49.943898240887265,49.959981933089715,51.0638330653634,54.30621345508689
8755-IWJHN,95.35,94.93274621184983,94.91630456707631,94.91743737931094,94.69703221496042,94.46093249298232
3675-YDUPJ,19.85,19.944385178558537,19.94489611805108,19.948560503943582,20.408817376916584,21.19242540977419
0774-RMNUW,59.7,59.98723293048149,59.97349294923959,59.977958034839276,60.620212212319124,61.585899508605564
6900-RBKER,89.45,89.91066287279621,89.92421428202886,89.92062679736821,89.84068340131819,89.31372288084867
1583-IHQZE,112.95,109.92384330801409,109.9295544552209,109.91513171625697,109.33925285262667,106.05727180712164
4443-EMBNA,24.75,24.928967224303218,24.91449379812243,24.924062853127417,25.470832848409984,27.493364645588123
3197-ARFOY,105.0,104.89906218753305,104.90964343099286,104.89268023998497,104.23181053917307,100.1194044473938
9750-BOOHV,30.15,29.89213036404783,29.90337483554291,29.91121181595992,31.1531366533586,33.05410657226108
0723-FDLAY,85.25,85.00274416396647,85.01332217274683,85.01485970070735,84.3672815426132,85.04089677074572
0178-SZBHO,87.2,89.98902023439592,89.99727710498962,89.99257825554534,89.82961200640239,88.65687179110705
7299-GNVPL,84.4,84.94394379048427,84.95568611799166,84.93839815823455,84.44388164691694,80.70847812289225
2325-WINES,104.05,104.91825547124444,104.93269621735234,104.92491635341119,104.56541776299977,102.75448527573371
NEW-07295,43.52,45.01256774412037,45.00219948537513,45.01081448648128,45.031507770885575,47.24510059428233
2225-ZRGSG,93.9,94.96284819035489,94.95246003651238,94.94130405897806,94.358349399417,92.26126508852556
2924-KHUVI,100.55,99.86304358712746,99.8630789283311,99.85861432903309,99.63490309407665,98.13634541506772
4325-NFSKC,90.6,89.94941207619266,89.95939296638026,89.95486331471398,89.71110211825679,88.47245224243008
8550-XSXUQ,70.55,69.99224712871475,70.00089497687605,70.00892469817296,69.66864728620635,71.7231689486652
8181-YHCMF,60.3,60.01217908451535,60.003384648532155,60.01082734154476,60.73482556782912,62.42866847545722
3639-XJHKQ,60.6,60.06331839422458,60.07315272796261,60.075736191879614,59.50582239645102,60.797642615073805
2650-GYRYL,19.45,19.985455157741793,19.996355894390053,20.00368637117687,20.433298758634205,22.05929094895849
1137-DGOWI,70.25,69.97729038468384,69.99082414007117,69.99042514971399,69.44752460208812,69.47864809347394
6892-EZDTG,91.65,89.92153138153367,89.91824589161365,89.91536297671036,89.78384246666943,88.75884614919934
NEW-07362,87.74,90.01875505087875,90.01933107568948,90.00790881141529,89.07105941528533,87.1142334124983
9866-QEVEE,86.0,84.92544832348244,84.93542298833921,84.93170738700655,84.93820394897553,84.00539747104807
1470-PSXNM,93.65,94.94923623094226,94.95594951396671,94.95344572520182,94.69909481382129,94.15611131906182
3237-AJGEH,31.0,29.964881418981392,29.95650265863532,29.96766098720614,31.167844659473534,33.70693056616405
5570-PTWEH,75.15,74.92899183952801,74.92325162034032,74.92251685420048,75.03675553907176,74.64642208759952
2480-EJWYP,97.8,99.87583328053333,99.87414368320358,99.87264711661948,99.72573837680233,98.7609226360886
6828-HMKWP,21.05,20.013825426253533,20.024806148492004,20.026907502611387,20.410946192718114,21.086639678428583
NEW-07754,20.15,19.966448479565365,19.95378104096069,19.954207294981316,20.39923770580969,20.45084827639355
4987-GQWPO,25.1,25.012449714510247,25.019192685605123,25.03312261887106,26.387623122442033,29.549667444698745
6158-HDPXZ,25.35,24.952555453360276,24.941503276076055,24.952596259436344,26.370592596029773,28.85947660494849
3976-HXHCE,19.3,19.95027763784087,19.93279491389564,19.940077683639046,20.47481066676409,22.15548132002209
5793-YOLJN,21.0,19.928739113977635,19.93568484494256,19.938395940120174,20.456715732451062,21.23666397588446
NEW-07220,111.23,109.97625763664453,109.96903231802852,109.95707000949517,109.32754436571825,106.50158100817717
0030-FNXPP,19.85,19.944048207937335,19.93551841427526,19.936250616172025,20.40136652161122,20.433024796623712
3727-OWVYD,61.2,59.96664056364094,59.97962260850167,59.97665789678124,59.52285292286329,59.491033988698106
7613-LLQFO,84.45,84.93306151191501,84.9369031352414,84.93478082414123,84.95410385054635,84.31805406595154
7239-HZZCX,19.75,19.963759660545115,19.952528222828562,19.953063907819747,20.39923770580969,20.418065493834142
5522-NYKPB,85.9,84.98069945441475,84.99112895918228,84.9824230800902,84.76597781135187,82.57769782084142
5120-ZBLAI,75.7,74.95771051116115,74.9625358287785,74.96840847747939,74.74029086304637,75.91138726795369
0956-SYCWG,19.65,19.9419226361509,19.94403087093524,19.948771266278236,20.41201060061888,21.36075859122642
9842-EFSYY,57.2,59.99920271373165,59.994414771576096,59.99665542532824,60.621127626942936,61.222949916300266
6358-LYNGM,74.9,74.93264283307586,74.92344705944504,74.92289642296878,75.03462672327024,74.89524584784846
NEW-07479,20.03,19.9321417523067,19.929823791900017,19.928878103901003,20.39923770580969,20.418065493834142
6215-NQCPY,99.7,99.92882645907801,99.93634391442501,99.92780759469726,99.59126237014523,97.42327897735137
2429-AYKKO,19.85,19.95027763784087,19.93279491389564,19.940077683639046,20.47481066676409,22.15548132002209
NEW-07593,97.03,94.92931411807834,94.92026237408747,94.90227542446628,94.37711330056673,90.37653727050848
3796-ENZGF,67.25,69.93597505256866,69.93621669218878,69.93674838970064,69.6123826607427,70.15559150921916
3957-HHLMR,65.2,64.99027545208357,64.96782691257113,64.97331223496899,64.73600380148169,66.12916334615669
3647-GMGDH,94.7,94.93698127501602,94.9487008186632,94.94266862681849,94.71943321511624,92.83207789533836
8809-RIHDD,103.4,104.93342985538791,104.91898492130545,104.91601356532915,104.60799407903042,103.92705774340396
4727-MCYZG,55.55,54.97033146792339,54.95943213259032,54.960213553511835,54.915925654377084,55.23948885770713
3794-NFNCH,50.0,49.95181419916133,49.96473199829607,49.972260285767206,49.92972959162517,51.82201839072937
7625-XCQRH,76.5,74.90955716802993,74.91250215567311,74.91229691429712,75.04527080227788,74.98092311747074
3873-WOSBC,25.6,24.96808289512413,24.960710922734954,24.96932586818513,25.46657521680692,27.3905449769903
9356-AXGMP,110.7,109.89220069996517,109.90562272635788,109.8953610938621,109.27822099112247,106.64339383394824
6618-RYATB,79.55,79.88832078246591,79.87918630115779,79.87401687963526,79.9019807148876,78.81940972952589
NEW-07407,20.43,20.014938512770428,20.00263966801425,20.002119195850916,20.39923770580969,20.418065493834142
9092-GDZKO,24.85,25.0160399124321,25.026675914285455,25.034275954278133,25.41867686127244,27.199416209275228
1304-SEGFY,97.85,99.84648188988686,99.83150698770879,99.83178261158395,99.7697401997012,99.44615432474797
9589-ABEPT,92.45,94.85309604296197,94.84416562185939,94.83731630893666,94.64815222786146,93.11964712528814
0218-QNVAS,100.55,99.94374268936753,99.92058007062167,99.91495193437626,99.73957567951228,98.14485244631292
6614-YWYSC,25.0,24.964285630020203,24.966061953011156,24.975733094483736,25.460188769402322,27.480322590100762
2034-CGRHZ,102.95,104.98828269995825,105.00226264455625,104.99576463247055,104.55690249979364,102.87391468431977
3585-ISXZP,95.65,94.9318566800219,94.93143003635947,94.92279094322978,94.8342641024348,92.51730357520502
3472-QPRCH,25.25,25.030649714328163,25.049973711831072,25.054492181845063,25.43783620348623,26.81035212019873
NEW-07616,69.54,69.92256946657133,69.9127151799559,69.91114502578111,70.03754013372357,69.56376034046272
2812-ENYMO,54.55,54.98456456327581,54.99557583570024,54.998073247256826,55.73405997745543,56.1664294634062
0455-ENTCR,85.25,84.9844827732035,84.98096073912359,84.97990489560007,84.27289193721776,84.23320555256679
9451-LPGOO,86.8,84.9200721910846,84.91906524320768,84.9163988221795,84.92543105416632,84.17630100618294
NEW-07963,55.18,55.040177780564534,55.028990860844175,55.02813677160069,54.69398501014518,54.90137606339695
3551-HUAZH,74.4,74.94487557374693,74.93557788640531,74.93668756512872,75.03462672327024,75.13109239709982
NEW-07208,67.93,70.04305705294058,70.03316423669231,70.03149652963938,69.39443169460493,69.28521361141911
1925-GMVBW,20.55,20.009847340854044,20.00439876063352,20.007630562798532,20.403495337412753,20.989122476526006
9286-BHDQG,45.25,45.04141189900555,45.026258518866314,45.03374365568514,45.696444087978065,47.81308436092852
6723-CEGQI,45.25,44.95758894915884,44.95196171893621,44.95817496302127,45.97986046901795,47.78706772950903
9921-EZKBY,95.3,94.98998298218689,95.00406215413315,94.9950635302389,94.5700070636087,92.80277924924374
5605-IYGFG,69.85,69.91160835879953,69.90979720164029,69.90706379472101,70.04392658112816,69.31533662993584
8981-FJGLA,78.0,79.9541497686418,79.95635465954071,79.9501154534624,79.91262479389528,78.90508699914818
2690-DVRVK,20.55,20.00240594321391,19.995501208524715,20.00006096073961,20.403495337412753,21.31847110468334
NEW-07116,21.22,19.94489176104687,19.93352731434398,19.934242510585932,20.39923770580969,20.418065493834142
4806-KEXQR,79.9,79.91126415424438,79.90584533124435,79.90211265944689,79.92515124091737,78.81952034624831
5569-IDSEY,105.7,104.88917576290446,104.86804049062911,104.86575011825732,104.60692967112965,103.60410693342693
5939-SXWHM,26.3,25.00871483678643,25.02351055416129,25.028975088267217,25.446351466692363,26.96158767902222
7218-HKQFK,94.2,94.91360298729276,94.90579880535438,94.89821630439384,94.62591431312576,92.26510432342099
2530-FMFXO,103.2,104.93265178258267,104.94112887393811,104.93472780396664,104.54783292093119,103.15787457927874
NEW-07686,63.99,64.94581290798575,64.93681679668691,64.93221543549154,64.50372694611137,63.59366334110536
1685-BQULA,93.4,94.94191295247171,94.95557923691729,94.95109664585443,94.68951514271438,93.65539860221467
7515-LODFU,20.3,19.982336373279836,19.970169546099847,19.978472872402946,20.471617443061792,22.31298903281172
5998-DZLYR,94.35,94.87058617322029,94.87510042727996,94.86959139274381,94.61628620777915,93.36860859982741
NEW-07452,72.7,75.03749584224704,75.03873549136678,75.03737249173474,74.43709411938875,74.58088240859729
5445-UTODQ,81.1,79.89329147158737,79.8916364646723,79.88979207658744,79.95169522149587,78.97175237570653
3836-FZSDJ,24.85,24.96006786447253,24.945625533567277,24.956675392521177,25.470832848409984,27.729211194839493
3346-BRMIS,48.35,49.95508716991214,49.96373616056553,49.98072417664824,51.04822804581938,54.14579319431688
5055-BRMNE,106.7,104.94860079086831,104.94145565381433,104.92843392970349,104.4417348286273,101.50285505881513
2235-ZGKPT,50.85,50.00855278305463,50.00163832588825,50.00601846306186,50.031787584134534,51.39369110691097
3518-FSTWG,109.55,109.91199145437866,109.89956149316205,109.89357037505295,109.35754149143548,107.70682672924022
4119-ZYPZY,106.8,104.90502747482716,104.89230882486683,104.8880758391912,104.53469892715451,103.44419393446937
7145-FEJWU,105.3,104.98442411451282,104.98926205171398,104.98135383010501,104.54412960498445,102.79265053669164
8966-SNIZF,19.45,19.919315634353463,19.90601925375884,19.914421823064945,20.472681850962555,22.135766192715145
NEW-07066,102.21,104.9136738301003,104.90399465008457,104.89519151449974,104.48929048638904,102.3172434351191
2061-VVFST,19.5,19.964852168899203,19.976575327244575,19.9827433249744,20.437556390237273,21.42664158996989
0122-OAHPZ,73.85,74.911244274249,74.90984960227118,74.90955375068275,75.04101317067483,74.94338798291949
2360-RDGRO,104.25,104.90699039299685,104.89622656099431,104.89248537320304,104.51183675680093,103.10766025300612
3914-FDRHP,86.25,84.94920668416441,84.94882259348589,84.93931544715502,84.74894728493962,82.35995608191885
NEW-07956,20.37,20.018157733961317,20.01567661524553,20.017565036100727,20.39923770580969,20.99089857793883
8434-PNQZX,78.45,79.99031373677181,80.01014763575462,80.01230251871664,79.52689884748246,80.52272850016757
0023-XUOPT,94.1,94.94550430429037,94.95219209954237,94.94580856470591,94.6607761293937,92.90438168745357
6691-CCIHA,84.95,84.95172348693066,84.95465829722778,84.95623515076659,84.2686343056147,84.83430072009953
2925-VDZHY,88.7,90.07431950101477,90.05977490603695,90.05620273361552,89.14663237623972,88.85164923868624
NEW-07493,72.52,74.93264283307586,74.92344705944504,74.92289642296878,75.03462672327024,74.89524584784846
3243-ZHOHY,20.1,19.90301273661899,19.90730882712655,19.908059131726638,20.415203824321182,20.556782106712355
5919-VCZYM,20.05,19.96333788399035,19.953547516481002,19.954090693604897,20.400302113710453,20.425409135783
3966-HRMZA,75.05,74.9052150965166,74.89767255076023,74.89017243070468,74.90702294114247,73.04025561588774
3292-PBZEJ,111.4,109.97414239510755,109.9790687794605,109.97037005099679,109.33818844472592,107.11967067264874
NEW-07923,40.89,40.03403164677159,40.024178345893176,40.02995824773219,40.753517135406284,42.520630483199156
3677-IYRBF,30.4,29.97975501360818,29.971152270593134,29.990465580582782,31.239010995547915,35.39853743040592
9122-UMROB,20.3,19.963759660545115,19.952528222828562,19.953063907819747,20.39923770580969,20.418065493834142
0929-PECLO,89.6,89.9124454150014,89.90353683960862,89.90479699834933,89.85239188822662,89.79791312892368
7727-SHVZV,19.5,19.989599569531382,19.988959413156948,19.99246450905818,20.407752969015817,21.024481459942365
2754-SDJRD,100.15,99.95644630889883,99.95626731839081,99.94877842557935,99.62938735007702,97.55286200032296
7078-NVFAM,35.15,35.00489122593223,35.018868384150466,35.03224356420306,35.99139053268781,39.10288337891305
4277-BWBML,19.95,19.98851883296749,19.970569449804387,19.978032308095337,20.47481066676409,22.1882641025815
1891-FZYSA,89.95,89.92521654564311,89.90759793954018,89.91128147806603,89.85302898021924,90.0908724041095
1628-BIZYP,85.0,84.92943069768616,84.9212954923342,84.91552296852427,84.76021189654429,83.27757678238217
3058-HJCUY,102.6,104.93504396303621,104.94550078068738,104.93875410267994,104.53186680241969,102.8559466312841
NEW-07398,79.02,79.97236953488469,79.9628745305982,79.96485500764246,79.4376822883139,80.03440039914625
7740-BTPUX,113.6,109.91102866136066,109.92305886016075,109.9172463039377,109.38502239235963,107.85259188507678
5046-NUHWD,45.0,44.95245966635807,44.966478506389116,44.98148517980846,45.90171530476518,48.80582299215406
NEW-07329,71.66,69.9548804192984,69.94382571665699,69.94137891657846,70.03754013372357,69.56376034046272
8050-DVOJX,81.35,80.05295368637728,80.0702721578825,80.06703013216354,79.21438235415441,79.18961248668614
7718-UPSKJ,106.4,104.8838932719448,104.8657871866346,104.8552549747485,104.28503093421138,101.40161322489396
7562-UXTPG,70.15,69.86099567854826,69.86488371144752,69.85962498448845,70.05031302853277,68.8332211435686
5651-CRHKQ,86.2,84.88724427136174,84.89963122269349,84.89362766900325,84.58084756834302,83.14881855607965
0128-MKWSG,45.8,44.98072698514141,44.99127324308941,44.992474283704425,45.82629133708774,46.29931204424757
3269-ATYWD,95.65,94.93430375399974,94.94667728403863,94.94411834022245,94.86726074735856,93.8647943674133
6479-SZPLM,19.45,20.022263454042708,20.04209781427692,20.04527167521114,20.436491982336506,21.40977728680591
5839-SUYVZ,74.55,74.95461565050442,74.96150054664446,74.95533836614311,74.84862949987729,73.50714852531621
0621-TWIEM,45.55,44.99864153846707,44.99951321255676,45.00970579389566,45.041087441992474,47.61755189752694
3714-NTNFO,84.5,84.88348967628612,84.89002122131517,84.89009878749869,84.97013618599851,84.78749099467586
6806-YDEUL,19.5,20.003097639866752,19.998887131884587,20.003993681578418,20.40455974531352,21.23340074329368
4163-KIUHY,25.6,24.981558701061484,24.99410738491008,25.004131222573825,25.4325141639824,27.686928031251394
8246-SHFGA,21.1,20.023653921695086,20.03021763235763,20.03359026725446,20.416268232221945,21.108256333584396
2982-VPSGI,94.0,94.89163774921018,94.89523563001529,94.89231031165242,94.8374573261371,93.57368604090694
6689-TCZHQ,78.95,79.9197857118561,79.91494828345174,79.91008049271659,79.92621564881813,78.36505213583075
3143-JQEGI,88.35,89.9474781748151,89.95075275037128,89.94282068890891,89.84249955239196,87.56412575585463
2657-ALMWY,84.95,84.91489196088477,84.9284208329657,84.92352959975298,84.78682209406344,83.11292837217918
0303-WMMRN,19.25,19.946494061332373,19.94122427099671,19.944790554544063,20.403495337412753,21.14754663327409
5583-EJXRD,54.05,55.027603166882706,55.047961851875954,55.052836814469664,55.551058550248115,57.10851598099369
1482-OXZSY,100.4,99.93293726181153,99.94735427538767,99.93814903767498,99.60722848865673,97.32255371192241
NEW-07652,54.22,55.04857926961309,55.03980998457263,55.044946795271855,54.778141772837316,56.41707438385088
5472-CVMDX,38.9,39.90244601079603,39.8929726643803,39.899410197069926,40.85393257704579,42.65544011400257
2577-GVSIL,73.45,75.01568971555258,75.02713010023328,75.03080717879291,74.65209400055971,75.67287286727242
8614-VGMMV,49.1,49.98773812269951,49.993728846275836,50.00526909364383,50.043496071042966,53.00071665370928
2235-DWLJU,44.4,44.96089572691213,44.9571568876929,44.97327095238824,46.168101159392805,49.2298322991761
5180-UCIIQ,40.05,39.991202358335144,40.00093390086718,40.007939859489156,41.02691045784245,42.41284769042226
7526-BEZQB,96.05,94.92302152925235,94.92711786769331,94.92280449840419,94.83852173403787,93.55096708921499
5863-OOKCL,18.85,19.941095772053963,19.940991411766536,19.941846807220806,20.408817376916584,20.493950951480826
7941-RCJOW,19.55,19.956212245834163,19.95130703421147,19.96037897445382,20.467359811458724,22.674973424390778
3411-WLRSQ,74.6,74.92949176236844,74.92454434787057,74.9226379224246,74.87792282885431,74.03168654812114
1984-FCOWB,109.5,109.86966690500188,109.8499482958157,109.84580874239504,109.40098851087112,107.97579725111082
1855-AGAWH,93.8,94.8686347937581,94.88151680597431,94.87733422868905,94.72901288622313,93.25594076914466
6956-SMUCM,99.0,99.94613504664699,99.94047281236416,99.92850086831024,99.44875687740677,96.44340224953463
2740-TVLFN,50.15,50.012510893964496,50.00278099462335,50.01385289444845,50.02859436043224,52.87315194726598
8410-BGQXN,19.4,19.962494330880816,19.955443641665095,19.956007867222574,20.402430929511986,20.44091247635629
0402-OAMEN,24.45,24.979724299973764,24.96230042080896,24.97096230804918,25.47189725631075,27.519749609967228
3230-IUALN,81.0,79.95764380919331,79.97506327936108,79.96986319872238,79.28255289404316,78.58076906219983
2806-MLNTI,105.1,104.90942225811611,104.91494034409044,104.91186355249636,104.5867059210151,103.39032274892881
9762-YAQAA,81.4,79.94254077081811,79.95488793767632,79.9491368140572,79.91332810282856,78.85139663764777
2798-NYLMZ,108.55,109.91121465768443,109.89917256604568,109.88988483822283,109.31334645184775,107.06492921452697
0015-UOCOJ,48.2,50.000341968794146,49.99846019614436,50.006109481503806,49.78744163069525,51.666143406385494
0334-GDDSO,81.35,79.96093323441487,79.95593456626298,79.95504993919502,79.87500941840096,79.62695511854538
2737-WFVYW,45.25,44.95035009246013,44.94142375985883,44.95582732692977,46.163843527789744,48.9618909932107
7538-GWHML,69.65,69.918858283512,69.9098297673238,69.90545811484348,70.03860454162434,68.87262952411822
6559-RAKOZ,97.95,99.91947933184215,99.92446145650294,99.91918505403356,99.67302807400844,98.24857831242184
5886-VLQVU,89.85,89.91513695760341,89.92935078647872,89.92451626990956,89.75035772303002,88.36789965024154
7964-VEXDG,80.35,79.99803490668944,80.00789569012042,79.9995161045836,79.80546229369062,78.23581610016856
NEW-07131,24.39,24.990297139733876,24.98916306744326,24.99191026083753,25.39632429535635,26.28960130276515
6048-NJXHX,19.75,19.924399109891247,19.944050192312943,19.953297022061932,20.441814021840337,22.49185929543571
6723-WSNTY,108.1,109.91258486805066,109.89978486826777,109.89512107966797,109.39673087926805,107.81334636173389
1410-RSCMR,71.35,70.0857415910958,70.08446974955189,70.08264468964674,69.33433675344637,69.2614442637529
5619-PTMIK,53.1,54.98437414488665,54.99327280478711,55.0007920844859,54.826040128371794,56.647711144355476
6288-CHQJB,69.95,70.01245011317515,70.02257032392725,70.01976103920362,69.38436392478238,69.27888272666193
6617-WLBQC,81.85,79.95883153703524,79.9692790382953,79.96050665915227,79.80759110949217,77.99787309559404
2603-HVKCG,101.4,99.93402604074065,99.94874101295426,99.94160039803887,99.56726676555235,97.70406140524125
8760-ZRHKE,69.2,70.02364838252655,70.00002742418924,70.00715254966231,69.59867284558786,71.26274619949913
NEW-07836,70.23,70.04036013284122,70.04034052115458,70.03672175812197,69.44000752984209,69.21661411865216
2911-IJORQ,90.6,90.01276685933979,90.02702888139473,90.02364392826914,89.10937809971291,88.75571840180858
7901-HXJVA,76.45,74.94485528310895,74.95002625189046,74.94501576715415,74.9187314280509,73.74275072989026
7013-PSXHK,80.75,79.92058013598715,79.93096406819426,79.93166162154552,79.52477003168093,79.94650142226759
6797-UCJHZ,104.6,104.91878864494838,104.90555021306395,104.90119768470674,104.60160763162582,103.01363448586731
0516-VRYBW,20.15,20.001430056657426,20.006594147089785,20.00903930556653,20.417332640122712,21.119952277803023
5692-FPTAH,45.4,44.94592505809412,44.93512028945378,44.941260781504035,45.031507770885575,46.70505029273705
6844-DZKRF,50.2,50.0403885831598,50.03155054491601,50.036693764972505,49.82769542642857,51.353681653804394
8496-DMZUK,90.4,89.94703677295331,89.96189202351152,89.95064688086455,89.52064983574411,87.30578256022889
7841-TZDMQ,46.0,45.03101386706385,45.02221968751215,45.030662669500245,45.03257217878634,47.252444236231185
5774-QPLTF,20.35,19.930202935388092,19.932785076383354,19.93894410051422,20.45139369294723,21.829055407009058
7463-IFMQU,20.05,19.918472081243927,19.901457096134116,19.910155622830356,20.47481066676409,22.1882641025815
9129-UXERG,103.6,104.96912975712863,104.97936478687825,104.97017196372715,104.4782853084139,102.1384840110315
0486-HECZI,96.75,94.92595893622874,94.92929651810385,94.92518453790714,94.58767468201358,93.36230314835093
9420-LOJKX,99.1,99.94578452301135,99.95412798510318,99.94112345521029,99.43242965992778,96.27613104302371
1769-GRUIK,71.1,69.89653136564203,69.90458398075396,69.9035956130426,70.0556350680366,69.72559682288633
7627-JKIAZ,78.95,79.92684185542184,79.94070611392564,79.94079063925211,79.9402993993152,79.82798582566164
5394-SVGJV,98.8,99.94786777552784,99.96040150764978,99.94973143932265,99.66025517919924,96.99716611443823
NEW-07776,44.19,45.034076479513594,45.02395968678282,45.03064292065126,45.031507770885575,46.579408918548374
3546-GHEAE,19.45,19.9296110929781,19.935227243210736,19.93435682884879,20.405624153214283,20.466207628905188
1140-UKVZG,24.8,24.948216702675115,24.95486940744085,24.95696656223106,25.41335482176861,25.899691539424843
1552-AAGRX,106.4,104.93902257140292,104.95278042650699,104.93746643642444,104.40235173629895,100.72531667120225
1110-KYLGQ,108.25,109.96338152663662,109.956072957033,109.94439067144532,109.3479618203286,106.51205093983111
6586-PSJOX,55.2,55.07830087581637,55.081834008402915,55.08221749928728,54.708886720755906,55.536208288826124
6175-IRFIT,78.75,79.88877630081568,79.8838904477802,79.87309142926752,79.92621564881813,77.2925894394362
5854-KSRBJ,25.4,24.95135373165889,24.93725609086417,24.94276914576872,25.46976844050922,26.927201398555596
NEW-07217,80.2,80.08481755380276,80.0853484432024,80.07850142096643,79.27884957809644,78.22156078908463
6650-VJONK,43.85,45.012874978515015,45.00272859399246,45.01136293848671,45.031507770885575,47.24510059428233
4854-CIDCF,73.85,74.94285966638421,74.93560046795606,74.93219174922763,74.90702294114247,73.87687176303095
7601-WFVZV,19.55,19.963759660545115,19.952528222828562,19.953063907819747,20.39923770580969,20.418065493834142
1855-CFULU,20.05,19.95585917205363,19.948573560140776,19.950977612148705,20.402430929511986,20.67675902560766
1834-ABKHQ,50.95,49.987375712499805,49.98908614597492,50.00004304601539,49.953146565442026,52.760013232176455
6278-FEPBZ,20.25,19.94151754860873,19.940352017102853,19.941183749309317,20.407752969015817,20.484431158397086
8062-YBDOE,69.65,69.9348022072424,69.92484600691616,69.92493616794107,70.03754013372357,69.79960688971408
3345-JHUEO,20.2,19.984560407754753,19.978275356660887,19.98591948523448,20.402430929511986,21.976003081792854
0481-SUMCB,102.15,99.88954323782244,99.89839905530184,99.89555935866554,99.74100118638053,98.73573683864923
3404-JNXAX,80.75,79.94030201706181,79.94434419424209,79.94370420426642,79.88297036595077,79.72967128795324
4616-ULAOA,110.8,109.95588722402763,109.95360267159887,109.94489369611932,109.39566647136729,107.55274696145457
9728-FTTVZ,69.2,69.90370156707309,69.89371427147131,69.8923236285473,70.03754013372357,69.56376034046272
2097-YVPKN,25.75,24.915221419306114,24.910055919979317,24.91468436717527,25.46444640100539,26.767934171937867
0885-HMGPY,69.4,70.0267171680533,70.02936947982164,70.0283734648053,69.34380177337286,70.0072775215927
6478-HRRCZ,70.5,69.94211255088393,69.95566412859506,69.94893520764683,69.33184683867735,68.04904244380833
0269-XFESX,24.35,24.96724276186501,24.975967797503234,24.978045337090276,25.41974126917321,26.006730270673927
7094-MSZAO,20.05,20.049269059711403,20.049749849881177,20.056068833377125,20.408817376916584,21.76525849387888
9365-CSLBQ,24.35,24.96386961220282,24.947335665015544,24.951759442218407,25.470832848409984,26.920531561483436
2794-XIMMO,60.45,59.93768370308953,59.94094626490172,59.953161539652776,60.718859449317634,63.07281743081893
8869-LIHMK,115.1,114.90657739984213,114.90720645793061,114.8940632120237,114.1441494758716,111.3359716289419
6784-XYJAE,55.8,54.97109735069262,54.98244292850215,54.991174374730804,54.93320262857643,57.35433622666034
7596-ZYWBB,59.6,59.92065963971398,59.917490255669385,59.91707472199347,59.482554415911125,60.14606258186707
7873-CVMAW,88.55,90.03607830588815,90.02200037012818,90.01824810915923,89.14663237623972,88.81886645612683
5373-SFODM,85.25,84.93613387072736,84.95002727885262,84.95003020414771,84.95629888328855,84.51910106619184
1660-HSOOQ,49.65,49.97698337634829,49.96678926533153,49.972043351161105,49.898861762502946,51.465830321557696
7486-KSRVI,100.0,99.88376879604414,99.89325028742923,99.88720913264986,99.66664162660383,98.09910463404248
5067-XJQFU,108.45,109.95363350361558,109.93974594321253,109.93546337847866,109.39673087926805,108.1099122073318
7696-CFTAT,19.8,20.00328101238435,20.022983249986304,20.026434206320637,20.437556390237273,21.42664158996989
NEW-07903,92.47,89.98570780765942,89.97823405865151,89.97613970802004,89.07105941528533,88.64932401793486
7134-HBPBS,108.1,109.9083656685851,109.8943506401345,109.88832122249717,109.40311732667264,107.9347930820712
