cliente,real,bagging_random_forest,gradient_boosting,adaboost
1024-GUALD,24.8,24.885775,25.251160683324283,35.61158658658669
0484-JPBRU,25.25,25.475999999999978,24.851579799686185,25.008661417322834
3620-EHIMZ,19.35,20.19950000000002,20.00985073346448,21.67721739130435
6910-HADCM,76.35,75.17300000000009,75.3304753760336,78.59608433734941
8587-XYZSF,50.55,49.52400000000002,49.405463668656395,49.447091194968515
6818-WOBHJ,89.6,89.794,90.33702934646423,91.54957264957268
3082-YVEKW,77.15,69.78750000000001,74.47190994104483,70.38644946316178
4737-AQCPU,72.1,70.83050000000003,69.58831316447902,63.78005583126558
4853-RULSV,104.0,105.11800000000015,104.98453810078041,104.85569306930685
5766-ZJYBB,19.4,20.044197210508845,20.025420178216404,21.67721739130435
2668-TZSPS,20.45,20.044197210508845,20.025420178216404,21.67721739130435
3192-LNKRK,84.05,86.36799999999992,84.73024544280837,84.1512012012012
5315-CKEQK,51.0,50.675500000000056,48.91407285447533,51.818356328734176
5914-DVBWJ,85.45,84.88100000000003,85.56327587156665,80.81811594202895
7998-ZLXWN,20.45,19.813249999999982,20.025420178216404,21.67721739130435
6328-ZPBGN,95.15,95.00650000000003,94.60469836536502,93.32730923694777
9530-EHPOH,53.75,55.05700000000002,53.59217910382489,59.632959641255624
1853-UDXBW,70.0,69.92204761904762,70.32704304054172,78.38929236499062
2672-TGEFF,88.8,90.36233333333328,89.77870740750014,92.13153846153844
1902-XBTFB,89.4,89.53349999999992,89.65009430108994,92.13153846153844
1640-PLFMP,70.25,69.92158542191166,70.32704304054172,78.38929236499062
3679-XASPY,19.45,19.568741666666668,20.025420178216404,21.67721739130435
7356-IWLFW,80.0,80.192,80.36438602187926,80.08785714285717
9036-CSKBW,107.45,109.763,110.07559927826578,106.16256983240241
8952-WCVCD,104.45,105.89350000000019,104.33279034204686,100.3707188160675
2100-BDNSN,67.95,66.34700000000004,69.1456679510166,65.64758169934628
2869-ADAWR,89.3,90.18808333333331,89.77870740750014,92.13153846153844
5832-EXGTT,60.2,62.18149999999992,61.022187315953076,61.467292377701796
9402-ORRAH,91.5,90.74299999999994,89.7612327766693,92.72885906040271
4967-WPNCF,63.7,65.43322500000004,64.00231301443932,60.9789855072465
8033-VCZGH,103.95,104.39949999999997,104.82881171308388,104.0157427937915
9392-XBGTD,20.6,19.83150000000001,20.015181098124888,21.67721739130435
0078-XZMHT,85.15,84.98549999999994,85.46109257848701,81.20147198480548
0743-HNPFG,69.75,69.47550000000005,69.85338549692028,64.31375065479295
5334-JLAXU,94.1,95.00100000000002,94.78134264646599,93.45585443037977
5696-EXCYS,19.45,19.594000000000005,20.015181098124888,21.67721739130435
2569-WGERO,21.15,19.955841666666675,20.04119103248886,21.67721739130435
5219-YIPTK,104.4,105.01150000000001,105.23268325081266,100.3707188160675
5553-AOINX,104.9,106.81400000000002,105.04145414005251,103.38468368479492
5502-RLUYV,103.95,105.54950000000002,105.03793051342207,103.38468368479492
2058-DCJBE,69.75,69.67608333333327,70.32704304054172,78.38929236499062
2293-IJWPS,100.75,99.86299999999996,100.03050888478089,94.29385964912278
7130-VTEWQ,75.75,74.71608333333339,75.45554520861164,78.57691082802548
0080-EMYVY,51.45,50.18899999999997,49.855169302054854,48.65139607032056
0148-DCDOS,94.7,94.53750000000015,94.60469836536502,93.32730923694777
9170-ARBTB,19.6,19.59166666666667,20.00337565966752,21.67721739130435
2070-FNEXE,76.45,74.78700000000008,75.10695020694654,78.54288537549407
5364-EVNIB,79.8,79.11999999999995,80.2339027580823,79.64276729559751
1112-CUNAO,89.85,89.49599999999997,89.69366531542504,91.21770186335408
4576-CSAJH,55.15,54.031000000000006,54.892496620949146,52.46577903682713
9967-ATRFS,19.9,19.656416666666658,20.025420178216404,21.67721739130435
1360-RCYRT,30.35,30.031499999999987,30.667744638240418,36.45405549626458
5038-ETMLM,113.65,115.46560833333335,115.1538469679578,107.70765765765755
5663-QBGIS,98.35,99.26399999999995,100.07203751207112,94.1966367713005
4194-WHFCB,96.65,93.816,95.40298491526914,92.79293478260877
9481-WHGWY,75.35,76.33500000000002,75.54201394360064,73.52439939939941
5453-YBTWV,101.1,100.65299999999992,99.32711838123123,93.4003263234233
2018-PZKMU,103.1,99.43850000000006,99.1802545071248,94.0290983606558
9277-JOOMO,24.6,25.08954166666666,24.907395385657825,25.008661417322834
3629-ZNKXA,101.8,99.51600000000003,99.17802889949702,93.98219895287961
0369-ZGOVK,70.4,69.7915,70.31032888665325,78.38929236499062
3604-WLABM,54.25,54.70149999999993,53.80779531832425,52.648186215235874
4063-EIKNQ,20.95,20.22566666666666,20.030013957519206,21.67721739130435
2878-RMWXY,102.65,100.36149999999991,99.17360233433875,94.46315789473678
9540-JYROE,70.1,69.94246666666666,70.32704304054172,78.38929236499062
7515-LODFU,20.3,19.910750000000018,20.00985073346448,21.67721739130435
1839-FBNFR,19.85,20.02599999999999,20.01444451276728,21.67721739130435
5397-NSKQG,50.9,51.64550000000004,49.24753570774247,51.28509316770191
1755-FZQEC,19.9,19.975999999999978,20.00337565966752,21.67721739130435
2160-GPFXD,65.65,65.61549999999994,64.19451764473237,61.15104772991844
4415-IJZTP,74.5,75.91352500000002,75.45554520861164,78.57691082802548
9880-TDQAC,60.0,60.00187500000003,59.2528007779989,60.151859229747615
5138-WVKYJ,98.55,98.62649999999991,99.36427884662541,94.39907975460123
8844-TONUD,96.65,95.83299999999991,94.78036272870543,93.4003263234233
0080-OROZO,99.25,99.41599999999995,99.69406109110628,94.0290983606558
0953-LGOVU,35.5,34.226999999999975,35.723251116694605,39.64656675749313
5325-UWTWJ,90.55,88.14400000000005,90.29508513607092,91.37569060773477
1074-AMIOH,108.25,103.4905,104.55534440927752,100.68200514138815
5906-BFOZT,19.5,19.915333117241808,20.025420178216404,21.67721739130435
7026-YMSBE,19.7,19.61749999999998,20.008706024327928,21.67721739130435
6572-ADKRS,74.8,75.57200000000009,75.15684855023514,78.81644736842107
5922-ABDVO,89.65,89.42299999999994,89.22779888650012,91.54957264957268
6475-VHUIZ,54.25,54.69349999999996,53.85773032729239,52.648186215235874
1324-NLTJE,55.0,55.41650000000001,53.87097536628384,59.86289308176082
4361-FEBGN,20.15,19.79349999999998,20.00985073346448,21.67721739130435
8393-DLHGA,95.9,94.46750000000003,94.04717813038711,93.20731707317077
6769-DCQLI,105.0,104.02749999999995,104.52105449507744,100.68200514138815
3018-TFTSU,81.7,79.71850000000005,80.01951790052544,79.04590443686008
2324-AALNO,24.55,24.68449999999997,24.819019086198107,25.008661417322834
2300-RQGOI,20.05,20.193249999999974,20.00985073346448,21.67721739130435
6133-OZILE,35.2,35.653500000000015,35.43082277697471,38.07401531728671
7605-SNLQG,50.25,49.931500000000035,49.143760095379356,48.88239868049015
5348-CAGXB,89.55,89.33900000000001,90.21039196333008,92.06719576719577
0201-MIBOL,102.4,100.44649999999984,99.9797821851036,96.45887611749713
7083-MIOPC,20.25,20.001708333333337,20.03659725318606,21.67721739130435
0562-KBDVM,44.6,46.690999999999974,46.10055675303623,48.947031250000045
1173-NOEYG,90.15,90.74,89.22779888650012,91.54957264957268
7698-YFGEZ,20.0,20.044197210508845,20.025420178216404,21.67721739130435
9061-TIHDA,95.25,95.09750000000004,94.60469836536502,93.32730923694777
0016-QLJIS,90.45,90.48991666666664,90.45755261216895,81.79430555555656
7296-PIXQY,70.2,69.94533333333332,70.32704304054172,78.38929236499062
9102-IAYHT,85.45,85.77177499999999,84.38086769177633,89.24532374100718
6447-EGDIV,20.95,20.169649999999994,20.012231651915773,21.67721739130435
3460-TJBWI,24.2,24.923166666666656,24.89715630556631,25.008661417322834
3744-ZBHON,20.2,19.66790624999999,20.025420178216404,21.67721739130435
1092-GANHU,76.65,75.44549999999997,75.28582824410329,78.59608433734941
3948-KXDUF,68.75,69.85799999999993,69.63636578540107,63.46776827371667
7284-ZZLOH,53.3,54.485,54.997223491457184,59.02224000000001
6745-JEFZB,91.5,90.43600000000006,89.9900240364884,91.76553030303035
2606-PKWJB,40.25,40.23850000000004,40.71972196474459,45.0207587181904
1624-WOIWJ,84.7,85.40499999999992,84.54081845606306,88.80872727272741
8777-PVYGU,64.3,66.96450000000006,64.84243737605946,63.78005583126558
4770-QAZXN,19.45,19.851366666666664,20.025420178216404,21.67721739130435
8012-SOUDQ,90.25,89.93033333333325,89.77870740750014,92.13153846153844
5546-BYZSM,20.45,19.999833333333314,20.020089813555995,21.67721739130435
0523-VNGTF,50.5,48.81000000000001,50.160903303984455,51.988888888888845
3779-OSWCF,93.2,87.74370000000003,90.405719383572,82.36243042671605
8535-SFUTN,106.45,104.40049999999998,104.8390507931754,104.55187074829928
2320-SLKMB,44.45,46.01550000000002,45.20197475505629,48.905996309963236
7169-YWAMK,68.4,70.3455,69.95505781745592,64.03011363636384
8434-PNQZX,78.45,80.15999999999998,81.00419812761344,79.1167102966843
4981-FLTMF,65.2,66.02949999999998,64.24898775380494,61.15104772991844
9424-CMPOG,19.6,20.0221,20.015181098124888,21.67721739130435
3627-FCRDW,71.0,69.33983333333339,70.32704304054172,78.38929236499062
1518-OMDIK,44.55,44.91859583333331,44.373157188821274,47.8791208791204
8393-JMVMB,19.45,20.044197210508845,20.025420178216404,21.67721739130435
7638-QVMVY,79.0,80.08499999999995,79.69128233025951,81.183203125
6140-QNRQQ,71.55,70.47008113553122,70.32704304054172,78.38929236499062
7969-FFOWG,19.9,19.885499999999993,20.00985073346448,21.67721739130435
1342-JPNKI,86.05,85.25722500000008,85.26344969910629,89.99333333333333
7080-TNUWP,95.0,95.53549999999997,94.6524800123673,93.0772
8949-JTMAY,98.6,100.60100000000003,99.53180746907609,94.16735294117653
0654-HMSHN,104.4,105.34250000000003,104.56274280492482,100.3707188160675
2725-KXXWT,90.75,89.53187956349205,89.7612327766693,92.72885906040271
2439-QKJUL,20.25,20.435659523809523,20.025420178216404,21.67721739130435
1935-IMVBB,89.7,89.01700000000007,90.44230731088598,92.72885906040271
4628-WQCQQ,85.15,86.75900000000001,84.7135312889199,84.1512012012012
3724-BSCVH,20.45,20.028750000000013,20.008706024327928,21.67721739130435
7605-BDWDC,49.85,47.722499999999954,49.988886874101354,50.93786231884062
7137-RYLPP,85.7,85.32050000000005,85.23687328425764,89.99333333333333
3207-OYBWH,95.25,94.353,94.81020020746557,92.88063829787231
4707-YNOQA,25.6,24.642000000000017,24.84559550104675,25.008661417322834
6956-SMUCM,99.0,100.83949999999999,99.46940582524026,93.98219895287961
8714-CTZJW,82.85,85.60549999999998,84.92001934690632,89.54365482233506
3662-FXJFO,20.5,19.902958333333324,20.00985073346448,21.67721739130435
7623-HKYRK,19.7,19.651145238095225,20.025420178216404,21.67721739130435
1353-GHZOS,59.75,62.77249999999995,59.69682673635337,62.416244493392014
3323-CPBWR,96.9,93.845,95.00850128526386,92.76011235955048
6152-ONASV,58.25,61.04000000000007,59.396822077473935,60.98308988764039
9251-AWQGT,20.0,19.652999999999984,20.00985073346448,21.67721739130435
4803-LBYPN,20.8,20.245,20.02894580580425,21.67721739130435
8879-ZKJOF,79.85,79.90749999999994,80.2929566659437,76.93363192182431
7354-OIJLX,75.85,74.66300000000005,75.45554520861164,78.57691082802548
9129-UXERG,103.6,105.59699999999992,104.26704543155478,103.38468368479492
5302-BDJNT,95.5,93.12800000000003,94.85657483568473,92.76011235955048
7148-XZPHA,79.4,80.53850000000001,80.95201812710991,80.08785714285717
2651-ZCBXV,108.0,109.16666666666664,110.16719619639196,107.24061302681979
1304-NECVQ,78.55,79.97449999999999,80.36695669577847,79.98024390243903
3374-TTZTK,106.3,110.75499999999994,109.50725724254549,106.12919254658371
0229-LFJAF,69.65,69.84999999999995,69.58831316447902,63.78005583126558
1304-BCCFO,70.05,69.29050000000008,72.06520852726865,65.64758169934628
0455-XFASS,69.55,70.75699999999995,70.32704304054172,78.38929236499062
0221-WMXNQ,75.35,75.06900000000003,75.10695020694654,78.54288537549407
2882-WDTBA,75.75,75.27950000000003,75.59492478818227,64.85857575757574
8069-RHUXK,35.7,35.09049999999999,36.10530188381491,40.81052631578945
4806-KEXQR,79.9,80.46837500000004,79.98106730385747,80.82394636015326
2817-NTQDO,45.55,44.50450000000004,44.673350516493876,48.88239868049015
3230-IUALN,81.0,80.33899999999996,80.16601317502746,76.93363192182431
6500-JVEGC,101.35,99.61749999999991,99.86649203761871,93.67719298245606
7103-ZGVNT,73.7,73.39750000000002,74.54285298096684,70.74398073836271
1837-YQUCE,58.35,60.928000000000026,58.868882026549336,59.810123042505566
4800-VHZKI,19.9,19.850826826645577,20.025420178216404,21.67721739130435
3887-PBQAO,25.9,24.719000000000005,24.819019086198107,25.008661417322834
5177-RVZNU,20.3,19.773916666666654,20.00796943897032,21.67721739130435
1729-VLAZJ,40.25,40.10149999999999,40.60704347467464,45.0207587181904
4273-MBHYA,89.35,90.32744940476205,89.7612327766693,92.72885906040271
8690-UPCZI,69.05,69.62500000000001,69.60157446806947,65.64758169934628
6374-NTQLP,104.1,105.01599999999986,104.62927443478877,103.38468368479492
1618-CFHME,75.9,75.51687500000007,75.45554520861164,78.57691082802548
4104-PVRPS,53.6,55.014,54.8237964041162,59.16910466582591
4210-QFJMF,79.15,80.41998571428574,79.98106730385747,80.82394636015326
5787-KXGIY,19.3,19.768250000000023,20.03659725318606,21.67721739130435
3088-LHEFH,79.0,79.90250000000006,80.15032604280391,79.23625730994152
8896-RAZCR,19.9,20.060285714285705,20.00985073346448,21.67721739130435
7268-WNTCP,20.45,20.036125,20.01444451276728,21.67721739130435
5854-KSRBJ,25.4,25.440499999999965,24.84134071959467,25.008661417322834
9907-SWKKF,25.05,25.37981666666667,25.251160683324283,35.61158658658669
3932-CMDTD,105.65,106.71850000000008,104.14108697225647,96.83765432098764
5277-ZLOOR,85.55,85.07300000000001,85.26344969910629,89.99333333333333
2746-DIJLO,56.3,56.14850000000005,53.88029317307461,59.5801320528212
9174-FKWZE,19.45,19.947096909340665,20.025420178216404,21.67721739130435
9919-FZDED,84.1,84.1154999999999,85.64157377003802,80.32310810810874
9488-FYQAU,109.25,109.77349999999998,109.77077173596298,106.24953161592497
6869-FGJJC,79.6,80.75050000000009,80.06821882974859,79.77295081967215
3349-ANQNH,99.5,100.18849999999996,100.03050888478089,94.29385964912278
0222-CNVPT,48.8,51.57650000000002,49.22391560286826,51.28509316770191
6900-PXRMS,105.75,105.17750000000005,104.56274280492482,100.3707188160675
0230-WEQUW,56.6,52.417999999999964,55.14086547886515,55.591871921182246
7629-WFGLW,95.65,93.95450000000002,94.7744703726798,92.11596858638742
2235-EZAIK,79.2,80.97100000000002,80.25935601101804,78.00024429967446
5119-NZPTV,70.1,69.79587500000007,70.32704304054172,78.38929236499062
4282-MSACW,117.2,116.8005000000001,115.30179035607264,107.70765765765755
7711-YIJWC,84.9,85.19400000000007,85.1273333400781,78.38431435963818
8749-CLJXC,20.05,20.044197210508845,20.025420178216404,21.67721739130435
7636-XUHWW,19.9,20.04735454545455,20.025420178216404,21.67721739130435
0883-EIBTI,19.5,19.847645639233953,20.025420178216404,21.67721739130435
4098-NAUKP,84.65,84.7889999999999,84.85739004339334,81.5152284263959
0701-TJSEF,68.25,67.98849999999999,70.5294086275171,64.31375065479295
0689-NKYLF,83.2,85.3465000000001,84.73024544280837,84.1512012012012
9867-NNXLC,20.05,19.5905,20.025420178216404,21.67721739130435
9337-SRRNI,25.3,25.146250000000006,24.84134071959467,25.008661417322834
1850-AKQEP,20.35,19.94004166666666,20.025420178216404,21.67721739130435
5600-KTXFM,69.95,69.87373333333333,70.32704304054172,78.38929236499062
7055-HNEOJ,55.8,55.11449999999999,53.871282965543,52.648186215235874
2462-XIIJB,92.5,89.24900000000004,90.21039196333008,92.06719576719577
7277-KAMWT,20.0,19.44249999999999,20.015181098124888,21.67721739130435
7691-KGKGP,65.0,67.04099999999998,65.55138660058208,62.416244493392014
7808-DVWEP,20.0,20.178386904761894,20.030013957519206,21.67721739130435
2379-GYFLQ,94.9,95.83900000000006,94.70053263328936,92.88063829787231
7325-ENZFI,40.3,40.59000000000001,41.05322210628141,45.0207587181904
8800-ZKRFW,107.5,109.9795,109.44892640570879,105.97248995983938
9133-AYJZG,98.7,100.00100000000002,99.52391288413996,94.0941441441441
6772-WFQRD,20.4,19.669499999999985,20.00796943897032,21.67721739130435
9670-BPNXF,62.55,59.77299999999998,60.35144191817349,60.36409348441921
2675-IJRGJ,19.65,20.105816666666673,20.01444451276728,21.67721739130435
4829-ZLJTK,112.4,109.34889999999997,109.93526683960232,106.39832317073169
9950-MTGYX,20.3,19.345000000000027,20.015181098124888,21.67721739130435
9755-JHNMN,67.4,65.93850000000005,65.54864936772759,60.72058823529414
3746-EUBYR,74.6,73.77625,75.45554520861164,78.57691082802548
7929-DMBCV,81.0,79.78149999999997,80.46040591581654,79.64276729559751
9640-ZSLDC,60.6,60.67149999999996,60.84910335884639,60.35285923753661
7197-VOJMM,69.2,68.47699999999998,69.81255914337214,64.31375065479295
2696-NARTR,73.85,75.71249999999992,75.82640619344642,78.81644736842107
0689-DSXGL,85.8,85.90500000000006,85.3907250766707,80.47310126582279
7294-TMAOP,90.55,90.07299166666677,89.7612327766693,92.72885906040271
6177-PEVRA,55.5,54.16200000000003,55.283141019099595,58.7039872408293
7410-YTJIK,75.45,74.28475000000003,75.45554520861164,78.57691082802548
1410-RSCMR,71.35,68.00349999999997,70.5294086275171,64.31375065479295
8800-JOOCF,84.05,85.38425000000002,85.26344969910629,89.99333333333333
4526-EXKKN,24.6,24.843624999999996,24.84134071959467,25.008661417322834
0813-TAXXS,77.8,77.175,76.78436325089962,74.77157303370787
2320-TZRRH,19.5,19.830499999999986,20.008706024327928,21.67721739130435
0841-NULXI,35.55,35.45349999999998,35.36833828403116,42.74971751412429
2725-TTRIQ,84.2,84.10250000000003,85.39861029389434,81.57309358752207
4778-IZARL,110.1,109.83199999999995,109.48588040280573,106.18255033557038
2535-PBCGC,64.55,65.10975000000002,64.00231301443932,60.82359550561788
3629-WEAAM,64.1,63.16299999999999,65.42095880421199,61.58413621262455
6128-CZOMY,45.65,44.80436547619049,44.373157188821274,47.8791208791204
9227-UAQFT,19.75,19.671625,20.015181098124888,21.67721739130435
0804-XBFBV,25.2,24.666200000000018,25.251160683324283,35.61158658658669
4503-BDXBD,74.95,74.80700000000002,75.5567693797869,78.59132075471697
9626-VFRGG,88.5,90.14358333333328,89.77870740750014,92.13153846153844
4994-OBRSZ,76.1,72.13050000000007,74.73608831562123,64.5429885057471
3654-ARMGP,88.65,84.52900000000004,85.53052203914882,79.90110424028275
0829-XXPLX,89.4,89.40749999999994,89.57469691963664,91.76553030303035
8938-UMKPI,106.4,106.17600000000017,105.08598313434412,101.45223214285713
4854-SSLTN,59.5,58.884499999999996,60.118792025118225,60.36409348441921
9720-JJJOR,60.3,60.83150000000005,60.71611457237525,60.37435897435898
1926-QUZNN,25.25,24.061833333333343,24.826240135824584,25.008661417322834
4900-MSOMT,80.2,81.18900000000002,80.25935601101804,78.00024429967446
8910-ICHIU,95.65,95.64900000000002,93.92428607447201,92.68237179487177
4892-VLANZ,19.8,20.044197210508845,20.025420178216404,21.67721739130435
0076-LVEPS,45.0,43.58550000000001,45.62502140151654,48.947031250000045
1666-JXLKU,100.05,100.14541666666669,100.0750378790725,94.16735294117653
4003-FUSHP,61.55,61.53800000000002,59.93610012228225,61.62896440129457
7696-AMHOD,78.0,75.59800000000003,75.99113841876147,70.75216294160074
8082-GHXOP,44.0,45.459000000000024,44.373157188821274,47.8791208791204
5445-GLVOT,49.8,50.20400000000001,49.87840410807796,50.97077961939841
5195-KPUNQ,96.75,94.77449999999999,95.03700226624002,93.10973684210522
3948-XHGNA,49.55,50.47125000000001,49.91093684408224,50.97077961939841
9624-EGDEQ,19.8,19.95687499999997,20.00985073346448,21.67721739130435
7551-DACSP,55.3,55.815999999999995,54.96560011902724,51.818356328734176
8128-YVJRG,79.65,80.37849999999992,80.12116794691327,79.23625730994152
1038-ZAGBI,19.8,20.091333333333306,20.01329980363073,21.67721739130435
9153-BTBVV,25.0,24.843875000000015,24.826240135824584,25.008661417322834
9470-RTWDV,82.0,78.87999999999995,80.98228842593744,79.1167102966843
7554-AKDQF,45.65,45.14850000000001,44.373157188821274,47.8791208791204
7241-AJHFS,87.65,84.74800000000003,85.52830415493722,80.81811594202895
9633-DENPU,58.6,62.07550000000002,61.017160940985214,61.32421580928481
5480-XTFFL,21.0,19.886999999999986,20.018706725712732,21.67721739130435
7803-XOCCZ,84.05,85.05400000000004,85.04199902840855,80.25314465408805
6549-BTYPG,60.8,60.16699999999997,59.2311100875047,60.099451410658325
9114-AAFQH,65.65,62.90249999999999,64.39634473308872,61.4139721627408
3572-UUHRS,18.85,19.90599999999999,20.00796943897032,21.67721739130435
7666-WKRON,80.45,81.85349999999991,80.18835576461751,79.98024390243903
5192-EBGOV,85.7,85.20300000000002,85.26344969910629,89.99333333333333
6502-MJQAE,69.6,69.80793056061586,70.32704304054172,78.38929236499062
6400-BWQKW,79.05,80.2089999999999,80.15032604280391,79.23625730994152
5928-QLDHB,76.25,74.66300000000005,75.45554520861164,78.57691082802548
4376-KFVRS,114.05,113.70661845238097,115.1538469679578,107.70765765765755
3528-HFRIQ,52.3,54.33649999999995,54.55259209893195,58.66580645161287
2718-YSKCS,19.6,20.34410000000001,20.01444451276728,21.67721739130435
2434-EEVDB,94.6,94.94499999999992,95.29723542776908,92.88063829787231
6506-EYCNH,19.55,19.8395,20.030013957519206,21.67721739130435
3396-DKDEL,115.15,113.31166666666655,115.1538469679578,107.70765765765755
3269-ATYWD,95.65,95.04999999999997,95.26805247698131,93.32730923694777
1159-WFSGR,20.4,19.872041666666657,20.025420178216404,21.67721739130435
9835-ZIITK,110.85,108.86450000000009,109.77342952385736,106.24953161592497
9279-CJEOJ,95.4,94.80500000000002,94.60469836536502,93.32730923694777
4720-VSTSI,84.8,84.79999999999998,84.85739004339334,81.5152284263959
1360-JYXKQ,99.1,99.81900000000005,99.57393738948639,94.16735294117653
8388-FYNPZ,56.75,55.67550000000006,54.99698703023663,59.02224000000001
7868-TMWMZ,110.0,109.66999999999996,109.50725724254549,106.16654411764705
3466-RITXD,92.4,95.66249999999995,94.97271485116435,92.86815286624204
6427-FEFIG,78.6,79.03700000000002,80.72378538661357,78.8478487161696
6518-PPLMZ,19.4,20.279166666666665,20.00985073346448,21.67721739130435
6762-NSODU,19.4,19.9993,20.00985073346448,21.67721739130435
4355-CVPVS,88.9,89.08000000000001,90.39777831659437,92.72885906040271
7629-WIXZF,59.1,63.49249999999994,61.03996226325984,61.467292377701796
3049-NDXFL,85.8,85.35300000000001,84.38086769177633,89.24532374100718
3566-HJGPK,45.55,45.20801087662338,44.373157188821274,47.8791208791204
1460-UZPRJ,19.95,20.16637499999999,20.00985073346448,21.67721739130435
3712-PKXZA,20.55,20.1605,20.00337565966752,21.67721739130435
1623-NLDOT,33.55,35.589,35.75530918310037,39.64656675749313
5171-EPLKN,19.85,20.090499999999974,20.015181098124888,21.67721739130435
5569-KGJHX,85.35,85.59780000000005,85.26344969910629,89.99333333333333
7463-IFMQU,20.05,19.66525000000002,20.04119103248886,21.67721739130435
3178-CIFOT,19.65,20.214999999999993,20.008706024327928,21.67721739130435
1095-JUDTC,95.05,93.72450000000012,94.32206682570994,92.87797619047618
3719-TDVQB,18.95,20.11241666666665,20.00985073346448,21.67721739130435
4929-XIHVW,95.5,95.31700000000009,94.82500986063575,93.4003263234233
8106-GWQOK,60.0,59.04949999999997,58.375102072589065,59.810123042505566
4128-ETESU,99.7,100.63000000000002,100.0750378790725,94.29385964912278
0661-WCQNQ,56.25,55.682999999999936,54.88202117661202,59.16910466582591
4927-WWOOZ,91.45,89.52800000000005,90.2550390952604,92.06719576719577
7564-GHCVB,79.05,80.09299999999993,80.095429972374,79.64276729559751
3445-HXXGF,45.3,43.947500000000026,44.250803042199955,48.34054518664057
6670-MFRPK,79.2,80.12650000000006,80.16537036728809,80.12645739910309
6890-PFRQX,69.5,67.93700000000003,70.14708707910421,64.96739716790285
1552-CZCLL,20.0,19.455000000000013,20.020089813555995,21.67721739130435
2014-MKGMH,101.1,100.06758333333329,100.03050888478089,94.29385964912278
0303-WMMRN,19.25,20.111383333333343,20.025420178216404,21.67721739130435
3806-DXQOM,33.65,35.07699999999997,35.515342755858114,38.2941276115189
1724-BQUHA,89.5,89.98514285714293,89.7612327766693,92.72885906040271
2580-ATZSQ,61.35,60.586000000000034,60.79276580312239,60.37435897435898
7945-PRBVF,21.45,20.203874999999996,20.023300505015534,21.67721739130435
3898-GUYTS,97.05,99.20199999999996,99.97383294109945,93.67719298245606
2832-SCUCO,19.9,19.654066071428574,20.025420178216404,21.67721739130435
9779-DPNEJ,80.15,80.67149999999997,79.98106730385747,80.82394636015326
4915-BFSXL,68.95,70.06649999999999,70.1972093834248,65.64758169934628
5018-LXQQG,66.3,65.52849999999998,65.95509985707753,62.489167616875854
1698-XFZCI,107.75,109.17150000000005,110.07559927826578,106.39832317073169
1872-EBWSC,20.35,19.7595,20.008706024327928,21.67721739130435
4446-BZKHU,105.55,103.55799999999995,105.08598313434412,103.38468368479492
4607-CHPCA,90.4,90.47399999999998,89.71670378237769,92.72885906040271
9475-NNDGC,113.15,108.91600000000003,109.72537690293531,106.24953161592497
3841-CONLJ,35.0,35.5305,35.36833828403116,42.74971751412429
2294-DMMUS,70.45,71.86449999999994,72.20266537555423,70.23338108882521
5921-NGYRH,73.55,74.84749999999991,74.99354413586344,78.57691082802548
1897-OKVMW,90.6,90.41691666666664,90.45755261216895,81.79430555555656
5117-IFGPS,84.3,84.90850000000006,84.38086769177633,89.24532374100718
3866-MDTUB,70.75,71.49899999999995,70.87886305171828,69.00061138708473
1194-SPVSP,19.65,20.197574999999993,20.030013957519206,21.67721739130435
6905-NIQIN,50.65,49.730225,49.93083515122865,48.65139607032056
6813-GZQCG,24.65,25.105500000000017,24.84134071959467,25.008661417322834
9896-UYMIE,114.3,117.12950000000009,115.30179035607264,107.70765765765755
8849-GYOKR,106.55,104.79350000000008,105.17018104885865,104.02039007092202
5816-JMLGY,80.4,79.69950000000009,80.46282532317646,76.93363192182431
3990-QYKBE,92.5,94.95349999999996,95.26805247698131,93.32730923694777
6161-UUUTA,79.9,79.237,79.69128233025951,81.183203125
0396-UKGAI,55.3,54.50649999999999,54.92990819686781,52.46577903682713
0512-FLFDW,100.5,99.92199999999997,100.03050888478089,94.29385964912278
2946-KIQSP,33.45,35.77350000000001,35.43082277697471,38.07401531728671
0187-WZNAB,74.4,74.56000000000004,75.0024001281117,78.54288537549407
6867-ACCZI,52.5,52.674,54.48208848732791,58.244085281980645
7024-OHCCK,93.85,94.43583333333338,94.60469836536502,93.32730923694777
6481-OGDOO,90.6,91.6865,89.89163379889459,92.14837662337659
7377-DMMRI,47.8,49.264485714285726,49.84819336298042,50.97077961939841
1963-VAUKV,20.4,20.015912942045794,20.025420178216404,21.67721739130435
5919-TMRGD,79.35,79.95336785714288,79.69128233025951,81.183203125
6994-ORCWG,54.25,55.12300000000002,53.926859668500356,59.5801320528212
5144-TVGLP,94.75,95.23899999999999,95.26805247698131,93.32730923694777
0328-GRPMV,70.1,69.92158542191166,70.32704304054172,78.38929236499062
2905-KFQUV,70.4,69.89207499999998,70.32704304054172,78.38929236499062
8637-XJIVR,78.95,79.89500000000007,80.15032604280391,79.23625730994152
5150-LJNSR,98.05,94.49749999999987,95.46356189469014,92.87797619047618
4826-DXMUP,72.1,71.60099999999997,71.58939195653898,66.41317722681367
3518-FSTWG,109.55,109.11689999999993,109.93526683960232,106.39832317073169
2929-ERCFZ,94.2,94.867,94.78036272870543,93.4003263234233
1455-UGQVH,98.5,99.90410000000006,99.53180746907609,94.16735294117653
8485-GJCDN,69.05,70.58025000000002,70.32704304054172,78.38929236499062
0459-SPZHJ,83.5,83.45299999999997,85.6820154415087,79.85227803738302
2169-RRLFW,25.6,25.05659880952382,24.826240135824584,25.008661417322834
8818-DOPVL,104.45,105.68850000000006,105.08598313434412,101.45223214285713
1207-BLKSA,23.05,25.082958333333345,24.84134071959467,25.008661417322834
7593-XFKDI,46.3,44.855934920634915,44.373157188821274,47.8791208791204
5393-RXQSZ,79.6,80.26938095238094,79.98106730385747,80.82394636015326
5183-KLYEM,112.75,116.22466666666675,115.1538469679578,107.70765765765755
0923-PNFUB,83.75,85.06562500000005,84.52742556463092,88.88050314465414
4134-BSXLX,60.9,59.69449999999999,60.28067449025049,60.36409348441921
1452-XRSJV,51.05,50.634500000000074,49.90208085183398,50.97077961939841
4213-HKBJO,25.7,24.7265,24.86791713444331,25.008661417322834
7750-EYXWZ,60.65,59.842,59.12748956102182,60.099451410658325
7180-PISOG,74.5,74.3692095238096,75.45554520861164,78.57691082802548
1356-MKYSK,78.65,81.18449999999996,80.18027817587374,76.93363192182431
1212-GLHMD,86.05,84.78850000000011,84.45636887920368,89.24532374100718
7228-OMTPN,88.45,91.14613194444442,89.7612327766693,92.72885906040271
7682-AZNDK,89.85,90.10599999999991,89.63010422051285,92.13153846153844
6286-SUUWT,19.95,20.044197210508845,20.025420178216404,21.67721739130435
3500-RMZLT,96.3,93.28899999999993,94.09089995166886,92.91751592356687
4729-XKASR,24.75,24.891135714285706,25.251160683324283,35.61158658658669
8364-TRMMK,50.65,49.85549999999999,48.961723510485506,51.818356328734176
1000-AJSLD,20.1,19.915333117241808,20.025420178216404,21.67721739130435
4393-OBCRR,20.25,20.27023253968255,20.008706024327928,21.67721739130435
0942-KOWSM,80.8,81.17850000000004,80.48726924035472,74.90423387096763
0870-VEMYL,53.85,56.017499999999984,54.801875422546345,59.16910466582591
3454-JFUBC,20.0,19.813649999999996,20.00985073346448,21.67721739130435
2592-YKDIF,20.35,20.015912942045794,20.025420178216404,21.67721739130435
6941-PMGEP,80.0,80.11047738095243,79.98106730385747,80.82394636015326
0511-JTEOY,71.1,70.619889484127,70.32704304054172,78.38929236499062
4323-ELYYB,20.0,19.72750000000001,20.008706024327928,21.67721739130435
9500-LTVBP,80.05,80.72,80.68032509070989,79.77295081967215
8120-JDCAM,69.55,69.75933333333333,70.32704304054172,78.38929236499062
1335-NTIUC,24.95,24.63762500000001,25.251160683324283,35.61158658658669
6563-VNPMN,85.7,85.21799999999998,85.42831801317668,80.64339080459766
0668-OGMHD,28.5,30.398999999999997,30.605982071210914,36.45405549626458
0311-UNPFF,88.8,90.462,89.7612327766693,92.72885906040271
9282-IZGQK,85.0,85.96000000000002,84.38086769177633,89.24532374100718
4695-WJZUE,88.55,88.37900000000012,89.27244601843044,91.54957264957268
5527-ACHSO,70.5,70.43749999999996,71.60468336389263,66.41317722681367
5140-FOMCQ,109.15,109.02499999999995,110.07559927826578,106.16654411764705
0410-IPFTY,83.85,84.79899999999994,84.66059576244905,82.67438524590166
1333-PBMXB,24.75,24.4405,24.819019086198107,25.008661417322834
1915-OAKWD,19.3,19.867666666666665,20.01329980363073,21.67721739130435
5707-ORNDZ,54.55,54.86750000000002,54.35880505091565,60.66378378378378
7969-AULMZ,97.35,94.42500000000005,94.60469836536502,93.32730923694777
2700-LUEVA,20.75,19.997691666666647,20.025420178216404,21.67721739130435
9099-FTUHS,54.4,53.900999999999996,54.38901579601319,60.66378378378378
8699-ASUFO,74.4,74.49342499999995,75.45554520861164,78.57691082802548
7181-OQCUT,103.85,104.14899999999994,104.22334557264259,103.15312500000019
3096-YXENJ,107.65,110.00274999999998,109.77077173596298,106.24953161592497
2495-INZWQ,44.55,45.25400000000001,45.28606883592598,50.906845238095215
2193-SFWQW,111.95,108.73149999999991,109.44543873133506,106.18255033557038
3908-MKIMJ,41.95,40.60699999999998,40.31705656272689,42.59981893429889
6736-DHUQI,84.8,85.08,84.4436262058029,80.57028985507246
2868-MZAGQ,79.25,80.79397500000009,79.98106730385747,80.82394636015326
8905-IAZPF,95.65,95.46599999999997,94.61568096881304,93.49874999999996
1215-FIGMP,89.9,90.33300000000001,89.77870740750014,92.38842975206607
0772-GYEQQ,88.35,89.32200000000017,89.70192280079581,91.92168674698802
9995-HOTOH,59.0,58.93100000000007,58.98596364487075,59.34318181818179
7579-KKLOE,91.25,90.03129166666659,90.41711094069828,82.36243042671605
3594-UVONA,85.95,87.24149999999995,85.3986680185339,80.32310810810874
6641-XRPSU,70.0,69.89950000000006,70.32704304054172,78.4979746835443
5707-ZMDJP,69.7,70.44749999999998,69.91729044637182,64.03011363636384
3307-TLCUD,34.4,34.44799999999995,35.202925959552495,38.07401531728671
4797-AXPXK,60.0,59.429999999999936,60.28676870184425,60.36409348441921
4869-EPIUS,80.9,80.53399999999995,80.61761284378254,81.59777777777776
8563-IIOXK,49.75,49.23299999999997,49.8379542828889,50.97077961939841
2773-OVBPK,111.3,110.06525000000006,109.77077173596298,106.24953161592497
1353-LJWEM,60.9,60.192,59.774861689014884,59.86289308176082
5868-YTYKS,20.25,19.743230528499275,20.025420178216404,21.67721739130435
8713-IGZSO,24.85,24.79558333333333,24.907395385657825,25.008661417322834
6050-FFXES,105.35,104.54900000000002,104.53744104126741,104.02039007092202
9300-RENDD,79.95,79.497843001443,79.69128233025951,81.183203125
4183-MYFRB,90.05,89.8185,89.34591117339532,91.54957264957268
3339-EAQNV,97.25,100.04799999999997,99.99916404735018,94.1966367713005
2545-EBUPK,84.05,85.08300000000008,84.38086769177633,89.24532374100718
4990-ALDGW,20.75,20.553499999999975,20.00985073346448,21.67721739130435
0970-ETWGE,89.55,89.47004861111108,89.7612327766693,92.72885906040271
3671-SHRSP,80.6,79.8365,80.45031349452078,79.64276729559751
2308-STERM,19.4,19.847645639233953,20.025420178216404,21.67721739130435
1219-NNDDO,76.85,74.81625,75.45554520861164,78.57691082802548
3508-CFVZL,111.3,115.03074999999995,115.15144595474933,107.70765765765755
3387-PLKUI,18.8,19.700916666666664,20.025420178216404,21.67721739130435
9702-AIUJO,44.8,44.439499999999974,44.31665054056284,47.8791208791204
8337-UPOAQ,89.8,88.54600000000006,89.22779888650012,91.54957264957268
1728-CXQBE,94.25,94.2925,94.81020020746557,92.88063829787231
5134-IKDAY,69.8,70.18711011904759,70.32704304054172,78.38929236499062
9638-JIQYA,24.9,24.96671428571428,25.251160683324283,35.61158658658669
6647-ZEDXT,110.45,109.93485714285718,109.4146364915087,105.97248995983938
1579-KLYDT,90.45,89.35600000000004,90.21039196333008,92.06719576719577
3985-HOYPM,19.4,20.024999999999984,20.008706024327928,21.67721739130435
6705-LNMDD,50.0,50.61600000000001,49.409126778496564,49.447091194968515
6917-FIJHC,26.0,24.570584523809543,24.826240135824584,25.008661417322834
4640-UHDOS,55.95,55.458952380952354,56.253137475309536,52.648186215235874
1414-YADCW,84.6,85.06049999999996,85.32974312279327,80.70300429184549
5960-MVTUK,29.75,30.30900000000004,30.617809629272283,36.45405549626458
0637-KVDLV,76.5,75.36953333333335,75.45554520861164,78.57691082802548
5451-YHYPW,115.75,116.33834999999999,115.1538469679578,107.70765765765755
5813-UECBU,83.85,85.62500000000004,85.00409015986187,81.5152284263959
9947-OTFQU,74.4,74.30900000000003,75.52875418662327,78.59132075471697
1816-FLZDK,29.15,30.213999999999995,30.617809629272283,36.45405549626458
3005-NFMTA,98.8,100.63799999999999,100.04535338084207,95.1906807131281
4710-NKCAW,64.4,64.80649999999996,64.18431453747569,61.15104772991844
4290-BSXUX,79.65,79.57150000000004,80.82215911899327,79.64276729559751
6266-QHOJZ,89.85,88.23500000000006,90.11950549607454,91.63630136986295
6047-SUHPR,59.8,60.340000000000074,60.71611457237525,60.37435897435898
6010-DDPPW,25.15,24.819625000000002,24.84134071959467,25.008661417322834
4374-YMUSQ,116.25,113.94849999999995,115.41008365593551,107.39629120879101
1958-RNRKS,49.9,50.83650000000003,48.961723510485506,51.818356328734176
7176-WIONM,49.85,49.09049999999999,50.19444761079145,51.988888888888845
9483-GCPWE,20.1,19.83555,20.008706024327928,21.67721739130435
1264-FUHCX,56.3,54.37100000000002,53.89395040286685,59.02895927601807
8887-IPQNC,44.25,44.903999999999975,44.373157188821274,47.8791208791204
2921-XWDJH,83.45,86.76900000000006,85.24199349225519,89.54365482233506
5574-NXZIU,109.2,109.89849999999996,109.48588040280573,106.18255033557038
8644-XLFBW,71.65,69.80689087301586,70.32704304054172,78.38929236499062
4811-JBUVU,89.9,88.9885,89.55143262459775,91.54957264957268
8970-ANWXO,73.75,75.15150000000004,76.4729036211341,76.38805774278198
0602-DDUML,69.75,70.61700000000002,70.8742778591549,63.78005583126558
5671-RQRLP,75.65,74.77649999999996,75.41872971367147,78.85248756218903
9959-WOFKT,106.7,105.44449999999998,104.77347959743693,104.55187074829928
1208-NBVFH,49.6,50.48100000000006,49.178212379673006,48.88239868049015
6976-BWGLQ,25.2,24.185849999999995,24.826240135824584,25.008661417322834
2178-PMGCJ,69.7,69.97646666666668,70.32704304054172,78.38929236499062
7610-TVOPG,26.35,24.80712499999999,24.907395385657825,25.008661417322834
7240-ETPTR,48.75,48.78749999999994,50.19444761079145,51.988888888888845
6518-LGAOV,105.0,104.42499999999994,104.55881788100717,101.45223214285713
2826-DXLQO,29.8,29.80199999999998,30.575771326113372,36.45405549626458
5949-HGVJL,73.05,75.59300000000002,75.36059791109665,72.49706430568484
3489-VSFRD,60.25,59.412499999999994,59.74796171208713,60.37435897435898
2812-REYAT,20.05,19.90499999999997,20.00796943897032,21.67721739130435
9633-XQABV,70.25,70.17155952380945,70.32704304054172,78.38929236499062
4102-OQUPX,74.4,74.02523809523818,75.45554520861164,78.57691082802548
2900-PHPLN,19.55,19.970624999999984,20.00985073346448,21.67721739130435
9894-QMIMJ,55.8,54.630500000000005,54.88993426985345,51.818356328734176
7596-ZYWBB,59.6,58.86599999999999,60.26489372991942,60.36409348441921
5440-FLBQG,108.4,109.69300000000008,109.72271911504093,106.24953161592497
3063-QFSZL,55.4,55.70609404761901,56.253137475309536,52.648186215235874
4873-ILOLJ,90.35,90.5995,89.7612327766693,92.72885906040271
3003-CMDUU,95.15,95.19099999999999,94.47121234268394,93.43116883116892
7279-NMVJC,19.9,20.028799999999983,20.01329980363073,21.67721739130435
6478-HRRCZ,70.5,69.51050000000005,69.78261806899728,64.31375065479295
3678-MNGZX,19.95,19.972991666666687,20.01444451276728,21.67721739130435
5902-WBLSE,20.15,19.876874999999995,20.00985073346448,21.67721739130435
7722-CVFXN,105.2,105.63999999999999,104.73304909106301,104.02039007092202
2223-KAGMX,19.4,19.78500000000001,20.030013957519206,21.67721739130435
9803-FTJCG,66.85,65.07799999999993,64.24046842897071,61.15104772991844
6060-QBMGV,19.85,19.99945,20.00985073346448,21.67721739130435
2858-EIMXH,95.85,94.92749999999998,95.2235234826897,93.32730923694777
4741-WWJQZ,80.15,81.31200000000011,80.70067067517473,79.17956204379556
9845-PEEKO,79.2,80.25849999999994,80.34308878025666,80.16909722222218
9167-APMXZ,84.15,85.21600000000007,85.26344969910629,89.99333333333333
9800-ONTFE,75.8,75.28737499999997,75.45554520861164,78.57691082802548
3621-CHYVB,49.9,46.94249999999999,49.70433251570722,50.931157270029715
3177-LASXD,71.35,69.73831309523811,70.32704304054172,78.38929236499062
1465-VINDH,102.1,103.83350000000002,104.59075799808845,100.3707188160675
2055-SIFSS,51.65,51.196500000000015,48.93514709563686,51.818356328734176
0804-YGEQV,24.45,24.617500000000014,24.819019086198107,25.008661417322834
3346-BRMIS,48.35,49.975,50.19444761079145,51.988888888888845
3130-ICDUP,80.55,80.39399999999996,80.15032604280391,79.23625730994152
0732-OCQOC,25.05,24.608500000000014,24.84134071959467,25.008661417322834
4012-YCFAI,61.35,59.28150000000006,60.26855683975959,60.36409348441921
7346-MEDWM,83.25,85.17899999999996,84.85739004339334,81.5152284263959
7036-TYDEC,104.0,104.74900000000008,104.53744104126741,104.02039007092202
6615-NGGZJ,100.55,100.208,99.52391288413996,94.0941441441441
3441-CGZJH,60.4,60.61750000000002,58.7825054569104,59.74226190476191
0208-BPQEJ,19.4,19.778083333333317,20.030013957519206,21.67721739130435
2229-DPMBI,19.5,19.38162499999997,20.015181098124888,21.67721739130435
7159-FVYPK,69.15,65.89249999999998,70.96463742162874,64.86230726872253
7544-ZVIKX,105.05,104.59100000000002,104.52452796680709,103.38468368479492
6366-XIVKZ,63.15,64.61800000000001,65.968000201229,62.752478952291696
7137-NAXML,20.15,20.15999999999999,20.01329980363073,21.67721739130435
7126-RBHSD,78.9,80.83599999999993,80.15032604280391,79.23625730994152
1428-IEDPR,109.3,109.52233333333346,109.74649247456237,106.24953161592497
9465-RWMXL,78.9,80.94900000000003,80.32230956384815,80.08785714285717
2908-ZTPNF,34.85,36.05599999999999,35.77318612566274,39.64656675749313
4176-RELJR,25.1,25.260416666666647,24.84134071959467,25.008661417322834
3001-UNBTL,103.95,98.9324,99.53180746907609,94.16735294117653
6067-NGCEU,111.05,109.02449999999995,110.08583835835731,106.39832317073169
2479-BRAMR,83.75,85.35450000000003,84.93823993224188,81.56417525773195
3161-ONRWK,65.85,67.2255000000001,65.63870493327677,60.72058823529414
6349-JDHQP,19.85,19.552525000000006,20.00985073346448,21.67721739130435
1619-YWUBB,24.95,25.179841666666672,24.84134071959467,25.008661417322834
2761-OCIAX,74.7,74.25550000000007,75.5567693797869,78.59132075471697
2683-JXWQQ,33.6,34.80699999999998,35.69904538017334,38.07401531728671
9585-KKMFD,20.0,19.957800000000002,20.00985073346448,21.67721739130435
7524-VRLPL,74.1,74.88950000000001,75.16873749174405,70.75216294160074
3780-DDGSE,76.05,75.21950000000005,75.34060783051956,72.49706430568484
2207-OBZNX,51.0,51.17454166666665,49.75743585448032,50.97077961939841
0023-UYUPN,25.2,25.422000000000015,24.819019086198107,25.008661417322834
5975-BAICR,63.7,65.12399999999998,66.10240611849115,62.752478952291696
2669-OIDSD,100.05,99.05900000000003,99.60822730368648,94.16735294117653
8146-QQKZH,81.85,80.73250000000006,80.29289894130414,77.81297443841987
2307-FYNNL,109.05,110.01600000000016,109.72511563482261,106.97255192878335
2985-FMWYF,93.5,94.3855000000001,94.60469836536502,93.32730923694777
5387-ASZNZ,63.85,64.89450000000001,64.28852104989276,61.15104772991844
5349-AZPEW,25.05,24.7685,25.251160683324283,35.61158658658669
9481-IEBZY,112.9,116.42920833333328,115.2537377351506,107.70765765765755
9818-XQCUV,20.35,19.847645639233953,20.025420178216404,21.67721739130435
3750-RNQKR,19.45,20.12775238095238,20.025420178216404,21.67721739130435
5442-UTCVD,91.85,88.21800000000005,89.27244601843044,91.54957264957268
3649-JPUGY,88.6,84.95099999999995,85.46109257848701,81.20147198480548
2195-VVRJF,59.1,62.06249999999991,61.080412088448895,61.467292377701796
1271-UODNO,53.85,55.078499999999984,53.853254943683446,59.86289308176082
0118-JPNOY,85.8,86.3154999999999,84.6453685348979,88.80872727272741
9499-XPZXM,64.75,66.29449999999997,64.18599831989816,61.15104772991844
7343-EOBEU,23.6,25.082000000000004,24.907395385657825,25.008661417322834
3877-JRJIP,59.85,59.53949999999999,60.466392692497344,61.94466437177265
5498-TXHLF,87.45,89.90099999999997,90.21039196333008,92.06719576719577
3969-GYXEL,76.4,74.74000000000005,75.10695020694654,78.54288537549407
5730-DBDSI,19.7,19.85143333333331,20.01444451276728,21.67721739130435
2868-SNELZ,80.6,79.75150000000006,80.36695669577847,79.98024390243903
7797-EJMDP,66.05,65.46199999999995,65.84242136700756,62.489167616875854
4067-HLYQI,70.4,69.93916666666668,70.32704304054172,78.4979746835443
4231-LZUYM,25.65,24.572583333333363,24.826240135824584,25.008661417322834
3638-WEABW,59.9,60.008500000000055,58.51600429086964,60.37484157160962
5060-TQUQN,83.55,84.6124999999999,85.56327587156665,80.89385245901639
7802-EFKNY,24.95,24.886672619047623,25.251160683324283,35.61158658658669
7576-JMYWV,110.2,109.28649999999999,110.26708696358475,107.19246861924672
3496-LFSZU,70.5,69.95700000000002,70.32704304054172,78.38929236499062
4795-WRNVT,65.1,65.64600000000002,65.12925493734781,63.351490514905095
3938-YFPXD,84.3,85.90949999999994,85.39861029389434,81.57309358752207
6651-AZVTJ,99.8,100.06883333333327,100.0750378790725,94.29385964912278
3658-KIBGF,54.9,54.557500000000054,55.34196799315084,58.7039872408293
4143-HHPMK,85.35,86.98249999999999,85.32168021608864,82.67438524590166
4821-WQOYN,20.1,20.026633333333347,20.03659725318606,21.67721739130435
4291-HYEBC,39.1,42.46799999999999,39.99474066357177,47.09592555331988
8849-AYPTR,91.25,90.55000000000004,90.45116330313424,92.72885906040271
3898-BSJYF,73.55,71.75349999999997,75.01887187885723,70.75216294160074
7562-GSUHK,93.2,90.34249999999996,89.34591117339532,91.54957264957268
3523-QRQLL,69.5,71.18099999999995,70.65838071251437,69.00061138708473
9661-JALZV,24.7,24.954733333333323,24.84134071959467,25.008661417322834
4670-TABXH,109.75,109.87290000000013,109.72271911504093,106.24953161592497
7966-YOTQW,54.5,55.785999999999994,54.35880505091565,60.66378378378378
3694-GLTJM,19.65,20.331966666666684,20.025420178216404,21.67721739130435
8835-VSDSE,70.7,70.09855833333339,70.32704304054172,78.38929236499062
3721-CNEYS,70.95,70.16419702380954,70.32704304054172,78.38929236499062
9667-TKTVZ,54.35,55.613499999999966,53.8210403573157,59.86289308176082
2927-CVULT,104.05,103.35199999999995,104.58648793811008,96.41835937500004
6595-YGXIT,88.95,89.49699999999996,89.82527390292587,92.13153846153844
0864-FVJNJ,113.35,115.57783333333334,115.29417940662127,107.70765765765755
4537-DKTAL,45.55,44.603686904761844,44.373157188821274,47.8791208791204
3466-WAESX,69.1,67.45849999999997,69.40982938666049,65.25899869109952
2483-XSSMZ,47.85,50.35099999999996,49.89184177174246,50.97077961939841
4163-KIUHY,25.6,25.016999999999992,24.878156214534826,25.008661417322834
8486-AYEQH,76.05,74.4719999999999,75.45554520861164,78.81644736842107
0516-WJVXC,54.2,54.904999999999944,54.801875422546345,59.16910466582591
5304-EFJLP,111.65,109.67250000000006,109.72271911504093,106.24953161592497
4137-BTIKL,90.75,89.43350000000004,88.5037776180835,92.03473282442746
2863-IMQDR,89.65,89.39424999999997,90.46753789478244,81.79430555555656
2930-UOTMB,65.25,63.587500000000006,64.30026809254068,62.08201754385977
5673-TIYIB,40.4,39.49499999999999,40.39083707882343,42.59981893429889
3645-DEYGF,20.75,19.617650396825393,20.025420178216404,21.67721739130435
1099-GODLO,20.35,19.956149999999997,20.015181098124888,21.67721739130435
1955-IBMMB,20.2,19.40050000000002,20.01444451276728,21.67721739130435
6857-VWJDT,95.65,94.14850000000007,94.60469836536502,93.32730923694777
6410-LEFEN,45.15,44.17480833333333,44.373157188821274,47.8791208791204
6692-UDPJC,91.65,89.4265000000001,90.13185806477179,91.76553030303035
7858-GTZSP,86.55,85.18567499999999,84.38086769177633,89.24532374100718
5232-NXPAY,74.45,75.40049999999995,76.09958581994184,71.13094289508632
1355-KUSBG,48.8,49.925,48.961723510485506,51.818356328734176
1174-FGIFN,90.45,89.47950000000012,89.51714271039766,91.82010050251256
8750-QWZAJ,19.8,19.95961726190476,20.01444451276728,21.67721739130435
7850-THJMU,19.65,19.83599999999999,20.015181098124888,21.67721739130435
0310-MVLET,99.15,100.4220000000001,100.16727691517916,94.1966367713005
2623-DRYAM,101.75,98.3304999999999,100.03050888478089,94.29385964912278
1905-OEILC,19.5,20.015912942045794,20.025420178216404,21.67721739130435
6899-PPEEA,96.55,95.25949999999995,95.26805247698131,93.32730923694777
3104-OWCGK,90.95,91.15649999999987,89.48441037275623,92.13153846153844
5287-QWLKY,105.1,104.88249999999998,105.1399784574795,104.55187074829928
2603-HVKCG,101.4,99.87750000000004,99.17802889949702,93.98219895287961
9845-QOMAD,19.75,19.69150000000001,20.008706024327928,21.67721739130435
4816-OKWNX,103.4,103.47499999999997,104.52105449507744,100.68200514138815
9103-CXVOK,19.75,19.804733333333342,20.025420178216404,21.67721739130435
2845-AFFTX,99.8,99.29563809523806,100.0750378790725,94.29385964912278
7776-QWNFX,50.4,50.07950000000005,49.90281995806503,48.65139607032056
1468-DEFNC,24.4,24.85100000000001,24.84134071959467,25.008661417322834
7905-NJMXS,64.2,63.448499999999974,64.18431453747569,61.15104772991844
1866-OBPNR,74.6,74.3374,75.5567693797869,78.59132075471697
3720-DBRWL,83.85,84.23649999999998,84.9918571164087,78.38431435963818
5073-RZGBK,80.05,79.54649999999991,79.82355551150316,72.49706430568484
0129-QMPDR,20.5,20.007600000000004,20.00796943897032,21.67721739130435
2560-PPCHE,105.05,105.59975000000003,104.71167225132325,104.4390350877193
1496-GGSUK,25.7,25.566900000000004,25.251160683324283,35.61158658658669
4671-LXRDQ,45.0,45.54715353535353,44.373157188821274,47.8791208791204
9432-RUVSL,102.5,105.01649999999994,104.64304032507715,101.45223214285713
3992-YWPKO,109.9,111.15535714285723,109.46684917757666,105.97248995983938
8980-WQFWL,62.1,60.18249999999993,60.91795536528282,60.35285923753661
0212-ISBBF,50.35,50.708499999999994,49.55749088636551,52.63817991631792
7722-VJRQD,60.95,61.22049999999997,58.868882026549336,60.15896739130438
4135-FRWKJ,76.25,74.24999999999999,74.60845151641797,70.38644946316178
5161-UBZXI,106.35,104.88949999999996,104.63018548370033,104.02039007092202
5327-XOKKY,73.45,78.54549999999996,76.78436325089962,77.81297443841987
3988-RQIXO,91.3,89.43186190476196,89.7612327766693,92.72885906040271
0479-HMSWA,105.45,104.57200000000006,104.07100027065871,96.83765432098764
6923-AQONU,20.9,19.935500000000005,20.015181098124888,21.67721739130435
5562-YJQGT,20.35,19.876342261904764,20.025420178216404,21.67721739130435
7598-UAASY,76.4,75.74249999999992,75.3304753760336,78.59608433734941
7251-LJBQN,103.75,104.63050000000007,104.52452796680709,102.3026462395545
4910-GMJOT,94.6,94.0946666666668,94.60469836536502,93.32730923694777
0257-ZESQC,75.2,74.87999999999992,75.10695020694654,78.54288537549407
4765-OXPPD,65.0,65.20349999999998,65.40662297770028,60.72058823529414
6583-QGCSI,88.05,90.25299999999996,89.77870740750014,92.13153846153844
9805-FILKB,20.2,20.14308333333333,20.00796943897032,21.67721739130435
2706-QZIHY,25.2,25.3755,24.89715630556631,25.008661417322834
7673-LPRNY,78.55,78.71250000000003,80.75419571570761,78.8478487161696
6778-YSNIH,59.0,58.61149999999992,61.074022206974185,61.32421580928481
9050-QLROH,90.7,89.18800000000002,89.22779888650012,91.54957264957268
0707-HOVVN,75.5,74.37800000000004,74.68479425497162,72.34481409001958
7102-JJVTX,48.6,50.11924999999994,49.747196774388804,50.97077961939841
1810-MVMAI,67.6,69.32799999999993,69.63022690469236,63.46776827371667
7993-NQLJE,75.1,74.58650000000004,75.0024001281117,78.54288537549407
9281-OFDMF,90.7,89.84899999999999,90.33702934646423,91.37569060773477
6789-HJBWG,49.4,50.98250000000001,49.93083515122865,48.65139607032056
2139-FQHLM,89.95,89.53950000000013,89.66736809016125,91.92168674698802
3723-BFBGR,54.8,56.14150000000006,53.97451032451053,59.5801320528212
0639-TSIQW,102.95,99.14300000000003,99.87673111771024,93.67719298245606
8626-PTQGE,60.05,58.853999999999985,58.439989169011255,59.89093567251462
3541-ZNUHK,85.1,85.17949999999995,84.96071747894887,82.67438524590166
4568-KNYWR,63.25,66.62750000000007,65.13577213912698,63.351490514905095
9658-WYUFB,94.4,96.0019999999999,94.97271485116435,92.86815286624204
0997-YTLNY,48.8,50.54325000000001,49.409126778496564,49.447091194968515
3208-YPIOE,75.25,74.22799999999992,75.42896879376299,78.81644736842107
7707-PYBBH,61.9,60.18149999999998,60.260684409673395,60.36409348441921
9313-QOLTZ,20.9,20.054499999999997,20.025420178216404,21.67721739130435
6654-QGBZZ,19.9,20.015912942045794,20.025420178216404,21.67721739130435
6877-LGWXO,78.55,80.86599999999993,79.98106730385747,80.82394636015326
8020-BWHYL,75.3,74.44233333333332,75.52875418662327,78.59132075471697
3594-IVHJZ,20.45,20.198580952380947,20.025420178216404,21.67721739130435
9507-EXLTT,79.35,80.0158666666667,79.69128233025951,81.183203125
9793-WECQC,95.3,93.82849999999999,94.04717813038711,93.20731707317077
1266-NZYUI,66.85,65.02650000000003,64.33745521535755,62.08201754385977
2342-CKIAO,20.3,19.847645639233953,20.025420178216404,21.67721739130435
6963-EZQEE,88.55,91.04066666666665,90.405719383572,82.36243042671605
2796-NNUFI,19.95,19.643083333333333,20.00985073346448,21.67721739130435
3486-NPGST,19.55,20.571983333333314,20.00337565966752,21.67721739130435
9070-BCKQP,110.15,110.58016666666664,109.73272658427399,106.97255192878335
7742-MYPGI,48.8,50.27150000000003,49.35919176952843,49.447091194968515
9929-PLVPA,20.4,20.282833333333336,20.025420178216404,21.67721739130435
9124-LHCJQ,85.45,85.404,84.38086769177633,89.24532374100718
2792-LSHWX,83.4,85.23299999999996,85.51360723636594,80.57028985507246
9330-IJWIO,100.35,99.61749999999998,99.36427884662541,94.39907975460123
0617-AQNWT,47.85,48.11750000000003,49.779277209080675,50.931157270029715
0895-UADGO,44.55,47.57300000000002,44.28487551310969,48.515377268385734
7255-SSFBC,112.25,110.24100000000004,109.72271911504093,106.24953161592497
5834-ASPWA,75.45,75.12041309523815,75.45554520861164,78.57691082802548
4132-KALRO,100.85,99.1715,99.26696533217458,94.0941441441441
8064-RAVOH,49.85,49.928999999999995,49.241700026891756,48.88239868049015
8028-PNXHQ,24.25,24.56650000000001,24.84134071959467,25.008661417322834
9508-ILZDG,96.35,93.4935000000001,94.33978724831033,92.87797619047618
4361-JEIVL,44.4,44.532047222222225,44.373157188821274,47.8791208791204
2430-USGXP,101.05,99.06650000000005,99.53180746907609,94.16735294117653
5965-GGPRW,105.25,105.584,104.77347959743693,104.55187074829928
2542-HYGIQ,19.95,19.762472619047614,20.025420178216404,21.67721739130435
1035-IPQPU,103.5,106.02399999999993,105.08598313434412,103.38468368479492
3617-XLSGQ,109.25,109.89120000000001,109.98331946052437,106.39832317073169
9107-UKCKY,79.8,80.67200000000005,81.07661577973366,78.58852583586668
5146-YYFRZ,19.95,19.874058333333313,20.01444451276728,21.67721739130435
5649-VUKMC,95.5,95.61949999999992,94.73583373441382,93.4003263234233
3472-OAOOR,34.95,35.017500000000005,35.21205335941884,38.2941276115189
0397-ZXWQF,20.5,19.874058333333313,20.01444451276728,21.67721739130435
1346-UFHAX,80.0,79.81750000000004,80.15032604280391,79.23625730994152
7252-NTGSS,45.15,44.85613333333334,44.373157188821274,47.8791208791204
3198-VELRD,84.75,85.55299999999994,84.38086769177633,89.24532374100718
3407-QGWLG,20.05,20.058533333333322,20.025420178216404,21.67721739130435
9874-QLCLH,104.2,103.53599999999993,104.25250366853322,103.15312500000019
8668-KNZTI,53.75,53.92149999999995,55.081701213269206,59.02224000000001
8249-THVEC,19.4,19.886999999999993,20.00337565966752,21.67721739130435
6060-DRTNL,84.85,86.32600000000014,84.73024544280837,84.1512012012012
6773-LQTVT,35.65,35.04950000000004,34.547400837183446,37.4718820861677
7853-GVUDZ,20.15,20.053002380952375,20.025420178216404,21.67721739130435
4897-QSUYC,20.15,19.850826826645577,20.025420178216404,21.67721739130435
5197-PYEPU,94.45,94.84249999999993,94.93362969824749,92.86815286624204
3785-NRHYR,19.65,20.044197210508845,20.025420178216404,21.67721739130435
6087-MVHJH,88.45,88.83450000000002,89.22779888650012,91.54957264957268
1685-VAYJF,45.2,45.21581250000001,44.373157188821274,47.8791208791204
9912-GVSEQ,93.85,94.331,94.28695987804628,92.88063829787231
4636-OLWOE,61.0,60.30649999999996,59.75484933054878,59.86289308176082
9600-UDOPK,94.05,94.94900000000001,94.60469836536502,93.32730923694777
8631-NBHFZ,79.4,80.37099999999995,80.30740863194009,76.93363192182431
1053-MXTTK,108.65,108.70099999999995,109.44543873133506,106.18255033557038
3549-ZTMNH,24.0,25.340500000000034,24.89715630556631,25.008661417322834
7825-ECJRF,106.6,105.34950000000005,104.26250672286415,100.3707188160675
6439-LAJXL,68.95,68.73899999999999,69.8998613739898,64.03011363636384
4075-WKNIU,73.35,70.76750000000007,74.93000241033431,70.2624246987951
8042-RNLKO,25.45,25.147499999999994,24.819019086198107,25.008661417322834
4881-JVQOD,34.55,35.40350000000001,35.36833828403116,42.74971751412429
9593-CVZKR,24.45,24.772000000000006,24.84134071959467,25.008661417322834
9972-EWRJS,19.25,19.772299999999984,20.01444451276728,21.67721739130435
9888-ZCUMM,60.05,61.19750000000005,58.86127107709796,59.74226190476191
1265-ZFOSD,81.3,79.83000000000004,79.78650976562992,72.49706430568484
6078-VESFR,70.45,71.11850000000008,70.32704304054172,78.38929236499062
0306-JAELE,96.1,95.01749999999998,94.46111992138819,93.43116883116892
7075-BNDVQ,35.0,34.49849999999996,35.17271521445495,38.07401531728671
2208-MPXIO,20.0,20.453583333333317,20.01444451276728,21.67721739130435
3096-GKWEB,94.75,93.86250000000001,94.60469836536502,93.32730923694777
7404-JLKQG,57.55,60.67050000000004,60.3889531888776,62.38767857142866
5049-GLYVG,20.6,20.044197210508845,20.025420178216404,21.67721739130435
6704-UTUKK,45.9,44.74200000000003,45.28606883592598,50.906845238095215
9397-TZSHA,24.6,25.223500000000005,24.84134071959467,25.008661417322834
4686-UXDML,99.85,99.99850000000002,99.52391288413996,94.0941441441441
3808-HFKDE,44.35,44.74350000000002,44.373157188821274,47.8791208791204
3580-HYCSP,110.3,109.08789999999992,109.93526683960232,106.39832317073169
9795-VOWON,24.35,25.051339285714263,25.23328374076192,35.61158658658669
2159-TURXX,20.05,20.374550000000003,20.025420178216404,21.67721739130435
0096-BXERS,50.35,49.97449999999999,48.961723510485506,51.818356328734176
6507-DTJZV,66.4,65.91399999999994,67.31414145654452,64.5429885057471
9962-BFPDU,20.05,20.03508095238095,20.025420178216404,21.67721739130435
4587-NUKOX,79.1,79.8299999999999,79.93871195053016,78.85248756218903
4060-LDNLU,96.2,94.59650000000006,94.60469836536502,93.32730923694777
2379-ENZGV,84.85,85.25100000000008,84.52742556463092,88.88050314465414
4877-EVATK,20.0,20.044197210508845,20.025420178216404,21.67721739130435
9442-JTWDL,20.05,19.908333333333328,20.008706024327928,21.67721739130435
2748-MYRVK,99.9,98.76949999999997,100.12274792088755,94.1966367713005
3966-HRMZA,75.05,74.34500000000006,75.3304753760336,78.59608433734941
2862-JVEOY,19.15,20.239404761904737,20.008706024327928,21.67721739130435
9489-DEDVP,69.2,70.51949999999997,70.28344507439375,64.86230726872253
9469-WEJBT,90.35,90.90199999999999,89.98533894624771,92.14054054054061
2384-OVPSA,20.2,20.17949999999998,20.00985073346448,21.67721739130435
2186-QZEYA,58.55,60.10199999999995,59.65222680974403,60.72169211195955
6202-JVYEU,19.9,19.90450000000002,20.008706024327928,21.67721739130435
6419-ZTTLE,20.75,20.313999999999997,20.008706024327928,21.67721739130435
1891-UAWWU,90.8,90.29100000000003,90.21039196333008,92.06719576719577
6963-KQYQB,24.05,25.02775000000001,24.84134071959467,25.008661417322834
2521-NPUZR,101.0,101.65849999999995,99.4502230214266,93.79726562499998
8242-SOQUO,84.7,86.17812500000008,84.52742556463092,88.88050314465414
9823-EALYC,80.85,80.74800000000005,80.25935601101804,78.00024429967446
2314-TNDJQ,55.65,52.86149999999996,54.962004288610395,59.02224000000001
9714-EDSUC,94.9,92.86100000000006,94.53691104179919,93.09770114942526
1383-EZRWL,20.05,20.032774999999997,20.025420178216404,21.67721739130435
6617-WLBQC,81.85,79.99149999999997,80.14008696271239,79.35000000000001
6652-YFFJO,64.9,65.79800000000004,67.31414145654452,64.5429885057471
1401-FTHFQ,20.0,20.456166666666647,20.008706024327928,21.67721739130435
1803-BGNBD,54.3,54.205,54.90798838106329,52.46577903682713
1470-PSXNM,93.65,94.70199999999988,94.70053263328936,92.88063829787231
9185-TQCVP,85.15,85.39989999999997,84.38086769177633,89.24532374100718
6481-LXPWL,36.1,34.708000000000006,34.59842868917882,37.4718820861677
5066-GFJMM,19.9,19.84336666666664,20.025420178216404,21.67721739130435
7519-JTWQH,110.5,110.5525000000001,109.72271911504093,106.24953161592497
9957-YODKZ,80.8,80.55850000000004,80.32230956384815,79.98024390243903
8430-TWCBX,20.7,19.249499999999998,20.00337565966752,21.67721739130435
5955-ERIHD,94.7,93.86250000000001,94.60469836536502,93.32730923694777
5186-SAMNZ,69.5,70.62439285714285,70.32704304054172,78.38929236499062
5759-RCVCB,35.2,35.408500000000025,35.16889123521913,43.30209580838322
0220-EBGCE,85.85,85.88150000000002,84.96466647883663,89.54365482233506
7427-AUFPY,19.65,19.976,20.00985073346448,21.67721739130435
3221-CJMSG,51.1,49.84275,49.409126778496564,49.447091194968515
4194-FJARJ,60.0,61.18100000000001,59.31387683384462,60.98308988764039
8138-EALND,19.75,19.885800000000014,20.025420178216404,21.67721739130435
8345-MVDYC,81.65,80.01900000000002,80.23001360084538,76.93363192182431
6119-SPUDB,38.25,40.24100000000002,40.78023725923462,42.85999999999997
1202-KKGFU,54.2,55.45149999999995,54.801875422546345,59.16910466582591
6556-DBKZF,76.05,75.77900000000004,75.14660947014362,79.04590443686008
6339-DKLMK,31.65,30.468500000000027,30.265697735200046,36.23613911290319
1977-STDKI,73.0,74.80416666666663,75.5567693797869,78.59132075471697
4001-TSBTV,91.55,91.31199999999986,89.5011245266447,92.13153846153844
7912-SYRQT,75.1,74.554875,75.45554520861164,78.57691082802548
4779-ZGICK,23.55,24.796000000000006,24.84134071959467,25.008661417322834
0670-ANMUU,97.65,94.66850000000001,94.39865079332763,93.43116883116892
8735-NBLWT,20.4,19.911249999999992,20.025420178216404,21.67721739130435
8930-XOTDP,55.95,56.10050000000001,55.43416117005626,60.92802768166093
6380-ARCEH,20.2,20.044197210508845,20.025420178216404,21.67721739130435
1167-OYZJF,20.05,19.87962499999999,20.01444451276728,21.67721739130435
1628-BIZYP,85.0,84.97849999999998,84.68861095561267,82.16047120418847
6284-KMNUF,98.0,100.28499999999991,100.03511430075055,95.1906807131281
4676-WLUHT,46.2,45.50950000000003,45.20838987439836,48.34054518664057
2138-VFAPZ,19.7,19.390999999999988,20.015181098124888,21.67721739130435
8648-PFRMP,46.35,44.95000000000002,45.28606883592598,50.906845238095215
8097-VBQTZ,69.9,69.915,69.96453459031905,64.03011363636384
6087-YPWHO,68.15,70.51650000000004,69.59970472160529,63.78005583126558
8109-YUOHE,56.1,55.65349999999993,55.24316695649315,58.7039872408293
3807-XHCJH,20.0,19.568741666666668,20.025420178216404,21.67721739130435
0524-IAVZO,85.0,85.10625000000007,84.38086769177633,89.24532374100718
8957-THMOA,20.15,20.10900000000002,20.00985073346448,21.67721739130435
7521-YXVZY,19.95,20.542916666666653,20.025420178216404,21.67721739130435
7077-XJMET,74.15,74.49449999999989,76.03418132874857,71.13094289508632
9625-QSTYE,81.15,79.2815,80.2339027580823,79.64276729559751
7924-GJZFI,69.3,70.29250000000005,70.32704304054172,78.38929236499062
2034-GDRCN,90.4,89.87743928571433,89.7612327766693,92.72885906040271
4186-ZBUEW,70.7,70.49700000000003,69.3870990874488,65.6968190854874
4026-SKKHW,50.25,50.55750000000003,49.35919176952843,49.447091194968515
8548-AWOFC,63.85,68.88300000000005,65.80685848080854,64.53764044943811
0680-DFNNY,101.1,99.41500000000002,99.53180746907609,94.16735294117653
7501-IWUNG,73.8,75.14399999999993,76.09958581994184,71.13094289508632
7176-WRTNX,114.95,113.8814999999999,115.1538469679578,107.70765765765755
8450-UYIBU,39.85,40.33150000000006,40.21750731096305,45.76076555023924
1794-HBQTJ,48.6,49.46037500000001,49.84819336298042,50.97077961939841
1862-QRWPE,20.65,19.967857142857152,20.01444451276728,21.67721739130435
2996-XAUVF,40.05,44.33649999999998,39.96978517316058,47.54294655753486
7145-FEJWU,105.3,105.54350000000005,104.59075799808845,100.3707188160675
6710-HSJRD,114.1,110.23516666666669,109.8290962777972,106.24953161592497
7530-HDYDS,84.25,85.78,85.3907250766707,80.47310126582279
8042-JVNFH,71.35,70.47008113553122,70.32704304054172,78.38929236499062
5127-BZENZ,65.2,66.05299999999994,65.10811378965049,64.69139118457304
0876-WDUUZ,85.4,86.52109999999999,84.9184094729367,89.54365482233506
0356-ERHVT,45.9,44.76130000000001,44.373157188821274,47.8791208791204
9912-OMZDS,106.15,106.34900000000003,105.04145414005251,102.3026462395545
2275-RBYQS,45.4,44.568090476190484,44.373157188821274,47.8791208791204
0917-EZOLA,104.15,104.87434107142852,104.99074373123608,103.38468368479492
2749-CTKAJ,20.15,19.93615000000002,20.008706024327928,21.67721739130435
5160-UXJED,44.6,44.632,44.3255065328111,47.8791208791204
7244-QWYHG,44.45,44.705500000000036,44.78602900656383,48.88239868049015
4226-KKDON,66.65,65.37749999999994,65.54945686535466,62.416244493392014
7018-FPXHH,59.8,60.31250000000004,60.7027102375732,60.37435897435898
9897-KXHCM,80.3,80.54255714285716,79.98106730385747,80.82394636015326
1222-KJNZD,20.4,19.872100000000007,20.024683592858796,21.67721739130435
2452-KDRRH,101.4,99.86949999999999,100.0750378790725,94.29385964912278
6892-EZDTG,91.65,90.42858333333339,89.8532890960895,92.13153846153844
6980-CDGFC,20.85,19.893624999999993,20.00796943897032,21.67721739130435
5071-FBJFS,50.3,49.70749999999996,49.84819336298042,50.97077961939841
4018-PPNDW,24.1,24.2905,24.84134071959467,25.008661417322834
9066-QRSDU,26.3,25.019333333333325,24.819019086198107,25.008661417322834
0318-ZOPWS,20.15,20.163999999999977,20.01444451276728,21.67721739130435
0419-YAAPX,85.3,86.08200000000005,84.47056429864195,88.88050314465414
9786-IJYDL,113.2,113.92499999999994,115.30779187553425,107.39629120879101
4195-PNGZS,24.45,24.857000000000003,24.84134071959467,25.008661417322834
9372-TXXPS,59.85,58.852000000000025,60.332557265577535,60.36409348441921
7734-DBOAI,40.1,41.32100000000005,39.96958843962647,47.145024154589514
2858-MOFSQ,55.85,55.98850000000004,53.54452844781471,59.632959641255624
8180-AKMJV,44.55,44.61433095238093,44.373157188821274,47.8791208791204
2690-DVRVK,20.55,19.885708333333334,20.008706024327928,21.67721739130435
1790-NESIO,20.4,19.836733333333335,20.015181098124888,21.67721739130435
8083-YTZES,74.35,75.92852500000004,75.45554520861164,78.57691082802548
0661-KBKPA,78.75,79.43849999999999,80.98003748556218,79.1167102966843
4139-DETXS,64.45,65.81599999999995,64.00231301443932,60.9789855072465
1395-WSWXR,20.75,20.074499999999983,20.015181098124888,21.67721739130435
9546-KDTRB,24.7,24.94600000000001,24.907395385657825,25.008661417322834
4291-HPAXL,19.85,19.617650396825393,20.025420178216404,21.67721739130435
6198-ZFIOJ,75.6,75.28783333333344,75.45554520861164,78.57691082802548
7472-EQOAV,86.7,84.56299999999997,84.39557358488085,80.57028985507246
5997-OPVFA,89.05,87.90083333333347,90.405719383572,82.36243042671605
5236-XMZJY,59.65,61.12899999999997,60.72635365246676,60.37435897435898
3873-NFTGI,55.5,56.20800000000008,53.97451032451053,59.5801320528212
8695-WDYEA,51.25,50.533358333333325,49.75743585448032,50.97077961939841
4342-HENTK,70.65,70.03383333333342,70.32704304054172,78.38929236499062
8580-QVLOC,92.45,89.28421190476197,90.405719383572,82.36243042671605
3143-JQEGI,88.35,89.82350000000001,89.7612327766693,92.72885906040271
4465-VDKIQ,77.8,79.93150000000006,80.2339027580823,79.64276729559751
0824-VWDPO,96.75,94.26950000000002,94.77110356637446,93.45585443037977
3162-KKZXO,100.15,100.0345,100.03050888478089,94.29385964912278
8445-DNBAE,50.05,50.30324999999998,48.961723510485506,51.818356328734176
2111-DWYHN,21.1,20.044197210508845,20.025420178216404,21.67721739130435
2662-NNTDK,24.8,24.981674999999992,24.819019086198107,25.008661417322834
7502-BNYGS,69.1,71.49349999999995,70.70500013610234,69.00061138708473
5372-FBKBN,20.75,20.00589999999999,20.025420178216404,21.67721739130435
4597-NUCQV,101.25,100.19749999999996,99.52391288413996,94.0941441441441
0020-JDNXP,61.25,59.526,58.44900531537358,59.74226190476191
6599-GZWCM,74.65,75.76466666666657,75.5120400327348,78.81644736842107
4342-HFXWS,69.7,69.0025,69.3988312604438,64.03011363636384
5035-PGZXH,106.8,105.48550000000004,105.04145414005251,101.45223214285713
8216-AZUUZ,100.4,98.96550000000003,99.60822730368648,94.16735294117653
5542-DHSXL,54.7,54.62750000000001,55.25121048465074,58.7039872408293
8498-XXGWA,55.15,54.37649999999997,55.03676824133724,59.02224000000001
6542-LWGXJ,25.0,24.51025000000001,25.251160683324283,35.61158658658669
6248-TKCQV,80.6,78.43649999999997,80.49708801023657,79.65830311820262
3068-OMWZA,88.8,89.89649999999997,90.2550390952604,92.06719576719577
2430-RRYUW,54.8,55.282999999999944,55.29005002560007,58.7039872408293
8292-TYSPY,55.0,55.14799999999994,53.85773032729239,52.648186215235874
4589-IUAJB,24.25,24.819625000000002,24.84134071959467,25.008661417322834
5693-PIPCS,99.65,99.61499999999995,99.61910502378363,94.16735294117653
7446-KQISO,109.75,109.32500000000003,109.79214857570274,105.97248995983938
0048-PIHNL,20.45,19.86599999999999,20.00796943897032,21.67721739130435
6284-AHOOQ,90.5,90.912,90.14195048606754,91.76553030303035
2805-EDJPQ,99.75,97.12949999999995,99.98491691543956,93.80524193548392
9103-TCIHJ,55.7,55.510999999999996,54.343439525359756,60.66378378378378
9402-ROUMJ,100.25,97.69450000000006,99.13007858566137,94.705017301038
5562-BETPV,19.65,19.667745238095232,20.008706024327928,21.67721739130435
3167-SNQPL,101.15,100.10499999999996,100.16727691517916,94.0941441441441
0810-DHDBD,74.0,74.30199999999998,74.60845151641797,70.38644946316178
1776-SPBWV,20.1,19.831499999999988,20.016825431218574,21.67721739130435
9537-JALFH,19.9,20.13120000000002,20.01444451276728,21.67721739130435
0702-PGIBZ,101.7,99.15800000000004,99.55192807730359,94.0941441441441
3055-VTCGS,58.55,61.97999999999999,60.84910335884639,60.35285923753661
9548-LERKT,19.75,19.929499999999987,20.015181098124888,21.67721739130435
6794-HKIAJ,90.7,90.35499999999998,89.50385072853253,91.45888157894733
9531-NSBMR,19.25,20.153049999999975,20.00796943897032,21.67721739130435
6368-NWMCE,68.15,69.92800000000001,69.4346050811702,65.6968190854874
0643-OKLRP,80.35,79.34599999999996,80.14147005055565,79.35000000000001
9948-YPTDG,79.45,80.3544999999999,79.88185068454119,79.04590443686008
4879-GZLFH,92.15,94.85299999999994,95.3413135613022,93.4003263234233
8098-TDCBU,25.25,24.113499999999995,24.84134071959467,25.008661417322834
5122-CYFXA,75.3,74.082,75.33867809529214,72.49706430568484
9889-TMAHG,100.3,100.24049999999997,99.64291444364187,93.84795918367335
5357-TZHPP,84.4,84.39200000000007,84.38086769177633,89.24532374100718
1474-JUWSM,68.4,69.85550000000002,70.32951127893999,66.91266397578211
8399-YNDCH,60.05,62.46800000000002,60.32546554165885,62.38767857142866
3847-BAERP,20.9,20.152008333333328,20.025420178216404,21.67721739130435
9402-CXWPL,98.9,99.5905,100.0746952999655,94.1966367713005
5049-MUBWG,75.0,75.3074999999999,75.58313744251073,73.00901116427431
4039-HEUNW,96.5,100.17849999999997,100.18499733777955,94.0941441441441
5803-NQJZO,67.8,70.04699999999994,69.58831316447902,63.78005583126558
4116-TZAQJ,74.25,74.44450000000008,75.10695020694654,78.54288537549407
9094-AZPHK,100.15,100.17,99.52391288413996,94.0941441441441
6121-TNHBO,83.0,80.13899999999997,80.37379890911811,76.93363192182431
1564-HJUVY,63.75,64.82299999999995,65.54945686535466,62.416244493392014
7407-SUJIZ,20.6,20.160999999999998,20.025420178216404,21.67721739130435
5468-BPMMO,19.6,19.88483333333333,20.020089813555995,21.67721739130435
9168-INPSZ,104.15,104.40900000000002,104.55881788100717,102.3026462395545
8942-DBMHZ,20.45,20.183789285714276,20.025420178216404,21.67721739130435
8705-WZCYL,44.8,44.69249623015873,44.373157188821274,47.8791208791204
0322-YINQP,48.55,50.633383333333306,49.75743585448032,50.97077961939841
7000-WCEVQ,61.6,61.805999999999976,60.724572608390986,60.79555353901996
9739-JLPQJ,117.5,113.93733333333341,115.1538469679578,107.70765765765755
2794-XIMMO,60.45,59.83250000000002,59.19289405221509,60.099451410658325
9565-AXSMR,19.2,20.202400000000008,20.00985073346448,21.67721739130435
2880-FPNAE,74.2,75.57449999999999,75.3304753760336,78.59608433734941
3316-UWXUY,93.5,95.039,95.14155234507486,93.09770114942526
9824-BEMCV,69.0,70.37850000000006,70.32704304054172,78.38929236499062
3256-EZDBI,29.45,30.092999999999993,30.31913304753265,36.23613911290319
1226-IENZN,78.75,79.95999999999991,79.98106730385747,80.82394636015326
2823-LKABH,95.05,94.75099999999999,94.35285489048178,92.66675675675683
6161-ERDGD,85.45,84.28450000000001,85.46155335899266,81.57309358752207
2137-DQMEV,44.8,46.41050000000001,43.89769114892265,48.4577674212161
2424-WVHPL,74.7,75.93399999999994,75.82640619344642,78.81644736842107
9945-PSVIP,18.7,19.804000000000016,20.015181098124888,21.67721739130435
2840-XANRC,93.15,96.48899999999995,94.78036272870543,93.4003263234233
8008-HAWED,50.75,49.751499999999986,50.19444761079145,51.988888888888845
0412-UCCNP,59.2,59.168499999999995,59.70454976454564,60.37435897435898
6402-SSEJG,61.05,58.36550000000004,58.88292915052067,59.34318181818179
8049-WJCLQ,60.2,60.415,60.32546554165885,62.38767857142866
2830-LEWOA,103.9,103.6855,104.52105449507744,102.7857926221336
9780-FKVVF,59.15,62.53749999999994,61.050201343351354,61.467292377701796
5014-GSOUQ,19.95,19.767375,20.015181098124888,21.67721739130435
0396-HUJBP,19.3,19.847645639233953,20.025420178216404,21.67721739130435
8356-WUAOJ,45.0,45.16349999999998,44.373157188821274,47.8791208791204
5442-BHQNG,70.35,69.35825833333331,70.32704304054172,78.38929236499062
5655-JSMZM,96.2,95.43150000000001,95.26805247698131,93.32730923694777
7065-YUNRY,45.3,44.568090476190484,44.373157188821274,47.8791208791204
5161-XEUVX,94.3,93.53699999999995,94.71873071146445,92.76011235955048
9068-FHQHD,20.15,19.573499999999974,20.01444451276728,21.67721739130435
8017-LXHFA,94.75,94.79899999999996,94.04717813038711,93.20731707317077
0786-IVLAW,108.1,106.29299999999992,105.04145414005251,103.38468368479492
6100-QQHEB,92.55,93.35950000000004,94.60469836536502,93.32730923694777
2642-DTVCO,85.05,84.25200000000008,84.38086769177633,89.24532374100718
0147-ESWWR,101.25,100.13799999999992,99.79734140775572,94.16735294117653
2335-GSODA,40.1,40.02100000000001,40.74770452323034,42.85999999999997
9602-WCXPI,20.15,19.673000000000002,20.00337565966752,21.67721739130435
0329-GTIAJ,97.9,100.30449999999998,99.15596150143726,94.0941441441441
8241-JUIQO,19.45,20.04216666666666,20.00796943897032,21.67721739130435
0581-MDMPW,88.95,90.2675,90.21039196333008,92.06719576719577
9314-IJWSQ,84.8,85.25200000000001,85.26344969910629,89.99333333333333
8532-UEFWH,25.75,24.686702380952383,24.84134071959467,25.008661417322834
7861-UVUFT,84.3,86.057,84.73024544280837,84.1512012012012
8383-SGHJU,59.4,59.32150000000002,59.35728878138611,60.98308988764039
8755-IWJHN,95.35,94.23849999999999,94.76214758654352,92.88063829787231
0123-CRBRT,88.1,90.68850000000003,90.47892945190871,81.79430555555656
2223-GDSHL,116.05,114.37187500000006,115.1538469679578,107.70765765765755
8189-HBVRW,90.8,90.70799999999997,89.50385072853253,91.44955752212392
8495-PRWFH,55.65,55.45200000000002,53.54000639693085,59.632959641255624
6092-QZVPP,79.2,81.27999999999993,80.2929566659437,76.93363192182431
5129-JLPIS,105.5,105.41650000000001,104.26250672286415,100.3707188160675
1614-JBEBI,20.7,19.75203809523811,20.025420178216404,21.67721739130435
0637-YLETY,95.6,94.67400000000012,94.28695987804628,92.88063829787231
0135-NMXAP,89.75,90.0894083333334,89.8532890960895,92.13153846153844
7892-POOKP,104.8,104.346,104.15865792834164,101.45223214285713
8161-QYMTT,94.1,94.47350000000013,94.60469836536502,93.32730923694777
3001-CBHLQ,104.9,104.1405000000001,104.0067314787625,101.45223214285713
8945-GRKHX,78.65,80.45512380952378,79.98106730385747,80.82394636015326
4625-EWPTF,30.45,29.352499999999996,30.575771326113372,36.45405549626458
1343-EHPYB,103.4,103.11599999999986,105.08598313434412,103.38468368479492
0375-HVGXO,34.7,35.849,35.16889123521913,43.30209580838322
0330-BGYZE,102.5,104.62300000000005,105.04145414005251,102.7857926221336
5989-PGKJB,86.25,85.69950000000006,84.66059576244905,82.16047120418847
8752-GHJFU,92.0,94.28600000000006,94.73036559136897,92.28370786516845
4851-BQDNX,85.05,87.27499999999996,84.58455159505175,84.1512012012012
7240-FQLHE,99.75,100.31349999999996,99.27705775347033,94.0941441441441
6175-IRFIT,78.75,79.80850000000001,79.98106730385747,80.82394636015326
6538-POCHL,79.0,79.49949999999998,80.2139126775052,79.66412429378536
3078-ZKNTS,19.75,20.009499999999996,20.01977487742769,21.67721739130435
5777-KJIRB,50.25,50.06149999999997,49.09610943936918,48.88239868049015
7923-IYJWY,116.1,115.49175000000008,115.20189958887985,107.70765765765755
2810-FTLEM,50.15,49.70249999999999,49.84819336298042,50.97077961939841
1265-HVPZB,66.4,71.42399999999998,71.0531174528063,64.40032144944492
9796-BPKIW,69.95,70.47518333333336,70.32704304054172,78.38929236499062
9178-JHUVJ,24.1,25.21325000000002,24.89715630556631,25.008661417322834
4732-RRJZC,20.25,20.283721428571436,20.025420178216404,21.67721739130435
7010-BRBUU,24.1,25.127021428571446,24.826240135824584,25.008661417322834
9688-YGXVR,88.15,91.48049999999986,89.5011245266447,92.13153846153844
9286-DOJGF,74.95,75.21149999999993,75.42896879376299,78.81644736842107
6994-KERXL,55.9,55.39909523809525,56.253137475309536,52.648186215235874
2181-UAESM,53.45,55.47350000000003,55.06047467745538,59.02224000000001
4312-GVYNH,49.85,49.16550000000001,49.78688815853205,50.93786231884062
2495-KZNFB,90.65,90.16825000000006,89.22286624043907,92.03473282442746
4367-NHWMM,24.9,25.12785833333333,25.251160683324283,35.61158658658669
8898-KASCD,35.55,35.40349999999999,35.38734954236695,38.07401531728671
8016-NCFVO,116.5,116.6670000000001,115.31555624636103,107.48392857142855
4578-PHJYZ,68.75,70.6464999999999,70.84792444476732,63.78005583126558
2091-MJTFX,51.2,52.2195,49.28215956312098,53.22113821138213
2277-DJJDL,99.0,100.12249999999993,99.79734140775572,94.56823204419891
2511-MORQY,54.9,55.484500000000025,53.5334215151912,59.632959641255624
2731-GJRDG,109.55,109.64650000000003,109.21403242277026,106.18255033557038
1784-EZDKJ,106.8,104.47200000000002,105.04145414005251,101.45223214285713
2468-SJFLM,74.3,75.7369999999999,75.82640619344642,78.81644736842107
5115-SQAAU,25.6,25.3265,24.84134071959467,25.008661417322834
8708-XPXHZ,94.2,95.78400000000005,95.26805247698131,93.32730923694777
0601-WZHJF,46.35,45.037500000000044,45.28606883592598,50.906845238095215
0463-TXOAK,25.6,25.056041666666662,24.84134071959467,25.008661417322834
4683-WYDOU,107.6,104.67749999999997,104.53744104126741,104.02039007092202
1166-PQLGG,19.55,20.05790833333331,20.04119103248886,21.67721739130435
0963-ZBDRN,96.2,94.78299999999999,94.3192858931048,93.43116883116892
4871-JTKJF,69.65,70.11677349340432,70.32704304054172,78.38929236499062
7173-TETGO,78.5,79.77899999999993,80.095429972374,79.64276729559751
4193-ORFCL,45.1,44.993999999999986,44.373157188821274,47.8791208791204
2692-PFYTJ,25.75,24.888216666666658,24.907395385657825,25.008661417322834
2369-UAPKZ,104.1,106.93550000000009,104.59075799808845,100.3707188160675
5193-QLVZB,104.75,104.51399999999995,105.03879635215813,103.38468368479492
0379-DJQHR,81.35,80.12349999999994,80.22116187811288,76.99008009858312
4657-FWVFY,96.35,95.693,94.71724678717783,92.88063829787231
0623-EJQEG,93.55,94.61800000000001,94.39103984387626,93.43116883116892
1699-TLDLZ,19.7,19.680999999999976,20.015181098124888,21.67721739130435
4501-UYKBC,69.1,69.59600000000005,70.14283450633397,65.22900107411391
8158-WPEZG,35.65,36.15349999999997,35.723251116694605,39.64656675749313
9732-EQMWY,99.4,99.11499999999995,99.71898965151671,94.0290983606558
1099-BTKWT,54.4,54.27000000000002,54.45434046196668,54.59448051948051
4815-TUMEQ,19.3,19.813869047619033,20.008706024327928,21.67721739130435
6407-UTSLV,83.8,86.36049999999994,84.52742556463092,88.88050314465414
0018-NYROU,68.95,69.73000000000002,70.32704304054172,78.38929236499062
4632-XJMEX,62.85,60.08449999999999,60.35144191817349,60.36409348441921
1409-PHXTF,110.45,111.91650000000013,109.79214857570274,106.12919254658371
8229-TNIQA,45.3,45.78199999999999,44.373157188821274,47.8791208791204
0529-ONKER,75.65,74.23025000000001,75.45554520861164,78.57691082802548
3675-YDUPJ,19.85,19.626325000000012,20.025420178216404,21.67721739130435
4484-CGXFK,55.3,55.81066071428569,56.253137475309536,52.648186215235874
4443-EMBNA,24.75,24.843875000000015,24.826240135824584,25.008661417322834
4280-DLSHD,54.75,55.65300000000003,54.96560011902724,51.818356328734176
9300-AGZNL,94.0,93.85405000000006,94.60469836536502,93.32730923694777
2789-CZANW,110.3,109.13350000000005,110.1458193566522,107.31693037974672
8464-EETCQ,18.8,20.362166666666646,20.00985073346448,21.67721739130435
7216-EWTRS,100.8,100.69875000000003,99.5764546010064,94.16735294117653
4468-KAZHE,60.0,59.89149999999997,59.590659153182145,60.35285923753661
8623-ULFNQ,66.05,68.04650000000004,65.8282420132491,64.53764044943811
9317-WZPGV,79.75,79.89958333333342,79.98106730385747,80.82394636015326
8947-YRTDV,94.8,94.60850000000003,93.7574862179324,93.10973684210522
1814-DKOLC,25.45,25.136874999999986,24.907395385657825,25.008661417322834
8071-SBTRN,111.15,110.26869999999997,109.93286582639385,106.39832317073169
4701-MLJPN,55.25,54.399999999999956,53.85773032729239,52.648186215235874
1205-WNWPJ,59.5,61.89100000000001,59.886165113314114,61.62896440129457
6158-HDPXZ,25.35,24.426875000000027,25.251160683324283,35.61158658658669
6683-VLCTZ,98.55,99.27425000000007,99.53180746907609,94.16735294117653
3727-OWVYD,61.2,60.746500000000005,60.63421305612341,60.37435897435898
0856-NAOES,60.9,61.42900000000005,60.32546554165885,62.38767857142866
0562-FGDCR,74.55,72.83350000000002,74.48024331146372,70.9848794063078
0956-SYCWG,19.65,20.028500000000015,20.008706024327928,21.67721739130435
2277-VWCNI,48.75,50.32400000000003,48.961723510485506,51.818356328734176
3498-LZGQZ,19.15,19.98882142857143,20.00985073346448,21.67721739130435
9135-MGVPY,84.7,85.17000000000002,84.90162363585695,78.58852583586668
3815-SLMEF,34.25,34.48249999999998,35.57656760938331,40.81052631578945
4513-CXYIX,80.7,79.40949999999997,80.095429972374,79.64276729559751
8944-AILEF,19.45,20.185499999999976,20.025420178216404,21.67721739130435
1270-XKUCC,19.7,19.57049999999998,20.015181098124888,21.67721739130435
6633-SYEUS,83.2,84.90700000000004,85.68276530844682,80.41005154639178
8075-GXIUB,19.85,19.941791666666667,20.008706024327928,21.67721739130435
6016-NXBNJ,19.15,20.184833333333327,20.012231651915773,21.67721739130435
9332-GYWLO,54.85,55.00899999999996,55.43416117005626,60.92802768166093
3276-HDUEG,75.05,74.9235416666666,75.45554520861164,78.57691082802548
5884-FBCTL,25.1,24.185849999999995,24.826240135824584,25.008661417322834
8999-YPYBV,84.35,85.61499999999997,84.88679091632024,78.38431435963818
1522-VVDMG,89.75,91.10449999999993,89.90737065561281,92.33574999999998
0848-SOMKO,48.4,47.74850000000001,49.78688815853205,50.93786231884062
1657-DYMBM,19.9,19.862000000000002,20.00985073346448,21.67721739130435
6923-EFPNL,51.75,50.13899999999998,48.961723510485506,51.818356328734176
2167-FQSTQ,92.4,90.76235833333332,90.405719383572,82.36243042671605
9286-BHDQG,45.25,45.674499999999995,46.10055675303623,49.42304287045643
7225-CBZPL,94.8,93.48849999999997,94.60469836536502,93.32730923694777
5605-IYGFG,69.85,69.93649999999994,70.32704304054172,78.38929236499062
6861-OKBCE,20.1,19.966816666666684,20.025420178216404,21.67721739130435
7571-YXDAD,74.9,74.85206666666667,75.45554520861164,78.57691082802548
0254-FNMCI,109.9,110.50899999999989,109.44543873133506,106.18255033557038
8981-FJGLA,78.0,80.20700000000011,80.32230956384815,79.98024390243903
8414-MYSHR,91.4,89.98514285714293,89.7612327766693,92.72885906040271
9274-CNFMO,74.95,74.9531333333334,75.45554520861164,78.57691082802548
3794-NFNCH,50.0,49.78900000000001,49.178212379673006,48.88239868049015
5158-RIVOP,20.9,19.93991666666665,20.015181098124888,21.67721739130435
1100-DDVRV,49.8,49.58400000000004,49.55749088636551,52.63817991631792
9522-BNTHX,56.25,54.00299999999995,54.483687304374214,58.231716417910455
3677-IYRBF,30.4,29.68600000000004,29.943891238559576,36.205259331071254
7009-PCARS,19.1,19.78,20.00796943897032,21.67721739130435
8250-ZNGGW,59.9,59.98199999999993,60.28676870184425,60.36409348441921
0967-BMLBD,20.0,19.899285714285707,20.008706024327928,21.67721739130435
7594-RQHXR,79.6,80.96991071428573,79.98106730385747,80.82394636015326
8966-SNIZF,19.45,19.753116666666642,20.01444451276728,21.67721739130435
7235-NXZCP,74.85,73.30400476190485,75.45554520861164,78.57691082802548
0122-OAHPZ,73.85,75.09363928571427,75.45554520861164,78.57691082802548
7815-PDTHL,20.2,19.755249999999986,20.018706725712732,21.67721739130435
8331-ZXFOE,71.1,68.66799999999998,69.68688805486242,63.46776827371667
8901-UPRHR,109.2,110.29300000000005,109.72271911504093,106.24953161592497
3563-SVYLG,62.65,65.3630000000001,65.58818266381542,60.72058823529414
3205-MXZRA,59.45,62.13800000000001,59.89868854636359,61.62896440129457
5392-AKEMH,45.05,44.64100000000004,44.373157188821274,47.8791208791204
8201-AAXCB,60.35,61.35250000000003,60.466392692497344,61.94466437177265
6919-ELBGL,114.95,115.80005833333338,115.1538469679578,107.70765765765755
0530-IJVDB,114.6,114.40950000000001,115.1538469679578,107.70765765765755
5047-LHVLY,50.15,49.923499999999976,49.241700026891756,48.88239868049015
8404-FYDIB,86.65,84.59499999999993,84.98956355177421,81.5152284263959
3415-TAILE,65.7,65.45350000000006,67.31414145654452,64.5429885057471
2819-GWENI,19.9,20.061999999999987,20.008706024327928,21.67721739130435
6164-HXUGH,19.85,19.841416666666685,20.025420178216404,21.67721739130435
6762-QVYJO,59.75,59.93750000000003,58.5328373277491,59.74226190476191
5046-NUHWD,45.0,43.407000000000046,44.9648590269368,48.515377268385734
0106-GHRQR,71.4,66.77150000000002,69.14471940289796,64.53764044943811
8374-XGEJJ,101.0,101.02949999999989,100.16727691517916,94.16735294117653
2546-KZAAT,75.4,74.7885000000001,74.5195774011827,73.52439939939941
7569-NMZYQ,118.75,115.77734487734489,115.1538469679578,107.70765765765755
3279-DYZQM,19.45,19.88884999999998,20.00985073346448,21.67721739130435
0374-FIUCA,20.4,19.71899999999999,20.00985073346448,21.67721739130435
3714-NTNFO,84.5,83.80492500000005,85.04422180339262,89.24532374100718
8705-DWKTI,83.8,86.52650000000006,85.48097017950309,89.6442073170733
4195-SMMNX,20.35,19.91617842435342,20.025420178216404,21.67721739130435
2599-CIPQE,109.3,109.31799999999996,109.44543873133506,106.18255033557038
5136-GFPMB,89.4,89.90449999999993,89.77102929649651,91.54957264957268
6476-YHMGA,76.5,80.42549999999999,80.5737230842847,74.90423387096763
3055-MJDSB,24.6,24.865333333333343,25.251160683324283,35.61158658658669
7516-GMHUV,105.05,105.42849999999999,104.76586864798556,104.0157427937915
5940-NFXKV,83.65,85.63550000000005,84.38086769177633,89.24532374100718
3597-YASZG,104.45,105.2593333333332,104.66096184250682,104.4390350877193
3786-WOVKF,106.85,104.14350000000005,105.12973937738798,104.55187074829928
2806-MLNTI,105.1,104.44099999999999,105.04145414005251,101.45223214285713
0799-DDIHE,46.3,44.874500000000005,44.373157188821274,47.8791208791204
9926-PJHDQ,76.8,78.51049999999995,76.78436325089962,77.81297443841987
0334-GDDSO,81.35,80.63737499999996,80.43896771046862,79.77295081967215
2371-KFUOG,99.15,100.23449999999991,99.40610171032155,94.0941441441441
4634-JLRJT,20.35,19.850826826645577,20.025420178216404,21.67721739130435
5886-VLQVU,89.85,88.95200000000001,90.08943670148354,91.54957264957268
3194-ORPIK,84.4,85.23300000000005,85.23687328425764,89.99333333333333
6048-NJXHX,19.75,20.153,20.00985073346448,21.67721739130435
7860-KSUGX,64.45,66.17349999999999,64.86953539972865,61.59688524590171
2925-MXLSX,68.95,68.406,70.82548392523617,64.86230726872253
2933-FILNV,24.4,24.827774999999992,25.251160683324283,35.61158658658669
7758-XKCBS,29.7,30.10200000000001,30.667744638240418,36.45405549626458
2027-DNKIV,58.75,58.806999999999974,59.61613842931651,60.37435897435898
4751-ERMAN,75.4,76.5095,75.97136451206674,72.49706430568484
8224-KDLKN,25.0,24.536800000000007,24.826240135824584,25.008661417322834
7929-SKFGK,114.3,114.33537499999998,115.1538469679578,107.70765765765755
8329-IBCTI,19.65,20.015912942045794,20.025420178216404,21.67721739130435
5016-IBERQ,84.25,84.21699999999997,85.02408024043896,81.37802197802198
5405-ZMYXQ,74.6,75.02866666666664,75.45554520861164,78.57691082802548
7841-TZDMQ,46.0,45.34349523809523,44.373157188821274,47.8791208791204
9754-CLVZW,38.85,38.91100000000001,41.05322210628141,45.0207587181904
9503-XJUME,19.65,20.128500000000006,20.00337565966752,21.67721739130435
3298-QEICA,34.6,35.30000000000001,35.68342526263418,40.81052631578945
9420-LOJKX,99.1,99.93599999999995,98.75525633677348,93.79726562499998
3391-JSQEW,50.15,50.24050000000001,49.87397388523968,48.65139607032056
4939-KYYPY,59.45,59.478500000000096,58.39946575502705,60.37435897435898
2061-VVFST,19.5,19.84075,20.024683592858796,21.67721739130435
6480-YAGIY,112.2,109.92399999999996,109.60714800973828,105.92869822485198
0330-IVZHA,69.95,69.87983333333332,70.32704304054172,78.38929236499062
7161-DFHUF,23.85,25.035875000000015,24.826240135824584,25.008661417322834
1260-TTRXI,54.3,55.529845238095284,56.253137475309536,52.648186215235874
8577-QSOCG,20.2,19.751666666666644,20.00985073346448,21.67721739130435
8963-JLGJT,55.9,55.523,54.969717168955285,59.02224000000001
3266-FTKHB,19.15,19.672500000000014,20.015181098124888,21.67721739130435
6122-LJADA,90.15,91.10036666666664,90.405719383572,82.36243042671605
8710-YGLWG,44.9,45.20801087662338,44.373157188821274,47.8791208791204
6463-HHXJR,100.5,99.93549999999988,99.74443819006727,93.67719298245606
9576-SYUHJ,91.15,90.00049999999997,90.55688700011287,91.89326923076929
9289-LBQVU,70.15,70.13600000000002,69.36571555500825,65.6968190854874
2207-QPJED,90.0,89.29200000000006,89.39531793896222,91.92168674698802
6990-YNRIO,108.65,110.17066666666679,109.72511563482261,106.97255192878335
0489-WMEMG,49.45,50.41150000000002,49.3717152025779,49.447091194968515
2189-UXTKY,79.2,79.25499999999997,80.50567877314238,79.27711864406805
7105-MXJLL,60.7,61.08899999999998,60.842489868869514,60.35285923753661
7133-VBDCG,79.85,79.74549999999988,79.91069675736654,78.85248756218903
9933-QRGTX,97.2,99.73249999999993,100.12806787672511,94.47222222222219
6356-ELRKD,95.6,95.60150000000002,94.51526346908393,93.20731707317077
2194-IIQOF,89.3,87.74370000000003,90.405719383572,82.36243042671605
8063-GBATB,85.25,83.59750000000005,84.38086769177633,89.24532374100718
9611-CTWIH,89.45,90.77927738095245,89.7612327766693,92.72885906040271
3571-DPYUH,94.7,95.56600000000002,94.31559175191299,93.1950892857143
8519-QJGJD,75.35,75.26749999999994,75.28582824410329,78.59608433734941
5846-NEQVZ,70.85,70.64600000000002,70.67927424040393,64.35704772475025
6022-KOUQO,29.05,30.375500000000006,30.617809629272283,36.45405549626458
7205-BAIAD,20.6,20.153999999999993,20.01444451276728,21.67721739130435
9574-BOSMD,25.4,24.76150000000002,24.84134071959467,25.008661417322834
4884-TVUQF,101.3,98.4775,99.08271879850865,94.705017301038
6439-GTPCA,87.25,84.34200000000006,85.32885385669864,80.62797619047622
3795-CAWEX,116.55,113.6111357142857,115.1538469679578,107.70765765765755
7821-DPRQE,107.7,109.15033333333332,110.25332107329636,107.31693037974672
4983-CLMLV,102.7,105.24150000000004,104.7673390052631,104.02039007092202
2380-DAMQP,115.15,114.12516666666671,115.1538469679578,107.70765765765755
7534-BFESC,76.1,74.83149999999992,75.45554520861164,78.57691082802548
6695-FRVEC,60.4,59.922499999999985,59.744083060633464,60.37435897435898
0361-HJRDX,64.35,64.48549999999999,64.00231301443932,60.7217097862767
0354-VXMJC,19.6,19.883499999999998,20.015181098124888,21.67721739130435
6559-ILWKJ,49.35,50.143,49.603450451022226,52.94811046511631
9895-VFOXH,24.4,25.006283333333332,25.251160683324283,35.61158658658669
8229-BUJHX,20.5,19.95087916666666,20.01444451276728,21.67721739130435
4476-OSWTN,110.55,109.60383333333333,109.76651155348168,106.97255192878335
2995-UPRYS,99.2,99.60249999999996,99.62176281167801,94.16735294117653
9208-OLGAQ,84.95,85.73050000000005,84.92001934690632,89.54365482233506
4124-MMETB,94.65,95.0245000000001,94.60469836536502,93.32730923694777
8882-TLVRW,39.1,39.34000000000005,40.90390385982693,42.85999999999997
2957-JIRMN,84.45,84.50899999999997,85.22015913036917,91.1195512820512
3646-ITDGM,19.7,20.012041666666672,20.01444451276728,21.67721739130435
2673-ZALNP,19.9,19.940857142857134,20.008706024327928,21.67721739130435
9975-SKRNR,18.9,20.044197210508845,20.025420178216404,21.67721739130435
3724-UCSHY,19.55,19.6009619047619,20.025420178216404,21.67721739130435
0259-GBZSH,85.65,84.8462,85.26344969910629,89.99333333333333
7130-CTCUS,54.55,55.08449999999996,55.31395279998722,58.7039872408293
8150-QUDFX,19.85,19.91617842435342,20.025420178216404,21.67721739130435
8218-FFJDS,86.4,84.21000000000002,84.72056989158214,81.49466727438548
8259-NFJTV,34.65,34.95300000000002,35.57656760938331,40.81052631578945
7909-FIOIY,24.85,25.18724999999998,25.251160683324283,35.61158658658669
3317-VLGQT,78.1,80.48399999999998,79.98106730385747,80.82394636015326
2722-VOJQL,105.65,105.2798333333333,104.71167225132325,104.4390350877193
0584-BJQGZ,78.35,77.88499999999993,80.33851459868781,76.93363192182431
6732-VAILE,85.95,83.78700000000005,85.46109257848701,81.20147198480548
1302-TPUBN,19.35,19.85143333333331,20.01444451276728,21.67721739130435
8380-PEFPE,71.65,70.17072496004813,70.32704304054172,78.38929236499062
7402-PWYJJ,91.15,90.99850000000006,90.03742636468306,91.82010050251256
4250-FDVOU,56.25,55.37149999999996,55.34196799315084,58.7039872408293
9128-CPXKI,95.8,94.99100000000003,95.33107448121068,93.4003263234233
4183-WCSEP,78.45,80.22450000000003,81.12393465726613,80.08785714285717
0404-SWRVG,74.4,76.22351666666661,75.45554520861164,78.57691082802548
6227-HWPWX,69.0,70.2085,70.32704304054172,78.38929236499062
1899-VXWXM,106.1,104.07950000000002,105.04145414005251,101.45223214285713
8450-JOVAH,56.7,55.86450000000001,54.343439525359756,60.66378378378378
4550-VBOFE,102.95,104.97724999999997,105.03793051342207,103.38468368479492
9546-CQJSU,91.4,89.50249999999998,90.2550390952604,92.06719576719577
4789-KWMXN,110.85,110.57949999999997,109.8094355396607,106.18255033557038
0835-DUUIQ,21.05,20.21250000000001,20.01329980363073,21.67721739130435
1855-AGAWH,93.8,96.04849999999996,94.73583373441382,93.4003263234233
9079-YEXQJ,111.1,110.36450000000006,109.8290962777972,106.12919254658371
3577-AMVUX,55.05,54.95449999999996,53.871282965543,52.648186215235874
2316-ESMLS,33.15,34.76050000000001,35.91006775092013,40.81052631578945
9426-SXNHE,18.75,20.178516666666678,20.030013957519206,21.67721739130435
8550-XSXUQ,70.55,68.34750000000004,69.03815689328404,64.53764044943811
0723-DRCLG,74.45,73.28997500000004,75.45554520861164,78.57691082802548
2176-OSJUV,65.15,66.02499999999998,64.18599831989816,61.15104772991844
0107-WESLM,19.85,20.003296211998787,20.025420178216404,21.67721739130435
8626-XHBIE,24.8,24.771791666666683,24.84134071959467,25.008661417322834
0188-GWFLE,20.05,19.91617842435342,20.025420178216404,21.67721739130435
8166-ZZTFS,80.55,80.4035,81.10489449396098,78.58852583586668
5774-QPLTF,20.35,19.902333333333328,20.00337565966752,21.67721739130435
0929-PECLO,89.6,91.84350000000002,89.77102929649651,91.54957264957268
5696-QURRL,45.05,45.20801087662338,44.373157188821274,47.8791208791204
8124-NZVGJ,49.25,52.574999999999974,49.186532771187345,53.22113821138213
4130-MZLCC,50.55,50.07950000000002,49.93083515122865,48.65139607032056
4489-SNOJF,72.25,69.87800000000001,74.56738574214744,70.38644946316178
8984-HPEMB,118.65,114.85299999999988,115.1538469679578,107.70765765765755
4615-PIVVU,66.5,65.0465,65.44529752113472,61.58413621262455
6848-HJTXY,19.45,19.558250000000015,20.00985073346448,21.67721739130435
8757-TFHHJ,49.8,50.14130833333334,49.84819336298042,50.97077961939841
4603-JANFB,69.85,69.80793056061586,70.32704304054172,78.38929236499062
8565-HBFNN,107.2,104.59799999999987,104.62274280643521,96.45887611749713
7422-WNBTY,93.35,94.51150000000001,94.95690032393411,92.88063829787231
4712-UYOOI,20.0,19.836233333333322,20.025420178216404,21.67721739130435
3372-CDXFJ,24.5,25.36650000000002,24.874834672169747,25.008661417322834
5353-WILCI,56.05,55.558499999999974,55.37669628108904,58.7039872408293
0988-AADSA,80.85,79.3355,79.73467653703297,75.15414581844185
8270-RKSAP,70.5,69.6856,70.32704304054172,78.38929236499062
5954-BDFSG,107.5,104.4505000000001,104.53744104126741,104.02039007092202
5792-JALQC,59.85,60.084000000000024,59.44505180215745,61.467292377701796
2202-OUTMO,60.85,59.55600000000007,59.35728878138611,60.98308988764039
9028-LIHRP,100.2,100.64699999999992,99.32711838123123,93.4003263234233
9150-KPBJQ,19.65,19.68792499999999,20.015181098124888,21.67721739130435
4003-OCTMP,64.0,65.63199999999995,65.95509985707753,62.489167616875854
8775-LHDJH,90.6,90.00175000000004,89.8532890960895,92.13153846153844
6770-UAYGJ,25.25,25.13850000000001,24.84134071959467,25.008661417322834
7596-IIWYC,20.25,19.76399999999998,20.01977487742769,21.67721739130435
0887-WBJVH,93.45,94.95499999999998,94.97492650536964,93.43116883116892
8840-DQLGN,100.5,99.01999999999992,99.97383294109945,93.67719298245606
8413-VONUO,95.65,95.16149999999995,94.07519332355074,93.20731707317077
9281-PKKZE,43.95,44.95200000000002,45.339504148258584,50.906845238095215
5186-PEIZU,19.25,20.307800000000007,20.03353958510705,21.67721739130435
6339-YPSAH,73.8,74.64899999999993,75.28582824410329,78.59608433734941
2324-EFHVG,104.4,104.51399999999995,105.03879635215813,103.38468368479492
1918-ZBFQJ,79.25,79.2815,80.2339027580823,79.64276729559751
6968-GMKPR,81.55,79.89450000000004,80.08493298363706,79.66412429378536
3062-ICYZQ,93.8,94.26450000000003,94.78134264646599,93.32730923694777
2233-FAGXV,24.3,25.397166666666678,24.907395385657825,25.008661417322834
6017-PPLPX,70.45,70.1366666666667,70.32704304054172,78.38929236499062
1982-FEBTD,25.6,24.834916666666675,24.89715630556631,25.008661417322834
9705-IOVQQ,99.0,100.04649999999994,100.12274792088755,94.1966367713005
6288-CHQJB,69.95,69.07550000000005,70.6397409443161,64.31375065479295
3315-TOTBP,76.0,74.32999999999991,75.45554520861164,78.57691082802548
6096-EGVTU,24.9,24.871999999999993,24.819019086198107,25.008661417322834
2937-FTHUR,64.8,65.91100000000002,65.13123528803071,64.5429885057471
4062-HBMOS,103.05,104.0645000000001,105.08598313434412,101.45223214285713
2387-KDZQY,20.1,20.26633333333334,20.008706024327928,21.67721739130435
4609-KNNWG,19.9,19.991,20.015181098124888,21.67721739130435
0409-WTMPL,110.65,109.02199999999995,110.07559927826578,106.16654411764705
3766-EJLFL,109.05,109.69400000000002,109.73272658427399,106.97255192878335
4232-JGKIY,19.2,20.164983730158724,20.025420178216404,21.67721739130435
0334-ZFJSR,66.05,64.84049999999992,64.24898775380494,61.15104772991844
6582-OIVSP,45.3,44.85613333333334,44.373157188821274,47.8791208791204
8661-BOYNW,84.4,85.31799999999996,85.39861029389434,81.57309358752207
4257-GAESD,45.0,45.02699999999996,45.28606883592598,50.906845238095215
8785-CJSHH,99.8,100.59750000000005,100.16727691517916,94.1966367713005
5469-CTCWN,106.0,104.80749999999996,105.17018104885865,104.55187074829928
2839-RFSQE,20.65,19.847645639233953,20.025420178216404,21.67721739130435
4890-VMUAV,71.5,68.63550000000002,69.68322494502226,63.46776827371667
3365-SAIGS,83.55,84.60312500000002,84.49941037146729,88.88050314465414
0946-CLJTI,98.7,100.38975000000002,100.0750378790725,94.29385964912278
3920-HIHMQ,49.5,49.71899999999999,48.961723510485506,51.818356328734176
5307-UVGNB,48.7,46.176500000000054,49.69964350280855,50.931157270029715
8780-RSYYU,19.2,19.926499999999997,20.025420178216404,21.67721739130435
0742-NXBGR,82.3,79.25299999999999,80.30656508317624,79.64276729559751
8067-NIOYM,21.1,19.976000000000003,20.015181098124888,21.67721739130435
5916-QEWPT,69.0,69.69750000000005,72.12869617448742,65.64758169934628
1029-QFBEN,19.55,20.044197210508845,20.025420178216404,21.67721739130435
9251-WNSOD,75.1,73.47700000000005,74.63680136130716,69.0284750337383
6576-FBXOJ,54.6,55.29250000000002,54.313564321926435,58.66580645161287
2501-XWWTZ,70.2,69.81459166666664,70.32704304054172,78.38929236499062
6080-LNESI,24.75,24.869666666666653,24.84134071959467,25.008661417322834
7245-NIIWQ,69.85,70.17155952380945,70.32704304054172,78.38929236499062
6567-HOOPW,79.2,79.87156428571429,79.69128233025951,81.183203125
4550-EVXNY,69.65,70.749298580367,70.32704304054172,78.38929236499062
6437-UDQJM,84.1,83.76749999999988,85.64157377003802,80.32310810810874
0297-RBCSG,65.35,64.88850000000004,64.65390301048346,61.223955916473244
2097-YVPKN,25.75,25.244999999999976,24.84134071959467,25.008661417322834
0853-NWIFK,100.3,99.95149999999998,99.40610171032155,94.0941441441441
4853-OITSN,89.15,89.11150000000006,88.53293571397414,92.03473282442746
6128-DAFVY,44.85,45.070499999999996,45.339504148258584,50.906845238095215
1197-BVMVG,74.45,74.90049166666661,75.45554520861164,78.57691082802548
7508-DQAKK,86.4,90.13400000000003,90.44616105504268,81.79430555555656
9938-PRCVK,19.7,19.55349999999998,20.01444451276728,21.67721739130435
0289-IVARM,60.55,60.988999999999976,60.73520964471502,60.37435897435898
8260-NGFNY,25.2,25.006283333333332,25.251160683324283,35.61158658658669
7074-IEVOJ,79.4,80.017,80.43896771046862,79.77295081967215
6614-YWYSC,25.0,25.175499999999996,24.84134071959467,25.008661417322834
8473-VUVJN,73.65,75.28725786435784,75.45554520861164,78.57691082802548
6693-DJWTY,55.6,55.49399999999995,55.34646712042043,58.7039872408293
3655-SNQYZ,113.25,114.41099999999994,115.1538469679578,107.70765765765755
2845-KDHVX,68.3,68.75250000000001,69.43551655977947,62.08201754385977
5027-YOCXN,110.05,108.47600000000003,110.26708696358475,107.24061302681979
8884-MRNSU,19.9,20.044166666666655,20.01329980363073,21.67721739130435
0567-XRHCU,43.95,45.225500000000004,45.102511335970966,48.65139607032056
5868-CZJDR,31.35,30.12399999999999,30.265697735200046,36.23613911290319
4223-BKEOR,64.85,64.79250000000005,65.98797186623503,62.752478952291696
6035-RIIOM,97.2,99.42449999999991,100.12009013299317,94.16735294117653
3797-VTIDR,23.45,24.688839285714288,25.251160683324283,35.61158658658669
2568-BRGYX,70.2,69.94584999999994,70.32704304054172,78.38929236499062
2775-SEFEE,61.9,64.97749999999992,64.9933490437219,61.15104772991844
4291-SHSBH,69.55,69.36225000000005,70.32704304054172,78.38929236499062
4635-EJYPD,18.95,20.264999999999983,20.018706725712732,21.67721739130435
2607-DHDAK,19.8,19.78761111111113,20.03659725318606,21.67721739130435
5204-QZXPU,39.65,40.036000000000044,40.21750731096305,45.76076555023924
0221-NAUXK,19.95,19.945875000000004,20.01329980363073,21.67721739130435
3398-ZOUAA,69.1,70.34433333333335,70.32704304054172,78.38929236499062
1768-HNVGJ,70.05,71.40449999999994,70.29392582246338,66.91266397578211
5917-RYRMG,19.8,20.28199999999997,20.012231651915773,21.67721739130435
3858-XHYJO,105.75,104.85900000000004,104.82881171308388,103.38468368479492
4837-PZTIC,41.9,40.44850000000002,40.821303033505146,42.85999999999997
2773-MADBQ,53.1,49.93,54.531594629163415,58.244085281980645
1090-PYKCI,105.1,104.92000000000007,104.94543433699029,94.9802955665025
9479-HYNYL,80.7,79.15150000000006,80.46282532317646,76.93363192182431
4565-NLZBV,24.65,24.75913333333334,24.826240135824584,25.008661417322834
8318-LCNBW,53.15,55.120499999999986,54.316642969435556,54.59448051948051
9261-WDCAF,54.65,55.72275000000004,56.253137475309536,52.648186215235874
4909-JOUPP,109.7,110.43916666666667,109.72271911504093,106.24953161592497
1951-IEYXM,90.6,91.11040833333331,90.405719383572,82.36243042671605
4227-OJHAL,73.0,75.66250000000005,76.10940840101306,70.290540057225
1708-PBBOA,54.75,48.832999999999984,54.84585861919092,58.244085281980645
8746-BFOAJ,20.5,20.192299999999992,20.01329980363073,21.67721739130435
4145-UQXUQ,92.1,94.86550000000003,94.78036272870543,93.4003263234233
9518-XXBXE,75.3,74.91900000000004,75.10695020694654,78.54288537549407
9558-IHEZX,106.75,110.1634999999999,109.93526683960232,106.39832317073169
1707-HABPF,91.3,91.37299999999986,89.48441037275623,92.13153846153844
9643-AVVWI,80.0,79.84650000000005,81.141857429134,79.77295081967215
3398-FSHON,91.3,89.48116666666667,89.8532890960895,92.13153846153844
9139-TWBAS,47.85,45.262000000000015,49.43877719512046,50.92854077253222
0929-HYQEW,50.15,50.74359999999998,49.75743585448032,50.97077961939841
0487-CRLZF,74.45,75.31199999999998,76.09958581994184,71.13094289508632
0454-OKRCT,80.6,80.26449999999996,80.94095996557884,80.16909722222218
2347-WKKAE,94.4,93.69149999999992,93.9909469693643,93.49874999999996
6663-JOCQO,75.25,73.33249999999997,74.54658551219015,70.75216294160074
1297-VQDRP,107.15,105.005,104.50315112706733,104.02039007092202
4868-AADLV,116.25,115.62799999999997,115.30179035607264,107.70765765765755
0788-DXBFY,19.55,20.202729166666657,20.00337565966752,21.67721739130435
5845-BZZIB,20.1,19.76649999999998,20.018706725712732,21.67721739130435
7310-EGVHZ,20.2,20.197574999999993,20.030013957519206,21.67721739130435
4826-TZEVA,74.8,74.58949999999997,75.49990811379793,78.59608433734941
4080-IIARD,76.2,70.344,74.47639762620778,70.38644946316178
7672-VFMXZ,55.7,54.69299999999998,54.9145539126163,59.16910466582591
9940-RHLFB,75.3,75.17300000000009,75.3304753760336,78.59608433734941
9117-SHLZX,45.7,45.20801087662338,44.373157188821274,47.8791208791204
7253-UVNDW,54.35,54.904999999999944,53.832134035246995,52.648186215235874
9898-KZQDZ,94.55,95.34449999999998,95.26805247698131,93.32730923694777
8559-CIZFV,77.5,72.8585,74.54117785471757,70.38644946316178
2506-CLAKW,98.15,97.84450000000001,99.16912363750703,93.55100671140934
8591-TKMZH,111.1,108.14700000000008,110.16479518318349,107.24061302681979
4925-LMHOK,58.6,59.39650000000006,58.564772955578206,60.37484157160962
4971-PUYQO,94.55,94.85350000000008,94.60469836536502,93.32730923694777
0186-CAERR,116.3,117.08150000000006,115.2537377351506,107.70765765765755
6233-HXJMX,89.3,90.02949999999996,89.77102929649651,91.54957264957268
9367-OIUXP,20.7,19.284388690476202,20.025420178216404,21.67721739130435
4588-YBNIB,19.6,19.850826826645577,20.025420178216404,21.67721739130435
6467-CHFZW,99.35,99.33400000000007,100.16727691517916,94.16735294117653
8148-BPLZQ,49.8,50.01650000000001,49.882829877487936,48.65139607032056
0557-ASKVU,54.4,54.95149999999993,53.820318751373726,52.648186215235874
3354-OADJP,54.25,55.00799999999995,54.801875422546345,59.16910466582591
2259-OUUSZ,35.5,35.02599999999998,35.363010825444206,38.07401531728671
4919-IKATY,84.5,84.2665000000001,85.04162333406462,81.5152284263959
4328-VUFWD,59.3,62.68000000000002,61.06241861275326,60.58848870056513
8681-ICONS,20.65,19.69400000000001,20.025420178216404,21.67721739130435
2232-DMLXU,55.2,54.685500000000076,55.43416117005626,60.92802768166093
6447-GORXK,25.0,25.365500000000008,25.251160683324283,35.61158658658669
1777-JYQPJ,24.3,24.45112500000002,25.251160683324283,35.61158658658669
6685-GBWJZ,70.8,70.20000000000002,70.06950071555599,64.03011363636384
3955-JBZZM,78.8,79.98149999999997,79.69128233025951,81.183203125
5197-LQXXH,83.3,84.51050000000001,85.46109257848701,81.20147198480548
5993-JSUWV,61.15,60.78050000000001,60.74590664350119,60.37435897435898
2219-MVUSO,45.15,44.125750000000046,44.373157188821274,47.8791208791204
3158-MOERK,96.0,94.7795416666666,94.60469836536502,93.32730923694777
3594-KADLU,35.1,34.55849999999999,35.57656760938331,40.81052631578945
0932-YIXYU,20.25,19.871133333333354,20.00985073346448,21.67721739130435
8348-HFYIV,49.25,49.77349999999998,50.2579352580102,51.988888888888845
8687-BAFGU,74.0,75.93399999999994,75.82640619344642,78.81644736842107
7353-YOWFP,20.25,19.940857142857134,20.008706024327928,21.67721739130435
6837-HAEVO,105.0,105.12449999999994,104.99074373123608,103.38468368479492
6734-GMPVK,105.3,106.42300000000004,104.59075799808845,100.3707188160675
7602-DBTOU,19.6,19.78445833333333,20.00985073346448,21.67721739130435
9894-EZEWG,74.3,74.8501666666666,75.5567693797869,78.59132075471697
1670-SVOWZ,89.65,89.2365000000001,89.94650689870079,92.05937499999999
9142-XMYJH,19.35,19.581500000000013,20.025420178216404,21.67721739130435
5893-PYOLZ,81.8,79.14449999999995,80.53225478383827,74.90423387096763
3319-DWOEP,95.75,94.67599999999999,94.78036272870543,93.4003263234233
9514-JDSKI,40.2,39.14100000000002,39.782756175028275,46.777027027027074
7432-FFVAR,90.95,91.55149999999999,89.95104903204762,92.15513698630141
4329-YPDDQ,108.2,109.74699999999997,109.18366142300404,105.92869822485198
2860-RANUS,85.8,83.86200000000007,84.38086769177633,89.24532374100718
8696-JKZNU,76.25,75.29899999999994,75.42896879376299,78.81644736842107
1089-XZWHH,19.7,19.68950000000003,20.015181098124888,21.67721739130435
4831-EOBFE,94.65,94.81650000000012,94.51526346908393,93.20731707317077
4423-YLHDV,104.4,103.90099999999995,104.25250366853322,103.15312500000019
5449-FIBXJ,103.3,104.53700000000015,104.15865792834164,101.45223214285713
8144-DGHXP,80.6,80.31050000000003,80.27107937511592,76.93363192182431
6598-RFFVI,19.3,20.058490476190467,20.008706024327928,21.67721739130435
3096-JRDSO,104.3,104.74750000000007,104.52324297928133,104.0157427937915
5862-BRIXZ,60.75,61.065500000000036,58.76292915585662,59.74226190476191
1057-FOGLZ,19.65,19.744216666666656,20.025420178216404,21.67721739130435
9371-BITHB,19.85,20.19950000000002,20.00985073346448,21.67721739130435
4580-TMHJU,56.15,57.71500000000002,55.425305177808,60.92802768166093
0178-CIIKR,19.95,19.774527534271275,20.025420178216404,21.67721739130435
9348-YVOMK,44.8,45.17380833333333,44.373157188821274,47.8791208791204
8417-FMLZI,83.55,84.63200000000002,84.68861095561267,82.16047120418847
6851-WEFYX,100.8,99.97082499999995,100.22173799554103,94.16735294117653
8181-YHCMF,60.3,60.03950000000003,59.2528007779989,60.099451410658325
7548-SEPYI,96.25,95.0560000000001,94.07519332355074,93.20731707317077
0374-IOEGQ,44.6,44.65514523809523,44.373157188821274,47.8791208791204
0581-BXBUB,72.75,74.87961666666665,75.5567693797869,78.59132075471697
9350-ZXYJC,25.3,25.50199999999999,24.89715630556631,25.008661417322834
8642-GVWRF,79.7,80.93300000000005,80.30656508317624,79.64276729559751
2931-SVLTV,110.1,108.09233333333331,110.26708696358475,107.19246861924672
5183-SNMJQ,95.1,95.41349999999991,94.46111992138819,93.43116883116892
7278-CKDNC,80.5,80.43999999999997,80.41095251730499,79.77295081967215
8024-XNAFQ,107.4,102.82100000000008,104.54238315679925,96.45887611749713
5480-TBGPH,99.3,99.53,99.17802889949702,93.98219895287961
7301-ABVAD,86.6,85.18249999999996,85.46109257848701,81.20147198480548
4678-DVQEO,52.2,50.132450000000034,49.35919176952843,49.447091194968515
9415-DPEWS,88.35,89.84400000000004,90.14195048606754,91.76553030303035
3748-FVMZZ,40.05,42.580999999999996,39.88044574379865,47.44303886925792
5281-BUZGT,90.85,90.12249999999999,90.55688700011287,91.89326923076929
5879-SESNB,75.25,75.0325,75.45554520861164,78.57691082802548
1820-TQVEV,69.55,69.80793056061586,70.32704304054172,78.38929236499062
9003-CPATH,79.9,80.87850000000006,80.17560944737961,80.08785714285717
1268-ASBGA,85.35,84.56500000000005,84.38086769177633,89.24532374100718
6655-LHBYW,114.35,115.34550000000007,115.31555624636103,107.48392857142855
9227-LUNBG,24.6,25.085766666666665,25.251160683324283,35.61158658658669
9418-RUKPH,19.95,19.751666666666644,20.00985073346448,21.67721739130435
0537-QYZZN,79.85,79.63250000000001,80.15032604280391,79.23625730994152
8734-FNWVH,59.7,63.53100000000004,60.724572608390986,60.79555353901996
4801-KFYKL,19.45,19.94758333333333,20.030013957519206,21.67721739130435
8327-LZKAS,107.55,105.53999999999995,104.52452796680709,102.3026462395545
4188-PCPIG,70.35,69.20999999999998,69.98129087218975,64.03011363636384
1843-TLSGD,20.85,19.580333333333307,20.015181098124888,21.67721739130435
6906-MPARY,89.6,91.81200000000001,90.44032340210516,92.14837662337659
6082-OQFBA,19.65,19.933000000000003,20.008706024327928,21.67721739130435
3544-FBCAS,83.6,83.31087499999991,85.64157377003802,80.32310810810874
8034-RYTVV,84.25,84.62800000000003,84.92800085215036,82.45220994475139
7130-YXBRO,111.45,109.71499999999995,110.08583835835731,106.16256983240241
1157-BQCUW,74.95,75.12041309523815,75.45554520861164,78.57691082802548
9445-SZLCH,97.35,93.59949999999994,94.73496720977822,92.88063829787231
1399-UBQIU,69.35,69.62250000000007,72.06520852726865,65.64758169934628
4912-PIGUY,84.6,85.00749999999995,85.26344969910629,89.99333333333333
1323-OOEPC,98.4,100.7445,100.16727691517916,94.16735294117653
3181-VTHOE,51.05,50.582499999999975,49.46414909142237,51.28509316770191
8272-ONJLV,95.7,96.00799999999994,94.73583373441382,93.4003263234233
3647-GMGDH,94.7,95.97999999999996,94.78036272870543,93.4003263234233
1303-SRDOK,69.05,69.89649999999999,70.30794796820194,78.4979746835443
7361-YPXFS,64.45,62.597499999999975,63.51153310347719,60.772916666666795
3359-DSRKA,19.85,20.178083333333312,20.00985073346448,21.67721739130435
6746-WAUWT,19.7,20.074375,20.008706024327928,21.67721739130435
4659-NZRUF,95.15,94.40900000000005,94.1202581928264,93.32730923694777
9518-IMLHK,72.45,74.89900000000003,75.67408337585204,64.85857575757574
3374-LXDEV,89.4,89.47900000000001,90.27447969058628,89.37653061224488
5356-RHIPP,20.2,19.915333117241808,20.025420178216404,21.67721739130435
1122-JWTJW,70.65,69.65508333333334,70.32704304054172,78.38929236499062
0650-BWOZN,73.55,74.78699999999992,75.52875418662327,78.59132075471697
5546-QUERU,19.95,19.72966666666668,20.008706024327928,21.67721739130435
8610-ZIKJJ,20.3,20.07415476190477,20.008706024327928,21.67721739130435
8590-YFFQO,64.95,65.17150000000007,65.54013004289337,60.72058823529414
2428-HYUNX,19.35,19.98583333333334,20.00985073346448,21.67721739130435
7219-TLZHO,20.85,20.039642857142827,20.025420178216404,21.67721739130435
2649-HWLYB,76.15,74.09599999999995,75.16112654229268,70.75216294160074
8065-QBYTO,99.65,98.65899999999996,99.91201442988901,93.89921259842521
8259-DZLIZ,53.85,55.72300000000005,53.88029317307461,59.5801320528212
3348-CFRNX,92.35,94.7775000000001,94.4107133902491,93.20731707317077
8245-UMPYT,96.4,95.42549999999989,94.60469836536502,93.32730923694777
1555-DJEQW,114.2,114.03352976190473,115.1538469679578,107.70765765765755
7776-QGYJC,81.5,80.99299999999995,80.18835576461751,79.64276729559751
2828-SLQPF,45.0,45.111708333333354,44.373157188821274,47.8791208791204
3170-GWYKC,104.95,105.30449999999992,104.70598339017548,103.15312500000019
1710-RCXUS,90.35,90.68900000000002,90.29250035217262,91.54957264957268
2673-CXQEU,110.5,109.00750000000008,110.07559927826578,106.16256983240241
3838-OZURD,105.0,103.866,105.08598313434412,103.38468368479492
4859-ZSRDZ,55.5,54.20900000000003,54.37472558711707,58.66580645161287
5795-BKOYE,59.1,60.973999999999975,59.70313359978656,59.86289308176082
2851-MMUTZ,56.15,54.11049999999998,54.92990819686781,52.46577903682713
9752-ZNQUT,48.6,50.084909523809536,49.93083515122865,48.65139607032056
6972-SNKKW,20.0,20.113008333333358,20.025420178216404,21.67721739130435
1329-VHWNP,25.05,24.848083333333342,25.251160683324283,35.61158658658669
3999-QGRJH,69.7,69.8047166666666,70.32704304054172,78.38929236499062
3466-BYAVD,69.5,66.13549999999996,69.48064797006606,62.08201754385977
4568-TTZRT,20.4,20.007466666666648,20.025420178216404,21.67721739130435
4672-FOTSD,67.25,64.24049999999993,64.18431453747569,61.15104772991844
8851-RAGOV,71.05,70.07250000000006,69.78261806899728,64.31375065479295
0256-LTHVJ,81.05,80.1515,79.98106730385747,80.82394636015326
5278-PNYOX,100.65,99.54450000000006,99.60822730368648,94.16735294117653
3132-TVFDZ,44.85,45.10400000000004,45.339504148258584,50.906845238095215
6924-TDGMT,20.55,19.857083333333343,20.008706024327928,21.67721739130435
2824-MYYBN,95.25,95.58549999999994,95.26805247698131,93.32730923694777
4289-DTDKW,101.3,100.93749999999996,100.16727691517916,94.16735294117653
0017-DINOC,45.2,44.54400000000003,44.76645270551005,48.88239868049015
4536-PLEQY,85.05,84.78949999999998,84.68861095561267,82.16047120418847
6402-EJMWF,55.3,55.57774999999995,56.253137475309536,52.648186215235874
1442-OKRJE,103.15,104.6289999999999,104.34040129149824,102.7857926221336
1459-QNFQT,59.5,60.38800000000001,58.868882026549336,59.810123042505566
6996-KNSML,74.9,75.53000000000011,75.3304753760336,78.59608433734941
2239-JALAW,103.25,104.1195,105.04145414005251,102.3026462395545
3452-ABWRL,86.05,85.12750000000005,85.23687328425764,89.99333333333333
9231-ZJYAM,78.85,79.7205,79.69128233025951,81.183203125
7153-CHRBV,59.3,59.47899999999998,59.657204203587035,60.37435897435898
6833-JMZYP,94.0,95.99649999999993,94.78036272870543,93.4003263234233
5666-CYCYZ,89.55,89.43637500000008,89.55143262459775,91.54957264957268
4425-OWHWB,19.35,19.841,20.008706024327928,21.67721739130435
1543-LLLFT,98.3,97.90649999999994,99.36229964877211,93.59214876033062
6581-NQCBA,49.95,52.42449999999995,49.28215956312098,53.22113821138213
8152-VETUR,97.7,100.06149999999994,100.07203751207112,94.1966367713005
9796-MVYXX,39.7,40.05550000000001,40.667558769164664,42.85999999999997
2842-JTCCU,46.05,45.12323333333335,44.373157188821274,47.8791208791204
0595-ITUDF,91.8,90.51099999999998,89.50385072853253,91.45888157894733
0219-QAERP,19.8,20.189500000000017,20.008706024327928,21.67721739130435
8226-BXGES,89.45,90.19249999999997,89.493611648441,91.82010050251256
3090-HAWSU,111.6,109.35333333333342,109.74649247456237,106.97255192878335
1136-XGEQU,84.15,84.12800000000004,85.5022433249215,79.90110424028275
6732-FZUGP,94.9,94.01249999999989,95.3601784928674,92.87797619047618
3401-URHDA,59.9,60.46900000000006,59.35728878138611,60.98308988764039
0365-TRTPY,91.2,91.10199999999995,89.50385072853253,91.44955752212392
4654-DLAMQ,97.0,95.81349999999996,94.42859334083235,93.10973684210522
8847-GEOOQ,60.2,58.699499999999986,59.23858583518059,60.099451410658325
3030-ZKIWL,20.05,20.044197210508845,20.025420178216404,21.67721739130435
6727-IOTLZ,81.95,79.3835,80.43733423138659,74.90423387096763
6960-HVYXR,76.0,75.73163333333335,75.45554520861164,78.57691082802548
0378-NHQXU,88.25,89.83550000000001,90.21039196333008,92.06719576719577
0565-JUPYD,104.5,104.82449999999997,104.98587600846096,94.9802955665025
4625-XMOYM,26.25,24.258000000000003,24.826240135824584,25.008661417322834
7663-ZTEGJ,100.55,97.15299999999996,99.60474704335111,93.77392578125004
1402-PTHGN,61.5,58.39299999999996,60.24814175424621,60.36409348441921
7657-DYEPJ,70.15,70.27949999999993,70.80685867049678,63.78005583126558
3523-BRGUW,19.3,19.93049999999999,20.008706024327928,21.67721739130435
0100-DUVFC,104.8,104.96924999999999,104.99340151913046,103.38468368479492
2026-TGDHM,79.3,79.74497500000008,79.98106730385747,80.82394636015326
9746-UGFAC,20.85,20.144333333333332,20.01329980363073,21.67721739130435
1042-HFUCW,54.75,54.309499999999986,54.892496620949146,52.46577903682713
1153-GNOLC,39.1,40.295499999999976,39.76487923246591,46.777027027027074
0576-WNXXC,95.55,95.03749999999991,94.28695987804628,92.88063829787231
6906-ANDWJ,74.9,74.26950000000004,75.45554520861164,78.57691082802548
1022-RKXDR,24.85,24.7255,24.819019086198107,25.008661417322834
7123-WQUHX,95.0,94.29899999999996,94.7122556376675,92.76011235955048
5857-TYBCJ,89.2,90.2415,90.06369184686154,92.06719576719577
7729-XBTWX,19.75,20.41449999999998,20.00985073346448,21.67721739130435
3978-YNKDD,20.85,19.952499999999997,20.015181098124888,21.67721739130435
9170-CCKOU,90.2,90.60699999999991,89.62722421093235,91.44955752212392
1475-VWVDO,74.9,74.53149999999991,75.28582824410329,78.59608433734941
7108-DGVUU,71.7,66.88000000000002,69.06925390648465,64.53764044943811
2533-QVMSK,94.1,93.57650000000001,94.31100866417887,93.32730923694777
7339-POGZN,50.7,49.707999999999984,48.961723510485506,51.818356328734176
6848-YLDFR,75.2,75.5415,75.27538141419777,72.49706430568484
2898-LSJGD,55.95,54.1475,54.28411023343128,54.59448051948051
3507-GASNP,19.95,20.237499999999986,20.00985073346448,21.67721739130435
7799-LGRDP,25.7,25.104500000000012,24.84134071959467,25.008661417322834
5373-SFODM,85.25,84.50050000000009,85.06194222599301,89.24532374100718
7733-UDMTP,55.0,54.33649999999995,54.55259209893195,58.231716417910455
2801-NISEI,54.95,54.53199999999998,54.9145539126163,59.16910466582591
4378-MYPGO,105.25,103.99549999999995,104.24051052430545,102.7857926221336
0129-KPTWJ,94.65,94.34649999999999,95.3413135613022,93.4003263234233
0373-AIVNJ,39.55,39.16949999999998,39.76474683816657,42.59981893429889
8414-OOEEL,79.5,78.80350000000001,80.51087794409851,74.90423387096763
8541-QVFKM,73.5,75.16104999999999,75.45554520861164,78.57691082802548
2931-XIQBR,103.05,98.96750000000011,99.57393738948639,94.16735294117653
5652-MSDEY,75.75,74.67900000000003,75.45554520861164,78.57691082802548
2586-CWXVV,30.4,29.926499999999983,30.31913304753265,36.23613911290319
8058-INTPH,79.65,80.04301785714286,79.69128233025951,81.183203125
2798-NYLMZ,108.55,110.6903333333332,109.73272658427399,106.97255192878335
0880-TKATG,101.15,100.39360000000005,99.53180746907609,94.16735294117653
9342-VNIMQ,54.65,55.211999999999996,53.95452024393344,59.5801320528212
7779-LGOVN,86.65,84.64150000000006,84.38086769177633,89.24532374100718
2192-CKRLV,49.2,47.374500000000026,49.7353189775637,51.09617414248038
6982-UQZLY,20.85,20.420390064102577,20.025420178216404,21.67721739130435
8441-SHIPE,25.6,25.306500000000014,24.84134071959467,25.008661417322834
8212-CRQXP,80.0,79.75699999999996,79.69128233025951,81.183203125
3009-JWMPU,96.75,100.16449999999993,100.03050888478089,94.29385964912278
0623-IIHUG,41.9,39.17850000000004,39.601810063809715,46.07864435621095
2632-IVXVF,111.75,109.05316666666667,109.73272658427399,106.97255192878335
0655-RBDUG,98.05,100.59950000000005,99.53180746907609,94.16735294117653
1867-TJHTS,79.8,80.23500000000001,80.14147005055565,79.35000000000001
0027-KWYKW,83.75,85.35900000000007,85.26344969910629,89.99333333333333
1131-QQZEB,23.95,24.90337499999998,24.826240135824584,25.008661417322834
5651-CRHKQ,86.2,85.77900000000004,85.38425000287376,80.64339080459766
1371-DWPAZ,56.05,53.27750000000001,55.76679244337215,55.591871921182246
1194-BHJYC,62.15,61.06600000000003,58.5328373277491,59.74226190476191
0572-ZJKLT,99.65,98.08799999999998,99.08031778530018,94.705017301038
2928-HLDBA,20.7,20.113008333333358,20.025420178216404,21.67721739130435
2645-QTLMB,94.25,94.95650000000005,94.07519332355074,93.20731707317077
0491-KAPQG,73.7,74.78649999999989,75.45554520861164,78.57691082802548
3793-MMFUH,95.05,95.11225000000002,94.60469836536502,93.32730923694777
0578-SKVMF,83.3,84.47300000000001,84.66059576244905,82.16047120418847
1025-FALIX,69.05,70.2525,70.32704304054172,78.38929236499062
7880-XSOJX,42.4,39.37500000000002,40.60704347467464,45.0207587181904
5799-JRCZO,19.5,19.988949999999996,20.00985073346448,21.67721739130435
0495-ZBNGW,79.9,80.40050000000008,80.32230956384815,79.98024390243903
9970-QBCDA,19.7,20.019633333333335,20.025420178216404,21.67721739130435
7271-AJDTL,94.45,96.23550000000009,94.71724678717783,92.88063829787231
7833-PKIHD,76.4,74.73150000000001,75.58313744251073,73.00901116427431
5791-KAJFD,68.75,69.21899999999997,70.09044594083798,65.25899869109952
8499-BRXTD,20.1,19.67900000000002,20.008706024327928,21.67721739130435
0853-TWRVK,105.6,103.19049999999999,104.54238315679925,96.45887611749713
4456-RHSNB,49.6,50.4155,49.178212379673006,48.88239868049015
9809-IMGCQ,96.7,94.81900000000005,94.60469836536502,93.32730923694777
2073-QBVBI,35.45,35.589,35.75530918310037,39.64656675749313
1257-SXUXQ,19.45,19.722699999999982,20.025420178216404,21.67721739130435
6169-PGNCD,74.3,76.01750000000003,75.62115784291609,64.85857575757574
2692-BUCFV,101.45,100.18500000000007,99.17802889949702,93.98219895287961
1644-IRKSF,93.8,95.79099999999998,95.42576426087874,93.4003263234233
1304-SEGFY,97.85,101.06649999999996,100.06479879898097,94.29385964912278
9777-WJJPR,88.65,90.29549999999999,90.21039196333008,92.06719576719577
5732-IKGQH,104.45,104.54399999999998,104.70598339017548,101.45223214285713
1757-TCATG,20.05,20.194599999999994,20.016825431218574,21.67721739130435
8314-HTWVE,19.85,20.06394166666666,20.015181098124888,21.67721739130435
2087-QAREY,54.7,55.74200000000006,54.937584925863625,51.818356328734176
4229-CZMLL,74.9,75.61402500000005,75.45554520861164,78.57691082802548
4940-KHCWD,37.7,40.195,41.107176172148584,45.0207587181904
1834-WULEG,20.25,19.93925,20.008706024327928,21.67721739130435
6360-SVNWV,73.55,74.78049999999993,75.10695020694654,78.57691082802548
5226-NOZFC,85.75,85.60800000000009,84.49941037146729,88.88050314465414
1062-LHZOD,69.9,69.65508333333334,70.32704304054172,78.38929236499062
1106-HRLKZ,19.6,19.762649999999987,20.00985073346448,21.67721739130435
7094-MSZAO,20.05,20.106500000000008,20.025420178216404,21.67721739130435
0613-WUXUM,19.2,20.030208333333338,20.00985073346448,21.67721739130435
8806-EAGWC,55.15,53.790000000000006,55.43416117005626,60.92802768166093
6769-DYBQN,85.0,87.10850000000003,85.24199349225519,89.54365482233506
2408-TZMJL,110.15,109.03200000000007,110.07559927826578,106.16654411764705
1996-DBMUS,70.65,71.14700000000002,70.31818704829347,78.4979746835443
6323-AYBRX,19.35,20.38383333333331,20.00985073346448,21.67721739130435
1432-FPAXX,30.6,30.665500000000012,30.265697735200046,36.23613911290319
4160-AMJTL,19.65,19.785583333333335,20.025420178216404,21.67721739130435
3352-RICWQ,19.75,20.082749999999972,20.015181098124888,21.67721739130435
2680-XKKNJ,58.2,59.81349999999994,60.28676870184425,60.36409348441921
8182-BJDSI,89.95,89.38199999999992,89.69366531542504,91.21770186335408
1389-WNUIB,76.0,75.32099999999998,75.82665653791194,77.38192488262949
4612-THJBS,104.75,105.98749999999994,105.04145414005251,101.45223214285713
1530-ZTDOZ,40.65,41.47550000000002,39.687778112146596,46.07864435621095
5842-POCOP,88.9,90.56450000000004,89.34910341226986,92.03473282442746
9492-TOKRI,90.0,89.92768333333335,89.82527390292587,92.13153846153844
0795-LAFGP,90.4,89.98735000000012,90.405719383572,82.36243042671605
0611-DFXKO,89.0,90.04250000000003,89.7612327766693,92.72885906040271
8035-BUYVG,42.35,39.41099999999995,40.21442577313781,42.59981893429889
6620-JDYNW,60.6,59.07550000000003,59.41859478620802,61.467292377701796
8590-OHDIW,20.3,19.813249999999996,20.00337565966752,21.67721739130435
5897-ZYEKH,105.6,104.48350000000002,105.17779199831003,104.55187074829928
5084-OOVCJ,55.35,55.72599999999993,54.88202117661202,59.16910466582591
1740-CSDJP,35.25,35.613999999999976,35.36833828403116,42.74971751412429
2696-RZVZW,25.05,25.301499999999987,24.84134071959467,25.008661417322834
9450-TRJUU,83.15,85.28049999999999,85.26344969910629,89.99333333333333
4581-SSPWD,75.8,75.01024404761904,75.45554520861164,78.57691082802548
4813-HQMGZ,90.25,88.8135,89.541340203302,91.54957264957268
4903-CNOZC,70.9,67.64550000000001,69.06925390648465,64.53764044943811
0822-GAVAP,34.7,35.18749999999998,35.36833828403116,42.74971751412429
3055-OYMSE,73.8,74.27649999999997,75.49990811379793,78.59608433734941
